-7,-36,9ij+puKJyAtylw7BjaXi/scj+ec=,4YOklB/arCuKR7YBIlBgct8pAZc=
-8,-36,9ij+puKJyAtylw7BjaXi/scj+ec=,4YOklB/arCuKR7YBIlBgct8pAZc=
-4,-36,9ij+puKJyAtylw7BjaXi/scj+ec=,4YOklB/arCuKR7YBIlBgct8pAZc=
-5,-36,9ij+puKJyAtylw7BjaXi/scj+ec=,4YOklB/arCuKR7YBIlBgct8pAZc=
-4,-40,9ij+puKJyAtylw7BjaXi/scj+ec=,4YOklB/arCuKR7YBIlBgct8pAZc=
-5,-40,9ij+puKJyAtylw7BjaXi/scj+ec=,4YOklB/arCuKR7YBIlBgct8pAZc=
-4,-38,9ij+puKJyAtylw7BjaXi/scj+ec=,4YOklB/arCuKR7YBIlBgct8pAZc=
-5,-38,9ij+puKJyAtylw7BjaXi/scj+ec=,4YOklB/arCuKR7YBIlBgct8pAZc=
-4,-37,9ij+puKJyAtylw7BjaXi/scj+ec=,4YOklB/arCuKR7YBIlBgct8pAZc=
-5,-37,9ij+puKJyAtylw7BjaXi/scj+ec=,4YOklB/arCuKR7YBIlBgct8pAZc=
-6,-37,9ij+puKJyAtylw7BjaXi/scj+ec=,4YOklB/arCuKR7YBIlBgct8pAZc=
-7,-37,9ij+puKJyAtylw7BjaXi/scj+ec=,4YOklB/arCuKR7YBIlBgct8pAZc=
-8,-37,9ij+puKJyAtylw7BjaXi/scj+ec=,4YOklB/arCuKR7YBIlBgct8pAZc=
-4,-39,9ij+puKJyAtylw7BjaXi/scj+ec=,4YOklB/arCuKR7YBIlBgct8pAZc=
-5,-39,9ij+puKJyAtylw7BjaXi/scj+ec=,4YOklB/arCuKR7YBIlBgct8pAZc=
-6,-36,9ij+puKJyAtylw7BjaXi/scj+ec=,4YOklB/arCuKR7YBIlBgct8pAZc=
-3,-37,9ij+puKJyAtylw7BjaXi/scj+ec=,4YOklB/arCuKR7YBIlBgct8pAZc=
-3,-36,9ij+puKJyAtylw7BjaXi/scj+ec=,4YOklB/arCuKR7YBIlBgct8pAZc=
-2,-37,9ij+puKJyAtylw7BjaXi/scj+ec=,4YOklB/arCuKR7YBIlBgct8pAZc=
-1,-37,9ij+puKJyAtylw7BjaXi/scj+ec=,4YOklB/arCuKR7YBIlBgct8pAZc=
-2,-36,9ij+puKJyAtylw7BjaXi/scj+ec=,4YOklB/arCuKR7YBIlBgct8pAZc=
-1,-36,9ij+puKJyAtylw7BjaXi/scj+ec=,4YOklB/arCuKR7YBIlBgct8pAZc=
-3,-39,9ij+puKJyAtylw7BjaXi/scj+ec=,4YOklB/arCuKR7YBIlBgct8pAZc=
-7,-39,9ij+puKJyAtylw7BjaXi/scj+ec=,4YOklB/arCuKR7YBIlBgct8pAZc=
-6,-39,9ij+puKJyAtylw7BjaXi/scj+ec=,4YOklB/arCuKR7YBIlBgct8pAZc=
-8,-40,9ij+puKJyAtylw7BjaXi/scj+ec=,4YOklB/arCuKR7YBIlBgct8pAZc=
-8,-38,9ij+puKJyAtylw7BjaXi/scj+ec=,4YOklB/arCuKR7YBIlBgct8pAZc=
-7,-40,9ij+puKJyAtylw7BjaXi/scj+ec=,4YOklB/arCuKR7YBIlBgct8pAZc=
-6,-40,9ij+puKJyAtylw7BjaXi/scj+ec=,4YOklB/arCuKR7YBIlBgct8pAZc=
-7,-38,9ij+puKJyAtylw7BjaXi/scj+ec=,4YOklB/arCuKR7YBIlBgct8pAZc=
-6,-38,9ij+puKJyAtylw7BjaXi/scj+ec=,4YOklB/arCuKR7YBIlBgct8pAZc=
-8,-39,9ij+puKJyAtylw7BjaXi/scj+ec=,4YOklB/arCuKR7YBIlBgct8pAZc=
-1,-38,9ij+puKJyAtylw7BjaXi/scj+ec=,4YOklB/arCuKR7YBIlBgct8pAZc=
-2,-38,9ij+puKJyAtylw7BjaXi/scj+ec=,4YOklB/arCuKR7YBIlBgct8pAZc=
-1,-40,9ij+puKJyAtylw7BjaXi/scj+ec=,4YOklB/arCuKR7YBIlBgct8pAZc=
-2,-40,9ij+puKJyAtylw7BjaXi/scj+ec=,4YOklB/arCuKR7YBIlBgct8pAZc=
-3,-40,9ij+puKJyAtylw7BjaXi/scj+ec=,4YOklB/arCuKR7YBIlBgct8pAZc=
-3,-38,9ij+puKJyAtylw7BjaXi/scj+ec=,4YOklB/arCuKR7YBIlBgct8pAZc=
-1,-39,9ij+puKJyAtylw7BjaXi/scj+ec=,4YOklB/arCuKR7YBIlBgct8pAZc=
-2,-39,9ij+puKJyAtylw7BjaXi/scj+ec=,4YOklB/arCuKR7YBIlBgct8pAZc=
-1,-35,9ij+puKJyAtylw7BjaXi/scj+ec=,4YOklB/arCuKR7YBIlBgct8pAZc=
-4,-35,9ij+puKJyAtylw7BjaXi/scj+ec=,4YOklB/arCuKR7YBIlBgct8pAZc=
-7,-35,9ij+puKJyAtylw7BjaXi/scj+ec=,4YOklB/arCuKR7YBIlBgct8pAZc=
-8,-34,9ij+puKJyAtylw7BjaXi/scj+ec=,4YOklB/arCuKR7YBIlBgct8pAZc=
-2,-35,9ij+puKJyAtylw7BjaXi/scj+ec=,4YOklB/arCuKR7YBIlBgct8pAZc=
-8,-35,9ij+puKJyAtylw7BjaXi/scj+ec=,4YOklB/arCuKR7YBIlBgct8pAZc=
-7,-34,9ij+puKJyAtylw7BjaXi/scj+ec=,4YOklB/arCuKR7YBIlBgct8pAZc=
-6,-33,9ij+puKJyAtylw7BjaXi/scj+ec=,4YOklB/arCuKR7YBIlBgct8pAZc=
-6,-34,9ij+puKJyAtylw7BjaXi/scj+ec=,4YOklB/arCuKR7YBIlBgct8pAZc=
-5,-34,9ij+puKJyAtylw7BjaXi/scj+ec=,4YOklB/arCuKR7YBIlBgct8pAZc=
-5,-35,9ij+puKJyAtylw7BjaXi/scj+ec=,4YOklB/arCuKR7YBIlBgct8pAZc=
-8,-33,9ij+puKJyAtylw7BjaXi/scj+ec=,4YOklB/arCuKR7YBIlBgct8pAZc=
-7,-33,9ij+puKJyAtylw7BjaXi/scj+ec=,4YOklB/arCuKR7YBIlBgct8pAZc=
-2,-34,9ij+puKJyAtylw7BjaXi/scj+ec=,4YOklB/arCuKR7YBIlBgct8pAZc=
-6,-35,9ij+puKJyAtylw7BjaXi/scj+ec=,4YOklB/arCuKR7YBIlBgct8pAZc=
-3,-34,9ij+puKJyAtylw7BjaXi/scj+ec=,4YOklB/arCuKR7YBIlBgct8pAZc=
-3,-35,9ij+puKJyAtylw7BjaXi/scj+ec=,4YOklB/arCuKR7YBIlBgct8pAZc=
-1,-34,9ij+puKJyAtylw7BjaXi/scj+ec=,4YOklB/arCuKR7YBIlBgct8pAZc=
-4,-34,9ij+puKJyAtylw7BjaXi/scj+ec=,4YOklB/arCuKR7YBIlBgct8pAZc=
-4,-33,9ij+puKJyAtylw7BjaXi/scj+ec=,4YOklB/arCuKR7YBIlBgct8pAZc=
-5,-33,9ij+puKJyAtylw7BjaXi/scj+ec=,4YOklB/arCuKR7YBIlBgct8pAZc=
-2,-33,9ij+puKJyAtylw7BjaXi/scj+ec=,4YOklB/arCuKR7YBIlBgct8pAZc=
-1,-33,9ij+puKJyAtylw7BjaXi/scj+ec=,4YOklB/arCuKR7YBIlBgct8pAZc=
-3,-33,9ij+puKJyAtylw7BjaXi/scj+ec=,4YOklB/arCuKR7YBIlBgct8pAZc=
