-5,12,jw468FvSFAsq06Qj358yL7tz0GY=,dhYp+DTmJAnP8Mk37OO1bLKt5ho=
-4,11,jw468FvSFAsq06Qj358yL7tz0GY=,dhYp+DTmJAnP8Mk37OO1bLKt5ho=
-5,11,jw468FvSFAsq06Qj358yL7tz0GY=,dhYp+DTmJAnP8Mk37OO1bLKt5ho=
-4,12,jw468FvSFAsq06Qj358yL7tz0GY=,dhYp+DTmJAnP8Mk37OO1bLKt5ho=
-8,12,jw468FvSFAsq06Qj358yL7tz0GY=,dhYp+DTmJAnP8Mk37OO1bLKt5ho=
-7,12,jw468FvSFAsq06Qj358yL7tz0GY=,dhYp+DTmJAnP8Mk37OO1bLKt5ho=
-9,11,jw468FvSFAsq06Qj358yL7tz0GY=,knbQe4qhwN4xKB2ki0nznID5Ids=
-13,12,jw468FvSFAsq06Qj358yL7tz0GY=,knbQe4qhwN4xKB2ki0nznID5Ids=
-6,12,jw468FvSFAsq06Qj358yL7tz0GY=,dhYp+DTmJAnP8Mk37OO1bLKt5ho=
-8,11,jw468FvSFAsq06Qj358yL7tz0GY=,dhYp+DTmJAnP8Mk37OO1bLKt5ho=
-7,11,jw468FvSFAsq06Qj358yL7tz0GY=,dhYp+DTmJAnP8Mk37OO1bLKt5ho=
-6,11,jw468FvSFAsq06Qj358yL7tz0GY=,dhYp+DTmJAnP8Mk37OO1bLKt5ho=
-13,14,jw468FvSFAsq06Qj358yL7tz0GY=,knbQe4qhwN4xKB2ki0nznID5Ids=
-12,12,jw468FvSFAsq06Qj358yL7tz0GY=,knbQe4qhwN4xKB2ki0nznID5Ids=
-11,12,jw468FvSFAsq06Qj358yL7tz0GY=,knbQe4qhwN4xKB2ki0nznID5Ids=
-12,14,jw468FvSFAsq06Qj358yL7tz0GY=,knbQe4qhwN4xKB2ki0nznID5Ids=
-10,12,jw468FvSFAsq06Qj358yL7tz0GY=,knbQe4qhwN4xKB2ki0nznID5Ids=
-9,12,jw468FvSFAsq06Qj358yL7tz0GY=,knbQe4qhwN4xKB2ki0nznID5Ids=
-13,13,jw468FvSFAsq06Qj358yL7tz0GY=,knbQe4qhwN4xKB2ki0nznID5Ids=
-13,11,jw468FvSFAsq06Qj358yL7tz0GY=,knbQe4qhwN4xKB2ki0nznID5Ids=
-12,13,jw468FvSFAsq06Qj358yL7tz0GY=,knbQe4qhwN4xKB2ki0nznID5Ids=
-13,15,jw468FvSFAsq06Qj358yL7tz0GY=,knbQe4qhwN4xKB2ki0nznID5Ids=
-12,15,jw468FvSFAsq06Qj358yL7tz0GY=,knbQe4qhwN4xKB2ki0nznID5Ids=
-12,11,jw468FvSFAsq06Qj358yL7tz0GY=,knbQe4qhwN4xKB2ki0nznID5Ids=
-11,11,jw468FvSFAsq06Qj358yL7tz0GY=,knbQe4qhwN4xKB2ki0nznID5Ids=
-10,11,jw468FvSFAsq06Qj358yL7tz0GY=,knbQe4qhwN4xKB2ki0nznID5Ids=
-16,12,B8bDGeKjUCKu10Q7K4oxFCISNbY=,knbQe4qhwN4xKB2ki0nznID5Ids=
-15,12,B8bDGeKjUCKu10Q7K4oxFCISNbY=,knbQe4qhwN4xKB2ki0nznID5Ids=
-14,12,B8bDGeKjUCKu10Q7K4oxFCISNbY=,knbQe4qhwN4xKB2ki0nznID5Ids=
-14,11,B8bDGeKjUCKu10Q7K4oxFCISNbY=,knbQe4qhwN4xKB2ki0nznID5Ids=
-15,11,B8bDGeKjUCKu10Q7K4oxFCISNbY=,knbQe4qhwN4xKB2ki0nznID5Ids=
-16,11,B8bDGeKjUCKu10Q7K4oxFCISNbY=,knbQe4qhwN4xKB2ki0nznID5Ids=
-3,12,B8bDGeKjUCKu10Q7K4oxFCISNbY=,dhYp+DTmJAnP8Mk37OO1bLKt5ho=
-1,11,B8bDGeKjUCKu10Q7K4oxFCISNbY=,dhYp+DTmJAnP8Mk37OO1bLKt5ho=
-2,11,B8bDGeKjUCKu10Q7K4oxFCISNbY=,dhYp+DTmJAnP8Mk37OO1bLKt5ho=
-3,11,B8bDGeKjUCKu10Q7K4oxFCISNbY=,dhYp+DTmJAnP8Mk37OO1bLKt5ho=
-1,12,B8bDGeKjUCKu10Q7K4oxFCISNbY=,dhYp+DTmJAnP8Mk37OO1bLKt5ho=
-2,12,B8bDGeKjUCKu10Q7K4oxFCISNbY=,dhYp+DTmJAnP8Mk37OO1bLKt5ho=
-4,14,B8bDGeKjUCKu10Q7K4oxFCISNbY=,dhYp+DTmJAnP8Mk37OO1bLKt5ho=
-8,13,B8bDGeKjUCKu10Q7K4oxFCISNbY=,dhYp+DTmJAnP8Mk37OO1bLKt5ho=
-7,13,B8bDGeKjUCKu10Q7K4oxFCISNbY=,dhYp+DTmJAnP8Mk37OO1bLKt5ho=
-6,13,B8bDGeKjUCKu10Q7K4oxFCISNbY=,dhYp+DTmJAnP8Mk37OO1bLKt5ho=
-5,13,B8bDGeKjUCKu10Q7K4oxFCISNbY=,dhYp+DTmJAnP8Mk37OO1bLKt5ho=
-4,13,B8bDGeKjUCKu10Q7K4oxFCISNbY=,dhYp+DTmJAnP8Mk37OO1bLKt5ho=
-8,15,B8bDGeKjUCKu10Q7K4oxFCISNbY=,dhYp+DTmJAnP8Mk37OO1bLKt5ho=
-7,15,B8bDGeKjUCKu10Q7K4oxFCISNbY=,dhYp+DTmJAnP8Mk37OO1bLKt5ho=
-6,15,B8bDGeKjUCKu10Q7K4oxFCISNbY=,dhYp+DTmJAnP8Mk37OO1bLKt5ho=
-5,15,B8bDGeKjUCKu10Q7K4oxFCISNbY=,dhYp+DTmJAnP8Mk37OO1bLKt5ho=
-4,15,B8bDGeKjUCKu10Q7K4oxFCISNbY=,dhYp+DTmJAnP8Mk37OO1bLKt5ho=
-11,14,B8bDGeKjUCKu10Q7K4oxFCISNbY=,knbQe4qhwN4xKB2ki0nznID5Ids=
-8,14,B8bDGeKjUCKu10Q7K4oxFCISNbY=,dhYp+DTmJAnP8Mk37OO1bLKt5ho=
-7,14,B8bDGeKjUCKu10Q7K4oxFCISNbY=,dhYp+DTmJAnP8Mk37OO1bLKt5ho=
-10,14,B8bDGeKjUCKu10Q7K4oxFCISNbY=,knbQe4qhwN4xKB2ki0nznID5Ids=
-9,14,B8bDGeKjUCKu10Q7K4oxFCISNbY=,knbQe4qhwN4xKB2ki0nznID5Ids=
-11,13,B8bDGeKjUCKu10Q7K4oxFCISNbY=,knbQe4qhwN4xKB2ki0nznID5Ids=
-6,14,B8bDGeKjUCKu10Q7K4oxFCISNbY=,dhYp+DTmJAnP8Mk37OO1bLKt5ho=
-5,14,B8bDGeKjUCKu10Q7K4oxFCISNbY=,dhYp+DTmJAnP8Mk37OO1bLKt5ho=
-11,15,B8bDGeKjUCKu10Q7K4oxFCISNbY=,knbQe4qhwN4xKB2ki0nznID5Ids=
-10,13,B8bDGeKjUCKu10Q7K4oxFCISNbY=,knbQe4qhwN4xKB2ki0nznID5Ids=
-9,13,B8bDGeKjUCKu10Q7K4oxFCISNbY=,knbQe4qhwN4xKB2ki0nznID5Ids=
-10,15,B8bDGeKjUCKu10Q7K4oxFCISNbY=,knbQe4qhwN4xKB2ki0nznID5Ids=
-9,15,B8bDGeKjUCKu10Q7K4oxFCISNbY=,knbQe4qhwN4xKB2ki0nznID5Ids=
-16,14,B8bDGeKjUCKu10Q7K4oxFCISNbY=,knbQe4qhwN4xKB2ki0nznID5Ids=
-15,14,B8bDGeKjUCKu10Q7K4oxFCISNbY=,knbQe4qhwN4xKB2ki0nznID5Ids=
-14,14,B8bDGeKjUCKu10Q7K4oxFCISNbY=,knbQe4qhwN4xKB2ki0nznID5Ids=
-14,15,B8bDGeKjUCKu10Q7K4oxFCISNbY=,knbQe4qhwN4xKB2ki0nznID5Ids=
-15,15,B8bDGeKjUCKu10Q7K4oxFCISNbY=,knbQe4qhwN4xKB2ki0nznID5Ids=
-16,15,B8bDGeKjUCKu10Q7K4oxFCISNbY=,knbQe4qhwN4xKB2ki0nznID5Ids=
-14,13,B8bDGeKjUCKu10Q7K4oxFCISNbY=,knbQe4qhwN4xKB2ki0nznID5Ids=
-15,13,B8bDGeKjUCKu10Q7K4oxFCISNbY=,knbQe4qhwN4xKB2ki0nznID5Ids=
-16,13,B8bDGeKjUCKu10Q7K4oxFCISNbY=,knbQe4qhwN4xKB2ki0nznID5Ids=
-3,14,B8bDGeKjUCKu10Q7K4oxFCISNbY=,dhYp+DTmJAnP8Mk37OO1bLKt5ho=
-3,13,B8bDGeKjUCKu10Q7K4oxFCISNbY=,dhYp+DTmJAnP8Mk37OO1bLKt5ho=
-1,13,B8bDGeKjUCKu10Q7K4oxFCISNbY=,dhYp+DTmJAnP8Mk37OO1bLKt5ho=
-2,13,B8bDGeKjUCKu10Q7K4oxFCISNbY=,dhYp+DTmJAnP8Mk37OO1bLKt5ho=
-1,15,B8bDGeKjUCKu10Q7K4oxFCISNbY=,dhYp+DTmJAnP8Mk37OO1bLKt5ho=
-2,15,B8bDGeKjUCKu10Q7K4oxFCISNbY=,dhYp+DTmJAnP8Mk37OO1bLKt5ho=
-1,14,B8bDGeKjUCKu10Q7K4oxFCISNbY=,dhYp+DTmJAnP8Mk37OO1bLKt5ho=
-2,14,B8bDGeKjUCKu10Q7K4oxFCISNbY=,dhYp+DTmJAnP8Mk37OO1bLKt5ho=
-3,15,B8bDGeKjUCKu10Q7K4oxFCISNbY=,dhYp+DTmJAnP8Mk37OO1bLKt5ho=
-16,8,B8bDGeKjUCKu10Q7K4oxFCISNbY=,knbQe4qhwN4xKB2ki0nznID5Ids=
-15,8,B8bDGeKjUCKu10Q7K4oxFCISNbY=,knbQe4qhwN4xKB2ki0nznID5Ids=
-16,10,B8bDGeKjUCKu10Q7K4oxFCISNbY=,knbQe4qhwN4xKB2ki0nznID5Ids=
-15,10,B8bDGeKjUCKu10Q7K4oxFCISNbY=,knbQe4qhwN4xKB2ki0nznID5Ids=
-14,8,B8bDGeKjUCKu10Q7K4oxFCISNbY=,knbQe4qhwN4xKB2ki0nznID5Ids=
-12,1,B8bDGeKjUCKu10Q7K4oxFCISNbY=,z73JxpKJH35mU7jdStgICFZQmSQ=
-14,10,B8bDGeKjUCKu10Q7K4oxFCISNbY=,knbQe4qhwN4xKB2ki0nznID5Ids=
-13,8,B8bDGeKjUCKu10Q7K4oxFCISNbY=,knbQe4qhwN4xKB2ki0nznID5Ids=
-13,10,B8bDGeKjUCKu10Q7K4oxFCISNbY=,knbQe4qhwN4xKB2ki0nznID5Ids=
-12,3,B8bDGeKjUCKu10Q7K4oxFCISNbY=,z73JxpKJH35mU7jdStgICFZQmSQ=
-12,7,B8bDGeKjUCKu10Q7K4oxFCISNbY=,z73JxpKJH35mU7jdStgICFZQmSQ=
-12,5,B8bDGeKjUCKu10Q7K4oxFCISNbY=,z73JxpKJH35mU7jdStgICFZQmSQ=
-13,5,B8bDGeKjUCKu10Q7K4oxFCISNbY=,z73JxpKJH35mU7jdStgICFZQmSQ=
-14,5,B8bDGeKjUCKu10Q7K4oxFCISNbY=,z73JxpKJH35mU7jdStgICFZQmSQ=
-14,1,B8bDGeKjUCKu10Q7K4oxFCISNbY=,z73JxpKJH35mU7jdStgICFZQmSQ=
-14,3,B8bDGeKjUCKu10Q7K4oxFCISNbY=,z73JxpKJH35mU7jdStgICFZQmSQ=
-16,2,B8bDGeKjUCKu10Q7K4oxFCISNbY=,z73JxpKJH35mU7jdStgICFZQmSQ=
-15,5,B8bDGeKjUCKu10Q7K4oxFCISNbY=,z73JxpKJH35mU7jdStgICFZQmSQ=
-16,5,B8bDGeKjUCKu10Q7K4oxFCISNbY=,z73JxpKJH35mU7jdStgICFZQmSQ=
-13,3,B8bDGeKjUCKu10Q7K4oxFCISNbY=,z73JxpKJH35mU7jdStgICFZQmSQ=
-13,1,B8bDGeKjUCKu10Q7K4oxFCISNbY=,z73JxpKJH35mU7jdStgICFZQmSQ=
-12,2,B8bDGeKjUCKu10Q7K4oxFCISNbY=,z73JxpKJH35mU7jdStgICFZQmSQ=
-15,1,B8bDGeKjUCKu10Q7K4oxFCISNbY=,z73JxpKJH35mU7jdStgICFZQmSQ=
-15,3,B8bDGeKjUCKu10Q7K4oxFCISNbY=,z73JxpKJH35mU7jdStgICFZQmSQ=
-12,4,B8bDGeKjUCKu10Q7K4oxFCISNbY=,z73JxpKJH35mU7jdStgICFZQmSQ=
-16,3,B8bDGeKjUCKu10Q7K4oxFCISNbY=,z73JxpKJH35mU7jdStgICFZQmSQ=
-13,7,B8bDGeKjUCKu10Q7K4oxFCISNbY=,z73JxpKJH35mU7jdStgICFZQmSQ=
-16,6,B8bDGeKjUCKu10Q7K4oxFCISNbY=,z73JxpKJH35mU7jdStgICFZQmSQ=
-15,2,B8bDGeKjUCKu10Q7K4oxFCISNbY=,z73JxpKJH35mU7jdStgICFZQmSQ=
-14,6,B8bDGeKjUCKu10Q7K4oxFCISNbY=,z73JxpKJH35mU7jdStgICFZQmSQ=
-15,6,B8bDGeKjUCKu10Q7K4oxFCISNbY=,z73JxpKJH35mU7jdStgICFZQmSQ=
-13,6,B8bDGeKjUCKu10Q7K4oxFCISNbY=,z73JxpKJH35mU7jdStgICFZQmSQ=
-12,8,B8bDGeKjUCKu10Q7K4oxFCISNbY=,knbQe4qhwN4xKB2ki0nznID5Ids=
-12,10,B8bDGeKjUCKu10Q7K4oxFCISNbY=,knbQe4qhwN4xKB2ki0nznID5Ids=
-12,6,B8bDGeKjUCKu10Q7K4oxFCISNbY=,z73JxpKJH35mU7jdStgICFZQmSQ=
-16,9,B8bDGeKjUCKu10Q7K4oxFCISNbY=,knbQe4qhwN4xKB2ki0nznID5Ids=
-15,9,B8bDGeKjUCKu10Q7K4oxFCISNbY=,knbQe4qhwN4xKB2ki0nznID5Ids=
-15,7,B8bDGeKjUCKu10Q7K4oxFCISNbY=,z73JxpKJH35mU7jdStgICFZQmSQ=
-16,1,B8bDGeKjUCKu10Q7K4oxFCISNbY=,z73JxpKJH35mU7jdStgICFZQmSQ=
-14,7,B8bDGeKjUCKu10Q7K4oxFCISNbY=,z73JxpKJH35mU7jdStgICFZQmSQ=
-16,7,B8bDGeKjUCKu10Q7K4oxFCISNbY=,z73JxpKJH35mU7jdStgICFZQmSQ=
-16,4,B8bDGeKjUCKu10Q7K4oxFCISNbY=,z73JxpKJH35mU7jdStgICFZQmSQ=
-14,0,B8bDGeKjUCKu10Q7K4oxFCISNbY=,z73JxpKJH35mU7jdStgICFZQmSQ=
-12,0,B8bDGeKjUCKu10Q7K4oxFCISNbY=,z73JxpKJH35mU7jdStgICFZQmSQ=
-15,0,B8bDGeKjUCKu10Q7K4oxFCISNbY=,z73JxpKJH35mU7jdStgICFZQmSQ=
-15,4,B8bDGeKjUCKu10Q7K4oxFCISNbY=,z73JxpKJH35mU7jdStgICFZQmSQ=
-13,9,B8bDGeKjUCKu10Q7K4oxFCISNbY=,knbQe4qhwN4xKB2ki0nznID5Ids=
-14,9,B8bDGeKjUCKu10Q7K4oxFCISNbY=,knbQe4qhwN4xKB2ki0nznID5Ids=
-14,4,B8bDGeKjUCKu10Q7K4oxFCISNbY=,z73JxpKJH35mU7jdStgICFZQmSQ=
-12,9,B8bDGeKjUCKu10Q7K4oxFCISNbY=,knbQe4qhwN4xKB2ki0nznID5Ids=
-13,4,B8bDGeKjUCKu10Q7K4oxFCISNbY=,z73JxpKJH35mU7jdStgICFZQmSQ=
-13,0,B8bDGeKjUCKu10Q7K4oxFCISNbY=,z73JxpKJH35mU7jdStgICFZQmSQ=
-13,2,B8bDGeKjUCKu10Q7K4oxFCISNbY=,z73JxpKJH35mU7jdStgICFZQmSQ=
-16,0,B8bDGeKjUCKu10Q7K4oxFCISNbY=,z73JxpKJH35mU7jdStgICFZQmSQ=
-14,2,B8bDGeKjUCKu10Q7K4oxFCISNbY=,z73JxpKJH35mU7jdStgICFZQmSQ=
-10,7,B8bDGeKjUCKu10Q7K4oxFCISNbY=,z73JxpKJH35mU7jdStgICFZQmSQ=
-8,2,B8bDGeKjUCKu10Q7K4oxFCISNbY=,l9V+vOeTDb173oqoGmEv1ZJlOQM=
-9,7,B8bDGeKjUCKu10Q7K4oxFCISNbY=,z73JxpKJH35mU7jdStgICFZQmSQ=
-11,10,B8bDGeKjUCKu10Q7K4oxFCISNbY=,knbQe4qhwN4xKB2ki0nznID5Ids=
-11,8,B8bDGeKjUCKu10Q7K4oxFCISNbY=,knbQe4qhwN4xKB2ki0nznID5Ids=
-7,2,B8bDGeKjUCKu10Q7K4oxFCISNbY=,l9V+vOeTDb173oqoGmEv1ZJlOQM=
-10,8,B8bDGeKjUCKu10Q7K4oxFCISNbY=,knbQe4qhwN4xKB2ki0nznID5Ids=
-9,8,B8bDGeKjUCKu10Q7K4oxFCISNbY=,knbQe4qhwN4xKB2ki0nznID5Ids=
-10,10,B8bDGeKjUCKu10Q7K4oxFCISNbY=,knbQe4qhwN4xKB2ki0nznID5Ids=
-9,10,B8bDGeKjUCKu10Q7K4oxFCISNbY=,knbQe4qhwN4xKB2ki0nznID5Ids=
-8,10,B8bDGeKjUCKu10Q7K4oxFCISNbY=,dhYp+DTmJAnP8Mk37OO1bLKt5ho=
-7,10,B8bDGeKjUCKu10Q7K4oxFCISNbY=,dhYp+DTmJAnP8Mk37OO1bLKt5ho=
-11,6,B8bDGeKjUCKu10Q7K4oxFCISNbY=,z73JxpKJH35mU7jdStgICFZQmSQ=
-4,6,B8bDGeKjUCKu10Q7K4oxFCISNbY=,l9V+vOeTDb173oqoGmEv1ZJlOQM=
-3,6,B8bDGeKjUCKu10Q7K4oxFCISNbY=,l9V+vOeTDb173oqoGmEv1ZJlOQM=
-7,5,B8bDGeKjUCKu10Q7K4oxFCISNbY=,l9V+vOeTDb173oqoGmEv1ZJlOQM=
-6,3,B8bDGeKjUCKu10Q7K4oxFCISNbY=,l9V+vOeTDb173oqoGmEv1ZJlOQM=
-8,5,B8bDGeKjUCKu10Q7K4oxFCISNbY=,l9V+vOeTDb173oqoGmEv1ZJlOQM=
-1,2,B8bDGeKjUCKu10Q7K4oxFCISNbY=,l9V+vOeTDb173oqoGmEv1ZJlOQM=
-10,6,B8bDGeKjUCKu10Q7K4oxFCISNbY=,z73JxpKJH35mU7jdStgICFZQmSQ=
-8,3,B8bDGeKjUCKu10Q7K4oxFCISNbY=,l9V+vOeTDb173oqoGmEv1ZJlOQM=
-6,5,B8bDGeKjUCKu10Q7K4oxFCISNbY=,l9V+vOeTDb173oqoGmEv1ZJlOQM=
-6,6,B8bDGeKjUCKu10Q7K4oxFCISNbY=,l9V+vOeTDb173oqoGmEv1ZJlOQM=
-5,6,B8bDGeKjUCKu10Q7K4oxFCISNbY=,l9V+vOeTDb173oqoGmEv1ZJlOQM=
-5,5,B8bDGeKjUCKu10Q7K4oxFCISNbY=,l9V+vOeTDb173oqoGmEv1ZJlOQM=
-9,3,B8bDGeKjUCKu10Q7K4oxFCISNbY=,z73JxpKJH35mU7jdStgICFZQmSQ=
-6,1,B8bDGeKjUCKu10Q7K4oxFCISNbY=,l9V+vOeTDb173oqoGmEv1ZJlOQM=
-9,6,B8bDGeKjUCKu10Q7K4oxFCISNbY=,z73JxpKJH35mU7jdStgICFZQmSQ=
-11,9,B8bDGeKjUCKu10Q7K4oxFCISNbY=,knbQe4qhwN4xKB2ki0nznID5Ids=
-10,9,B8bDGeKjUCKu10Q7K4oxFCISNbY=,knbQe4qhwN4xKB2ki0nznID5Ids=
-9,9,B8bDGeKjUCKu10Q7K4oxFCISNbY=,knbQe4qhwN4xKB2ki0nznID5Ids=
-1,6,B8bDGeKjUCKu10Q7K4oxFCISNbY=,l9V+vOeTDb173oqoGmEv1ZJlOQM=
-5,3,B8bDGeKjUCKu10Q7K4oxFCISNbY=,l9V+vOeTDb173oqoGmEv1ZJlOQM=
-2,6,B8bDGeKjUCKu10Q7K4oxFCISNbY=,l9V+vOeTDb173oqoGmEv1ZJlOQM=
-10,1,B8bDGeKjUCKu10Q7K4oxFCISNbY=,z73JxpKJH35mU7jdStgICFZQmSQ=
-1,4,B8bDGeKjUCKu10Q7K4oxFCISNbY=,l9V+vOeTDb173oqoGmEv1ZJlOQM=
-1,7,B8bDGeKjUCKu10Q7K4oxFCISNbY=,l9V+vOeTDb173oqoGmEv1ZJlOQM=
-2,7,B8bDGeKjUCKu10Q7K4oxFCISNbY=,l9V+vOeTDb173oqoGmEv1ZJlOQM=
-2,4,B8bDGeKjUCKu10Q7K4oxFCISNbY=,l9V+vOeTDb173oqoGmEv1ZJlOQM=
-11,1,B8bDGeKjUCKu10Q7K4oxFCISNbY=,z73JxpKJH35mU7jdStgICFZQmSQ=
-7,1,B8bDGeKjUCKu10Q7K4oxFCISNbY=,l9V+vOeTDb173oqoGmEv1ZJlOQM=
-7,3,B8bDGeKjUCKu10Q7K4oxFCISNbY=,l9V+vOeTDb173oqoGmEv1ZJlOQM=
-11,3,B8bDGeKjUCKu10Q7K4oxFCISNbY=,z73JxpKJH35mU7jdStgICFZQmSQ=
-1,1,B8bDGeKjUCKu10Q7K4oxFCISNbY=,l9V+vOeTDb173oqoGmEv1ZJlOQM=
-7,6,B8bDGeKjUCKu10Q7K4oxFCISNbY=,l9V+vOeTDb173oqoGmEv1ZJlOQM=
-8,6,B8bDGeKjUCKu10Q7K4oxFCISNbY=,l9V+vOeTDb173oqoGmEv1ZJlOQM=
-10,3,B8bDGeKjUCKu10Q7K4oxFCISNbY=,z73JxpKJH35mU7jdStgICFZQmSQ=
-8,1,B8bDGeKjUCKu10Q7K4oxFCISNbY=,l9V+vOeTDb173oqoGmEv1ZJlOQM=
-4,1,B8bDGeKjUCKu10Q7K4oxFCISNbY=,l9V+vOeTDb173oqoGmEv1ZJlOQM=
-9,1,B8bDGeKjUCKu10Q7K4oxFCISNbY=,z73JxpKJH35mU7jdStgICFZQmSQ=
-5,1,B8bDGeKjUCKu10Q7K4oxFCISNbY=,l9V+vOeTDb173oqoGmEv1ZJlOQM=
-1,3,B8bDGeKjUCKu10Q7K4oxFCISNbY=,l9V+vOeTDb173oqoGmEv1ZJlOQM=
-5,0,B8bDGeKjUCKu10Q7K4oxFCISNbY=,l9V+vOeTDb173oqoGmEv1ZJlOQM=
-11,7,B8bDGeKjUCKu10Q7K4oxFCISNbY=,z73JxpKJH35mU7jdStgICFZQmSQ=
-1,5,B8bDGeKjUCKu10Q7K4oxFCISNbY=,l9V+vOeTDb173oqoGmEv1ZJlOQM=
-2,5,B8bDGeKjUCKu10Q7K4oxFCISNbY=,l9V+vOeTDb173oqoGmEv1ZJlOQM=
-8,4,B8bDGeKjUCKu10Q7K4oxFCISNbY=,l9V+vOeTDb173oqoGmEv1ZJlOQM=
-2,1,B8bDGeKjUCKu10Q7K4oxFCISNbY=,l9V+vOeTDb173oqoGmEv1ZJlOQM=
-2,2,B8bDGeKjUCKu10Q7K4oxFCISNbY=,l9V+vOeTDb173oqoGmEv1ZJlOQM=
-3,7,B8bDGeKjUCKu10Q7K4oxFCISNbY=,l9V+vOeTDb173oqoGmEv1ZJlOQM=
-7,4,B8bDGeKjUCKu10Q7K4oxFCISNbY=,l9V+vOeTDb173oqoGmEv1ZJlOQM=
-1,9,B8bDGeKjUCKu10Q7K4oxFCISNbY=,dhYp+DTmJAnP8Mk37OO1bLKt5ho=
-2,3,B8bDGeKjUCKu10Q7K4oxFCISNbY=,l9V+vOeTDb173oqoGmEv1ZJlOQM=
-2,9,B8bDGeKjUCKu10Q7K4oxFCISNbY=,dhYp+DTmJAnP8Mk37OO1bLKt5ho=
-4,7,B8bDGeKjUCKu10Q7K4oxFCISNbY=,l9V+vOeTDb173oqoGmEv1ZJlOQM=
-5,9,B8bDGeKjUCKu10Q7K4oxFCISNbY=,dhYp+DTmJAnP8Mk37OO1bLKt5ho=
-6,9,B8bDGeKjUCKu10Q7K4oxFCISNbY=,dhYp+DTmJAnP8Mk37OO1bLKt5ho=
-9,5,B8bDGeKjUCKu10Q7K4oxFCISNbY=,z73JxpKJH35mU7jdStgICFZQmSQ=
-3,4,B8bDGeKjUCKu10Q7K4oxFCISNbY=,l9V+vOeTDb173oqoGmEv1ZJlOQM=
-11,5,B8bDGeKjUCKu10Q7K4oxFCISNbY=,z73JxpKJH35mU7jdStgICFZQmSQ=
-6,0,B8bDGeKjUCKu10Q7K4oxFCISNbY=,l9V+vOeTDb173oqoGmEv1ZJlOQM=
-10,5,B8bDGeKjUCKu10Q7K4oxFCISNbY=,z73JxpKJH35mU7jdStgICFZQmSQ=
-5,4,B8bDGeKjUCKu10Q7K4oxFCISNbY=,l9V+vOeTDb173oqoGmEv1ZJlOQM=
-4,4,B8bDGeKjUCKu10Q7K4oxFCISNbY=,l9V+vOeTDb173oqoGmEv1ZJlOQM=
-7,9,B8bDGeKjUCKu10Q7K4oxFCISNbY=,dhYp+DTmJAnP8Mk37OO1bLKt5ho=
-8,9,B8bDGeKjUCKu10Q7K4oxFCISNbY=,dhYp+DTmJAnP8Mk37OO1bLKt5ho=
-7,0,B8bDGeKjUCKu10Q7K4oxFCISNbY=,l9V+vOeTDb173oqoGmEv1ZJlOQM=
-6,2,B8bDGeKjUCKu10Q7K4oxFCISNbY=,l9V+vOeTDb173oqoGmEv1ZJlOQM=
-1,10,B8bDGeKjUCKu10Q7K4oxFCISNbY=,dhYp+DTmJAnP8Mk37OO1bLKt5ho=
-3,9,B8bDGeKjUCKu10Q7K4oxFCISNbY=,dhYp+DTmJAnP8Mk37OO1bLKt5ho=
-2,10,B8bDGeKjUCKu10Q7K4oxFCISNbY=,dhYp+DTmJAnP8Mk37OO1bLKt5ho=
-4,9,B8bDGeKjUCKu10Q7K4oxFCISNbY=,dhYp+DTmJAnP8Mk37OO1bLKt5ho=
-6,4,B8bDGeKjUCKu10Q7K4oxFCISNbY=,l9V+vOeTDb173oqoGmEv1ZJlOQM=
-3,2,B8bDGeKjUCKu10Q7K4oxFCISNbY=,l9V+vOeTDb173oqoGmEv1ZJlOQM=
-1,8,B8bDGeKjUCKu10Q7K4oxFCISNbY=,dhYp+DTmJAnP8Mk37OO1bLKt5ho=
-2,8,B8bDGeKjUCKu10Q7K4oxFCISNbY=,dhYp+DTmJAnP8Mk37OO1bLKt5ho=
-9,4,B8bDGeKjUCKu10Q7K4oxFCISNbY=,z73JxpKJH35mU7jdStgICFZQmSQ=
-3,3,B8bDGeKjUCKu10Q7K4oxFCISNbY=,l9V+vOeTDb173oqoGmEv1ZJlOQM=
-3,1,B8bDGeKjUCKu10Q7K4oxFCISNbY=,l9V+vOeTDb173oqoGmEv1ZJlOQM=
-4,5,B8bDGeKjUCKu10Q7K4oxFCISNbY=,l9V+vOeTDb173oqoGmEv1ZJlOQM=
-3,5,B8bDGeKjUCKu10Q7K4oxFCISNbY=,l9V+vOeTDb173oqoGmEv1ZJlOQM=
-9,2,B8bDGeKjUCKu10Q7K4oxFCISNbY=,z73JxpKJH35mU7jdStgICFZQmSQ=
-4,2,B8bDGeKjUCKu10Q7K4oxFCISNbY=,l9V+vOeTDb173oqoGmEv1ZJlOQM=
-10,4,B8bDGeKjUCKu10Q7K4oxFCISNbY=,z73JxpKJH35mU7jdStgICFZQmSQ=
-3,0,B8bDGeKjUCKu10Q7K4oxFCISNbY=,l9V+vOeTDb173oqoGmEv1ZJlOQM=
-6,7,B8bDGeKjUCKu10Q7K4oxFCISNbY=,l9V+vOeTDb173oqoGmEv1ZJlOQM=
-4,0,B8bDGeKjUCKu10Q7K4oxFCISNbY=,l9V+vOeTDb173oqoGmEv1ZJlOQM=
-10,0,B8bDGeKjUCKu10Q7K4oxFCISNbY=,z73JxpKJH35mU7jdStgICFZQmSQ=
-11,2,B8bDGeKjUCKu10Q7K4oxFCISNbY=,z73JxpKJH35mU7jdStgICFZQmSQ=
-5,8,B8bDGeKjUCKu10Q7K4oxFCISNbY=,dhYp+DTmJAnP8Mk37OO1bLKt5ho=
-6,8,B8bDGeKjUCKu10Q7K4oxFCISNbY=,dhYp+DTmJAnP8Mk37OO1bLKt5ho=
-7,7,B8bDGeKjUCKu10Q7K4oxFCISNbY=,l9V+vOeTDb173oqoGmEv1ZJlOQM=
-8,7,B8bDGeKjUCKu10Q7K4oxFCISNbY=,l9V+vOeTDb173oqoGmEv1ZJlOQM=
-3,10,B8bDGeKjUCKu10Q7K4oxFCISNbY=,dhYp+DTmJAnP8Mk37OO1bLKt5ho=
-4,10,B8bDGeKjUCKu10Q7K4oxFCISNbY=,dhYp+DTmJAnP8Mk37OO1bLKt5ho=
-7,8,B8bDGeKjUCKu10Q7K4oxFCISNbY=,dhYp+DTmJAnP8Mk37OO1bLKt5ho=
-8,8,B8bDGeKjUCKu10Q7K4oxFCISNbY=,dhYp+DTmJAnP8Mk37OO1bLKt5ho=
-5,10,B8bDGeKjUCKu10Q7K4oxFCISNbY=,dhYp+DTmJAnP8Mk37OO1bLKt5ho=
-6,10,B8bDGeKjUCKu10Q7K4oxFCISNbY=,dhYp+DTmJAnP8Mk37OO1bLKt5ho=
-4,8,B8bDGeKjUCKu10Q7K4oxFCISNbY=,dhYp+DTmJAnP8Mk37OO1bLKt5ho=
-10,2,B8bDGeKjUCKu10Q7K4oxFCISNbY=,z73JxpKJH35mU7jdStgICFZQmSQ=
-3,8,B8bDGeKjUCKu10Q7K4oxFCISNbY=,dhYp+DTmJAnP8Mk37OO1bLKt5ho=
-5,7,B8bDGeKjUCKu10Q7K4oxFCISNbY=,l9V+vOeTDb173oqoGmEv1ZJlOQM=
-8,0,B8bDGeKjUCKu10Q7K4oxFCISNbY=,l9V+vOeTDb173oqoGmEv1ZJlOQM=
-9,0,B8bDGeKjUCKu10Q7K4oxFCISNbY=,z73JxpKJH35mU7jdStgICFZQmSQ=
-5,2,B8bDGeKjUCKu10Q7K4oxFCISNbY=,l9V+vOeTDb173oqoGmEv1ZJlOQM=
-4,3,B8bDGeKjUCKu10Q7K4oxFCISNbY=,l9V+vOeTDb173oqoGmEv1ZJlOQM=
-2,0,B8bDGeKjUCKu10Q7K4oxFCISNbY=,l9V+vOeTDb173oqoGmEv1ZJlOQM=
-11,0,B8bDGeKjUCKu10Q7K4oxFCISNbY=,z73JxpKJH35mU7jdStgICFZQmSQ=
-1,0,B8bDGeKjUCKu10Q7K4oxFCISNbY=,l9V+vOeTDb173oqoGmEv1ZJlOQM=
-11,4,B8bDGeKjUCKu10Q7K4oxFCISNbY=,z73JxpKJH35mU7jdStgICFZQmSQ=
-21,3,wB3CYfPu3xlF5CIrJPJR7MEMJKo=,XKNfWJxJOtiNA0aAdHkzrAicpMA=
-21,7,wB3CYfPu3xlF5CIrJPJR7MEMJKo=,XKNfWJxJOtiNA0aAdHkzrAicpMA=
-22,3,wB3CYfPu3xlF5CIrJPJR7MEMJKo=,XKNfWJxJOtiNA0aAdHkzrAicpMA=
-22,7,wB3CYfPu3xlF5CIrJPJR7MEMJKo=,XKNfWJxJOtiNA0aAdHkzrAicpMA=
-23,7,wB3CYfPu3xlF5CIrJPJR7MEMJKo=,XKNfWJxJOtiNA0aAdHkzrAicpMA=
-24,2,wB3CYfPu3xlF5CIrJPJR7MEMJKo=,XKNfWJxJOtiNA0aAdHkzrAicpMA=
-24,7,wB3CYfPu3xlF5CIrJPJR7MEMJKo=,XKNfWJxJOtiNA0aAdHkzrAicpMA=
-23,2,wB3CYfPu3xlF5CIrJPJR7MEMJKo=,XKNfWJxJOtiNA0aAdHkzrAicpMA=
-21,4,wB3CYfPu3xlF5CIrJPJR7MEMJKo=,XKNfWJxJOtiNA0aAdHkzrAicpMA=
-23,3,wB3CYfPu3xlF5CIrJPJR7MEMJKo=,XKNfWJxJOtiNA0aAdHkzrAicpMA=
-24,3,wB3CYfPu3xlF5CIrJPJR7MEMJKo=,XKNfWJxJOtiNA0aAdHkzrAicpMA=
-20,1,wB3CYfPu3xlF5CIrJPJR7MEMJKo=,XKNfWJxJOtiNA0aAdHkzrAicpMA=
-22,4,wB3CYfPu3xlF5CIrJPJR7MEMJKo=,XKNfWJxJOtiNA0aAdHkzrAicpMA=
-23,4,wB3CYfPu3xlF5CIrJPJR7MEMJKo=,XKNfWJxJOtiNA0aAdHkzrAicpMA=
-20,6,wB3CYfPu3xlF5CIrJPJR7MEMJKo=,XKNfWJxJOtiNA0aAdHkzrAicpMA=
-21,6,wB3CYfPu3xlF5CIrJPJR7MEMJKo=,XKNfWJxJOtiNA0aAdHkzrAicpMA=
-22,6,wB3CYfPu3xlF5CIrJPJR7MEMJKo=,XKNfWJxJOtiNA0aAdHkzrAicpMA=
-24,1,wB3CYfPu3xlF5CIrJPJR7MEMJKo=,XKNfWJxJOtiNA0aAdHkzrAicpMA=
-24,4,wB3CYfPu3xlF5CIrJPJR7MEMJKo=,XKNfWJxJOtiNA0aAdHkzrAicpMA=
-23,6,wB3CYfPu3xlF5CIrJPJR7MEMJKo=,XKNfWJxJOtiNA0aAdHkzrAicpMA=
-24,6,wB3CYfPu3xlF5CIrJPJR7MEMJKo=,XKNfWJxJOtiNA0aAdHkzrAicpMA=
-21,1,wB3CYfPu3xlF5CIrJPJR7MEMJKo=,XKNfWJxJOtiNA0aAdHkzrAicpMA=
-22,1,wB3CYfPu3xlF5CIrJPJR7MEMJKo=,XKNfWJxJOtiNA0aAdHkzrAicpMA=
-20,2,wB3CYfPu3xlF5CIrJPJR7MEMJKo=,XKNfWJxJOtiNA0aAdHkzrAicpMA=
-20,5,wB3CYfPu3xlF5CIrJPJR7MEMJKo=,XKNfWJxJOtiNA0aAdHkzrAicpMA=
-23,1,wB3CYfPu3xlF5CIrJPJR7MEMJKo=,XKNfWJxJOtiNA0aAdHkzrAicpMA=
-21,5,wB3CYfPu3xlF5CIrJPJR7MEMJKo=,XKNfWJxJOtiNA0aAdHkzrAicpMA=
-22,5,wB3CYfPu3xlF5CIrJPJR7MEMJKo=,XKNfWJxJOtiNA0aAdHkzrAicpMA=
-23,5,wB3CYfPu3xlF5CIrJPJR7MEMJKo=,XKNfWJxJOtiNA0aAdHkzrAicpMA=
-20,0,wB3CYfPu3xlF5CIrJPJR7MEMJKo=,XKNfWJxJOtiNA0aAdHkzrAicpMA=
-21,0,wB3CYfPu3xlF5CIrJPJR7MEMJKo=,XKNfWJxJOtiNA0aAdHkzrAicpMA=
-24,5,wB3CYfPu3xlF5CIrJPJR7MEMJKo=,XKNfWJxJOtiNA0aAdHkzrAicpMA=
-22,0,wB3CYfPu3xlF5CIrJPJR7MEMJKo=,XKNfWJxJOtiNA0aAdHkzrAicpMA=
-23,0,wB3CYfPu3xlF5CIrJPJR7MEMJKo=,XKNfWJxJOtiNA0aAdHkzrAicpMA=
-20,7,wB3CYfPu3xlF5CIrJPJR7MEMJKo=,XKNfWJxJOtiNA0aAdHkzrAicpMA=
-24,0,wB3CYfPu3xlF5CIrJPJR7MEMJKo=,XKNfWJxJOtiNA0aAdHkzrAicpMA=
-21,2,wB3CYfPu3xlF5CIrJPJR7MEMJKo=,XKNfWJxJOtiNA0aAdHkzrAicpMA=
-22,2,wB3CYfPu3xlF5CIrJPJR7MEMJKo=,XKNfWJxJOtiNA0aAdHkzrAicpMA=
-20,4,wB3CYfPu3xlF5CIrJPJR7MEMJKo=,XKNfWJxJOtiNA0aAdHkzrAicpMA=
-20,3,wB3CYfPu3xlF5CIrJPJR7MEMJKo=,XKNfWJxJOtiNA0aAdHkzrAicpMA=
-17,6,wB3CYfPu3xlF5CIrJPJR7MEMJKo=,XKNfWJxJOtiNA0aAdHkzrAicpMA=
-18,1,wB3CYfPu3xlF5CIrJPJR7MEMJKo=,XKNfWJxJOtiNA0aAdHkzrAicpMA=
-18,6,wB3CYfPu3xlF5CIrJPJR7MEMJKo=,XKNfWJxJOtiNA0aAdHkzrAicpMA=
-17,0,wB3CYfPu3xlF5CIrJPJR7MEMJKo=,XKNfWJxJOtiNA0aAdHkzrAicpMA=
-19,6,wB3CYfPu3xlF5CIrJPJR7MEMJKo=,XKNfWJxJOtiNA0aAdHkzrAicpMA=
-19,1,wB3CYfPu3xlF5CIrJPJR7MEMJKo=,XKNfWJxJOtiNA0aAdHkzrAicpMA=
-18,0,wB3CYfPu3xlF5CIrJPJR7MEMJKo=,XKNfWJxJOtiNA0aAdHkzrAicpMA=
-17,7,wB3CYfPu3xlF5CIrJPJR7MEMJKo=,XKNfWJxJOtiNA0aAdHkzrAicpMA=
-17,5,wB3CYfPu3xlF5CIrJPJR7MEMJKo=,XKNfWJxJOtiNA0aAdHkzrAicpMA=
-18,5,wB3CYfPu3xlF5CIrJPJR7MEMJKo=,XKNfWJxJOtiNA0aAdHkzrAicpMA=
-19,5,wB3CYfPu3xlF5CIrJPJR7MEMJKo=,XKNfWJxJOtiNA0aAdHkzrAicpMA=
-19,0,wB3CYfPu3xlF5CIrJPJR7MEMJKo=,XKNfWJxJOtiNA0aAdHkzrAicpMA=
-18,7,wB3CYfPu3xlF5CIrJPJR7MEMJKo=,XKNfWJxJOtiNA0aAdHkzrAicpMA=
-19,7,wB3CYfPu3xlF5CIrJPJR7MEMJKo=,XKNfWJxJOtiNA0aAdHkzrAicpMA=
-19,4,wB3CYfPu3xlF5CIrJPJR7MEMJKo=,XKNfWJxJOtiNA0aAdHkzrAicpMA=
-18,4,wB3CYfPu3xlF5CIrJPJR7MEMJKo=,XKNfWJxJOtiNA0aAdHkzrAicpMA=
-17,4,wB3CYfPu3xlF5CIrJPJR7MEMJKo=,XKNfWJxJOtiNA0aAdHkzrAicpMA=
-19,2,wB3CYfPu3xlF5CIrJPJR7MEMJKo=,XKNfWJxJOtiNA0aAdHkzrAicpMA=
-18,2,wB3CYfPu3xlF5CIrJPJR7MEMJKo=,XKNfWJxJOtiNA0aAdHkzrAicpMA=
-17,3,wB3CYfPu3xlF5CIrJPJR7MEMJKo=,XKNfWJxJOtiNA0aAdHkzrAicpMA=
-18,3,wB3CYfPu3xlF5CIrJPJR7MEMJKo=,XKNfWJxJOtiNA0aAdHkzrAicpMA=
-19,3,wB3CYfPu3xlF5CIrJPJR7MEMJKo=,XKNfWJxJOtiNA0aAdHkzrAicpMA=
-17,1,wB3CYfPu3xlF5CIrJPJR7MEMJKo=,XKNfWJxJOtiNA0aAdHkzrAicpMA=
-17,2,wB3CYfPu3xlF5CIrJPJR7MEMJKo=,XKNfWJxJOtiNA0aAdHkzrAicpMA=
