-12,-5,lpYsdg0ooDCa2PXwg0sW1UgBN74=,/lUCIwttW25jP6HptE796SgvAJo=
-12,-4,lpYsdg0ooDCa2PXwg0sW1UgBN74=,/lUCIwttW25jP6HptE796SgvAJo=
-13,-5,lpYsdg0ooDCa2PXwg0sW1UgBN74=,/lUCIwttW25jP6HptE796SgvAJo=
-13,-4,lpYsdg0ooDCa2PXwg0sW1UgBN74=,/lUCIwttW25jP6HptE796SgvAJo=
-12,-13,lpYsdg0ooDCa2PXwg0sW1UgBN74=,m2YggXGQaq/mwAoHGo8kBCD+eDE=
-12,-14,lpYsdg0ooDCa2PXwg0sW1UgBN74=,m2YggXGQaq/mwAoHGo8kBCD+eDE=
-12,-6,lpYsdg0ooDCa2PXwg0sW1UgBN74=,/lUCIwttW25jP6HptE796SgvAJo=
-12,-7,lpYsdg0ooDCa2PXwg0sW1UgBN74=,/lUCIwttW25jP6HptE796SgvAJo=
-13,-7,lpYsdg0ooDCa2PXwg0sW1UgBN74=,/lUCIwttW25jP6HptE796SgvAJo=
-13,-6,lpYsdg0ooDCa2PXwg0sW1UgBN74=,/lUCIwttW25jP6HptE796SgvAJo=
-13,-14,lpYsdg0ooDCa2PXwg0sW1UgBN74=,m2YggXGQaq/mwAoHGo8kBCD+eDE=
-13,-13,lpYsdg0ooDCa2PXwg0sW1UgBN74=,m2YggXGQaq/mwAoHGo8kBCD+eDE=
-13,-16,lpYsdg0ooDCa2PXwg0sW1UgBN74=,m2YggXGQaq/mwAoHGo8kBCD+eDE=
-13,-12,lpYsdg0ooDCa2PXwg0sW1UgBN74=,m2YggXGQaq/mwAoHGo8kBCD+eDE=
-13,-8,lpYsdg0ooDCa2PXwg0sW1UgBN74=,/lUCIwttW25jP6HptE796SgvAJo=
-12,-8,lpYsdg0ooDCa2PXwg0sW1UgBN74=,/lUCIwttW25jP6HptE796SgvAJo=
-13,-9,lpYsdg0ooDCa2PXwg0sW1UgBN74=,m2YggXGQaq/mwAoHGo8kBCD+eDE=
-12,-9,lpYsdg0ooDCa2PXwg0sW1UgBN74=,m2YggXGQaq/mwAoHGo8kBCD+eDE=
-12,-10,lpYsdg0ooDCa2PXwg0sW1UgBN74=,m2YggXGQaq/mwAoHGo8kBCD+eDE=
-13,-11,lpYsdg0ooDCa2PXwg0sW1UgBN74=,m2YggXGQaq/mwAoHGo8kBCD+eDE=
-12,-12,lpYsdg0ooDCa2PXwg0sW1UgBN74=,m2YggXGQaq/mwAoHGo8kBCD+eDE=
-13,-10,lpYsdg0ooDCa2PXwg0sW1UgBN74=,m2YggXGQaq/mwAoHGo8kBCD+eDE=
-12,-16,lpYsdg0ooDCa2PXwg0sW1UgBN74=,m2YggXGQaq/mwAoHGo8kBCD+eDE=
-13,-15,lpYsdg0ooDCa2PXwg0sW1UgBN74=,m2YggXGQaq/mwAoHGo8kBCD+eDE=
-12,-11,lpYsdg0ooDCa2PXwg0sW1UgBN74=,m2YggXGQaq/mwAoHGo8kBCD+eDE=
-12,-15,lpYsdg0ooDCa2PXwg0sW1UgBN74=,m2YggXGQaq/mwAoHGo8kBCD+eDE=
-5,-2,7TsYGOd6Mh65b87/O3hxbiyynnM=,+layMq6gEyoqeT6a5Alt1IGpdn4=
-11,-4,7TsYGOd6Mh65b87/O3hxbiyynnM=,/lUCIwttW25jP6HptE796SgvAJo=
-6,-5,7TsYGOd6Mh65b87/O3hxbiyynnM=,+layMq6gEyoqeT6a5Alt1IGpdn4=
-8,-5,7TsYGOd6Mh65b87/O3hxbiyynnM=,+layMq6gEyoqeT6a5Alt1IGpdn4=
-4,-2,7TsYGOd6Mh65b87/O3hxbiyynnM=,+layMq6gEyoqeT6a5Alt1IGpdn4=
-10,-4,7TsYGOd6Mh65b87/O3hxbiyynnM=,/lUCIwttW25jP6HptE796SgvAJo=
-9,-4,7TsYGOd6Mh65b87/O3hxbiyynnM=,/lUCIwttW25jP6HptE796SgvAJo=
-7,-5,7TsYGOd6Mh65b87/O3hxbiyynnM=,+layMq6gEyoqeT6a5Alt1IGpdn4=
-4,-4,7TsYGOd6Mh65b87/O3hxbiyynnM=,+layMq6gEyoqeT6a5Alt1IGpdn4=
-4,-3,7TsYGOd6Mh65b87/O3hxbiyynnM=,+layMq6gEyoqeT6a5Alt1IGpdn4=
-9,-5,7TsYGOd6Mh65b87/O3hxbiyynnM=,/lUCIwttW25jP6HptE796SgvAJo=
-5,-5,7TsYGOd6Mh65b87/O3hxbiyynnM=,+layMq6gEyoqeT6a5Alt1IGpdn4=
-5,-3,7TsYGOd6Mh65b87/O3hxbiyynnM=,+layMq6gEyoqeT6a5Alt1IGpdn4=
-5,-4,7TsYGOd6Mh65b87/O3hxbiyynnM=,+layMq6gEyoqeT6a5Alt1IGpdn4=
-4,-5,7TsYGOd6Mh65b87/O3hxbiyynnM=,+layMq6gEyoqeT6a5Alt1IGpdn4=
-11,-5,7TsYGOd6Mh65b87/O3hxbiyynnM=,/lUCIwttW25jP6HptE796SgvAJo=
-4,-1,7TsYGOd6Mh65b87/O3hxbiyynnM=,+layMq6gEyoqeT6a5Alt1IGpdn4=
-5,-1,7TsYGOd6Mh65b87/O3hxbiyynnM=,+layMq6gEyoqeT6a5Alt1IGpdn4=
-10,-5,7TsYGOd6Mh65b87/O3hxbiyynnM=,/lUCIwttW25jP6HptE796SgvAJo=
-8,-4,7TsYGOd6Mh65b87/O3hxbiyynnM=,+layMq6gEyoqeT6a5Alt1IGpdn4=
-6,-4,7TsYGOd6Mh65b87/O3hxbiyynnM=,+layMq6gEyoqeT6a5Alt1IGpdn4=
-7,-4,7TsYGOd6Mh65b87/O3hxbiyynnM=,+layMq6gEyoqeT6a5Alt1IGpdn4=
-9,-6,7TsYGOd6Mh65b87/O3hxbiyynnM=,/lUCIwttW25jP6HptE796SgvAJo=
-11,-14,7TsYGOd6Mh65b87/O3hxbiyynnM=,m2YggXGQaq/mwAoHGo8kBCD+eDE=
-10,-6,7TsYGOd6Mh65b87/O3hxbiyynnM=,/lUCIwttW25jP6HptE796SgvAJo=
-4,-9,7TsYGOd6Mh65b87/O3hxbiyynnM=,QOwiIy9tos9V4iRzVRAqHktXWjI=
-11,-6,7TsYGOd6Mh65b87/O3hxbiyynnM=,/lUCIwttW25jP6HptE796SgvAJo=
-8,-13,7TsYGOd6Mh65b87/O3hxbiyynnM=,QOwiIy9tos9V4iRzVRAqHktXWjI=
-9,-7,7TsYGOd6Mh65b87/O3hxbiyynnM=,/lUCIwttW25jP6HptE796SgvAJo=
-10,-7,7TsYGOd6Mh65b87/O3hxbiyynnM=,/lUCIwttW25jP6HptE796SgvAJo=
-11,-7,7TsYGOd6Mh65b87/O3hxbiyynnM=,/lUCIwttW25jP6HptE796SgvAJo=
-7,-13,7TsYGOd6Mh65b87/O3hxbiyynnM=,QOwiIy9tos9V4iRzVRAqHktXWjI=
-8,-9,7TsYGOd6Mh65b87/O3hxbiyynnM=,QOwiIy9tos9V4iRzVRAqHktXWjI=
-9,-8,7TsYGOd6Mh65b87/O3hxbiyynnM=,/lUCIwttW25jP6HptE796SgvAJo=
-10,-8,7TsYGOd6Mh65b87/O3hxbiyynnM=,/lUCIwttW25jP6HptE796SgvAJo=
-10,-14,7TsYGOd6Mh65b87/O3hxbiyynnM=,m2YggXGQaq/mwAoHGo8kBCD+eDE=
-7,-10,7TsYGOd6Mh65b87/O3hxbiyynnM=,QOwiIy9tos9V4iRzVRAqHktXWjI=
-5,-14,7TsYGOd6Mh65b87/O3hxbiyynnM=,QOwiIy9tos9V4iRzVRAqHktXWjI=
-7,-16,7TsYGOd6Mh65b87/O3hxbiyynnM=,QOwiIy9tos9V4iRzVRAqHktXWjI=
-4,-14,7TsYGOd6Mh65b87/O3hxbiyynnM=,QOwiIy9tos9V4iRzVRAqHktXWjI=
-6,-14,7TsYGOd6Mh65b87/O3hxbiyynnM=,QOwiIy9tos9V4iRzVRAqHktXWjI=
-11,-8,7TsYGOd6Mh65b87/O3hxbiyynnM=,/lUCIwttW25jP6HptE796SgvAJo=
-4,-6,7TsYGOd6Mh65b87/O3hxbiyynnM=,+layMq6gEyoqeT6a5Alt1IGpdn4=
-8,-14,7TsYGOd6Mh65b87/O3hxbiyynnM=,QOwiIy9tos9V4iRzVRAqHktXWjI=
-5,-6,7TsYGOd6Mh65b87/O3hxbiyynnM=,+layMq6gEyoqeT6a5Alt1IGpdn4=
-8,-10,7TsYGOd6Mh65b87/O3hxbiyynnM=,QOwiIy9tos9V4iRzVRAqHktXWjI=
-7,-14,7TsYGOd6Mh65b87/O3hxbiyynnM=,QOwiIy9tos9V4iRzVRAqHktXWjI=
-6,-13,7TsYGOd6Mh65b87/O3hxbiyynnM=,QOwiIy9tos9V4iRzVRAqHktXWjI=
-6,-6,7TsYGOd6Mh65b87/O3hxbiyynnM=,+layMq6gEyoqeT6a5Alt1IGpdn4=
-8,-7,7TsYGOd6Mh65b87/O3hxbiyynnM=,+layMq6gEyoqeT6a5Alt1IGpdn4=
-9,-9,7TsYGOd6Mh65b87/O3hxbiyynnM=,m2YggXGQaq/mwAoHGo8kBCD+eDE=
-7,-6,7TsYGOd6Mh65b87/O3hxbiyynnM=,+layMq6gEyoqeT6a5Alt1IGpdn4=
-8,-6,7TsYGOd6Mh65b87/O3hxbiyynnM=,+layMq6gEyoqeT6a5Alt1IGpdn4=
-4,-15,7TsYGOd6Mh65b87/O3hxbiyynnM=,QOwiIy9tos9V4iRzVRAqHktXWjI=
-6,-15,7TsYGOd6Mh65b87/O3hxbiyynnM=,QOwiIy9tos9V4iRzVRAqHktXWjI=
-5,-13,7TsYGOd6Mh65b87/O3hxbiyynnM=,QOwiIy9tos9V4iRzVRAqHktXWjI=
-11,-13,7TsYGOd6Mh65b87/O3hxbiyynnM=,m2YggXGQaq/mwAoHGo8kBCD+eDE=
-10,-13,7TsYGOd6Mh65b87/O3hxbiyynnM=,m2YggXGQaq/mwAoHGo8kBCD+eDE=
-9,-13,7TsYGOd6Mh65b87/O3hxbiyynnM=,m2YggXGQaq/mwAoHGo8kBCD+eDE=
-9,-15,7TsYGOd6Mh65b87/O3hxbiyynnM=,m2YggXGQaq/mwAoHGo8kBCD+eDE=
-5,-15,7TsYGOd6Mh65b87/O3hxbiyynnM=,QOwiIy9tos9V4iRzVRAqHktXWjI=
-11,-9,7TsYGOd6Mh65b87/O3hxbiyynnM=,m2YggXGQaq/mwAoHGo8kBCD+eDE=
-8,-8,7TsYGOd6Mh65b87/O3hxbiyynnM=,+layMq6gEyoqeT6a5Alt1IGpdn4=
-10,-9,7TsYGOd6Mh65b87/O3hxbiyynnM=,m2YggXGQaq/mwAoHGo8kBCD+eDE=
-9,-14,7TsYGOd6Mh65b87/O3hxbiyynnM=,m2YggXGQaq/mwAoHGo8kBCD+eDE=
-7,-11,7TsYGOd6Mh65b87/O3hxbiyynnM=,QOwiIy9tos9V4iRzVRAqHktXWjI=
-8,-16,7TsYGOd6Mh65b87/O3hxbiyynnM=,QOwiIy9tos9V4iRzVRAqHktXWjI=
-7,-15,7TsYGOd6Mh65b87/O3hxbiyynnM=,QOwiIy9tos9V4iRzVRAqHktXWjI=
-6,-11,7TsYGOd6Mh65b87/O3hxbiyynnM=,QOwiIy9tos9V4iRzVRAqHktXWjI=
-4,-8,7TsYGOd6Mh65b87/O3hxbiyynnM=,+layMq6gEyoqeT6a5Alt1IGpdn4=
-8,-11,7TsYGOd6Mh65b87/O3hxbiyynnM=,QOwiIy9tos9V4iRzVRAqHktXWjI=
-4,-11,7TsYGOd6Mh65b87/O3hxbiyynnM=,QOwiIy9tos9V4iRzVRAqHktXWjI=
-5,-11,7TsYGOd6Mh65b87/O3hxbiyynnM=,QOwiIy9tos9V4iRzVRAqHktXWjI=
-8,-15,7TsYGOd6Mh65b87/O3hxbiyynnM=,QOwiIy9tos9V4iRzVRAqHktXWjI=
-5,-8,7TsYGOd6Mh65b87/O3hxbiyynnM=,+layMq6gEyoqeT6a5Alt1IGpdn4=
-10,-15,7TsYGOd6Mh65b87/O3hxbiyynnM=,m2YggXGQaq/mwAoHGo8kBCD+eDE=
-7,-8,7TsYGOd6Mh65b87/O3hxbiyynnM=,+layMq6gEyoqeT6a5Alt1IGpdn4=
-4,-7,7TsYGOd6Mh65b87/O3hxbiyynnM=,+layMq6gEyoqeT6a5Alt1IGpdn4=
-6,-16,7TsYGOd6Mh65b87/O3hxbiyynnM=,QOwiIy9tos9V4iRzVRAqHktXWjI=
-4,-10,7TsYGOd6Mh65b87/O3hxbiyynnM=,QOwiIy9tos9V4iRzVRAqHktXWjI=
-6,-8,7TsYGOd6Mh65b87/O3hxbiyynnM=,+layMq6gEyoqeT6a5Alt1IGpdn4=
-11,-15,7TsYGOd6Mh65b87/O3hxbiyynnM=,m2YggXGQaq/mwAoHGo8kBCD+eDE=
-9,-10,7TsYGOd6Mh65b87/O3hxbiyynnM=,m2YggXGQaq/mwAoHGo8kBCD+eDE=
-10,-10,7TsYGOd6Mh65b87/O3hxbiyynnM=,m2YggXGQaq/mwAoHGo8kBCD+eDE=
-7,-12,7TsYGOd6Mh65b87/O3hxbiyynnM=,QOwiIy9tos9V4iRzVRAqHktXWjI=
-7,-7,7TsYGOd6Mh65b87/O3hxbiyynnM=,+layMq6gEyoqeT6a5Alt1IGpdn4=
-11,-10,7TsYGOd6Mh65b87/O3hxbiyynnM=,m2YggXGQaq/mwAoHGo8kBCD+eDE=
-5,-9,7TsYGOd6Mh65b87/O3hxbiyynnM=,QOwiIy9tos9V4iRzVRAqHktXWjI=
-5,-7,7TsYGOd6Mh65b87/O3hxbiyynnM=,+layMq6gEyoqeT6a5Alt1IGpdn4=
-6,-12,7TsYGOd6Mh65b87/O3hxbiyynnM=,QOwiIy9tos9V4iRzVRAqHktXWjI=
-5,-12,7TsYGOd6Mh65b87/O3hxbiyynnM=,QOwiIy9tos9V4iRzVRAqHktXWjI=
-8,-12,7TsYGOd6Mh65b87/O3hxbiyynnM=,QOwiIy9tos9V4iRzVRAqHktXWjI=
-4,-12,7TsYGOd6Mh65b87/O3hxbiyynnM=,QOwiIy9tos9V4iRzVRAqHktXWjI=
-6,-7,7TsYGOd6Mh65b87/O3hxbiyynnM=,+layMq6gEyoqeT6a5Alt1IGpdn4=
-5,-16,7TsYGOd6Mh65b87/O3hxbiyynnM=,QOwiIy9tos9V4iRzVRAqHktXWjI=
-11,-12,7TsYGOd6Mh65b87/O3hxbiyynnM=,m2YggXGQaq/mwAoHGo8kBCD+eDE=
-11,-11,7TsYGOd6Mh65b87/O3hxbiyynnM=,m2YggXGQaq/mwAoHGo8kBCD+eDE=
-10,-11,7TsYGOd6Mh65b87/O3hxbiyynnM=,m2YggXGQaq/mwAoHGo8kBCD+eDE=
-6,-9,7TsYGOd6Mh65b87/O3hxbiyynnM=,QOwiIy9tos9V4iRzVRAqHktXWjI=
-9,-11,7TsYGOd6Mh65b87/O3hxbiyynnM=,m2YggXGQaq/mwAoHGo8kBCD+eDE=
-7,-9,7TsYGOd6Mh65b87/O3hxbiyynnM=,QOwiIy9tos9V4iRzVRAqHktXWjI=
-10,-12,7TsYGOd6Mh65b87/O3hxbiyynnM=,m2YggXGQaq/mwAoHGo8kBCD+eDE=
-9,-12,7TsYGOd6Mh65b87/O3hxbiyynnM=,m2YggXGQaq/mwAoHGo8kBCD+eDE=
-5,-10,7TsYGOd6Mh65b87/O3hxbiyynnM=,QOwiIy9tos9V4iRzVRAqHktXWjI=
-6,-10,7TsYGOd6Mh65b87/O3hxbiyynnM=,QOwiIy9tos9V4iRzVRAqHktXWjI=
-4,-13,7TsYGOd6Mh65b87/O3hxbiyynnM=,QOwiIy9tos9V4iRzVRAqHktXWjI=
-9,-16,7TsYGOd6Mh65b87/O3hxbiyynnM=,m2YggXGQaq/mwAoHGo8kBCD+eDE=
-11,-16,7TsYGOd6Mh65b87/O3hxbiyynnM=,m2YggXGQaq/mwAoHGo8kBCD+eDE=
-4,-16,7TsYGOd6Mh65b87/O3hxbiyynnM=,QOwiIy9tos9V4iRzVRAqHktXWjI=
-10,-16,7TsYGOd6Mh65b87/O3hxbiyynnM=,m2YggXGQaq/mwAoHGo8kBCD+eDE=
-12,-3,7TsYGOd6Mh65b87/O3hxbiyynnM=,/lUCIwttW25jP6HptE796SgvAJo=
-9,-1,7TsYGOd6Mh65b87/O3hxbiyynnM=,/lUCIwttW25jP6HptE796SgvAJo=
-13,-3,7TsYGOd6Mh65b87/O3hxbiyynnM=,/lUCIwttW25jP6HptE796SgvAJo=
-7,-2,7TsYGOd6Mh65b87/O3hxbiyynnM=,+layMq6gEyoqeT6a5Alt1IGpdn4=
-8,-2,7TsYGOd6Mh65b87/O3hxbiyynnM=,+layMq6gEyoqeT6a5Alt1IGpdn4=
-13,-1,7TsYGOd6Mh65b87/O3hxbiyynnM=,/lUCIwttW25jP6HptE796SgvAJo=
-9,-2,7TsYGOd6Mh65b87/O3hxbiyynnM=,/lUCIwttW25jP6HptE796SgvAJo=
-8,-3,7TsYGOd6Mh65b87/O3hxbiyynnM=,+layMq6gEyoqeT6a5Alt1IGpdn4=
-6,-2,7TsYGOd6Mh65b87/O3hxbiyynnM=,+layMq6gEyoqeT6a5Alt1IGpdn4=
-10,-1,7TsYGOd6Mh65b87/O3hxbiyynnM=,/lUCIwttW25jP6HptE796SgvAJo=
-7,-3,7TsYGOd6Mh65b87/O3hxbiyynnM=,+layMq6gEyoqeT6a5Alt1IGpdn4=
-11,-3,7TsYGOd6Mh65b87/O3hxbiyynnM=,/lUCIwttW25jP6HptE796SgvAJo=
-13,-2,7TsYGOd6Mh65b87/O3hxbiyynnM=,/lUCIwttW25jP6HptE796SgvAJo=
-11,-1,7TsYGOd6Mh65b87/O3hxbiyynnM=,/lUCIwttW25jP6HptE796SgvAJo=
-6,-3,7TsYGOd6Mh65b87/O3hxbiyynnM=,+layMq6gEyoqeT6a5Alt1IGpdn4=
-8,-1,7TsYGOd6Mh65b87/O3hxbiyynnM=,+layMq6gEyoqeT6a5Alt1IGpdn4=
-12,-2,7TsYGOd6Mh65b87/O3hxbiyynnM=,/lUCIwttW25jP6HptE796SgvAJo=
-12,-1,7TsYGOd6Mh65b87/O3hxbiyynnM=,/lUCIwttW25jP6HptE796SgvAJo=
-10,-2,7TsYGOd6Mh65b87/O3hxbiyynnM=,/lUCIwttW25jP6HptE796SgvAJo=
-7,-1,7TsYGOd6Mh65b87/O3hxbiyynnM=,+layMq6gEyoqeT6a5Alt1IGpdn4=
-11,-2,7TsYGOd6Mh65b87/O3hxbiyynnM=,/lUCIwttW25jP6HptE796SgvAJo=
-6,-1,7TsYGOd6Mh65b87/O3hxbiyynnM=,+layMq6gEyoqeT6a5Alt1IGpdn4=
-9,-3,7TsYGOd6Mh65b87/O3hxbiyynnM=,/lUCIwttW25jP6HptE796SgvAJo=
-10,-3,7TsYGOd6Mh65b87/O3hxbiyynnM=,/lUCIwttW25jP6HptE796SgvAJo=
-16,-4,7TsYGOd6Mh65b87/O3hxbiyynnM=,/lUCIwttW25jP6HptE796SgvAJo=
-15,-5,7TsYGOd6Mh65b87/O3hxbiyynnM=,/lUCIwttW25jP6HptE796SgvAJo=
-15,-4,7TsYGOd6Mh65b87/O3hxbiyynnM=,/lUCIwttW25jP6HptE796SgvAJo=
-16,-5,7TsYGOd6Mh65b87/O3hxbiyynnM=,/lUCIwttW25jP6HptE796SgvAJo=
-14,-4,7TsYGOd6Mh65b87/O3hxbiyynnM=,/lUCIwttW25jP6HptE796SgvAJo=
-14,-5,7TsYGOd6Mh65b87/O3hxbiyynnM=,/lUCIwttW25jP6HptE796SgvAJo=
-3,-13,7TsYGOd6Mh65b87/O3hxbiyynnM=,QOwiIy9tos9V4iRzVRAqHktXWjI=
-2,-12,7TsYGOd6Mh65b87/O3hxbiyynnM=,QOwiIy9tos9V4iRzVRAqHktXWjI=
-1,-12,7TsYGOd6Mh65b87/O3hxbiyynnM=,QOwiIy9tos9V4iRzVRAqHktXWjI=
-1,-13,7TsYGOd6Mh65b87/O3hxbiyynnM=,QOwiIy9tos9V4iRzVRAqHktXWjI=
-3,-12,7TsYGOd6Mh65b87/O3hxbiyynnM=,QOwiIy9tos9V4iRzVRAqHktXWjI=
-2,-13,7TsYGOd6Mh65b87/O3hxbiyynnM=,QOwiIy9tos9V4iRzVRAqHktXWjI=
-16,-2,7TsYGOd6Mh65b87/O3hxbiyynnM=,/lUCIwttW25jP6HptE796SgvAJo=
-3,-9,7TsYGOd6Mh65b87/O3hxbiyynnM=,QOwiIy9tos9V4iRzVRAqHktXWjI=
-2,-9,7TsYGOd6Mh65b87/O3hxbiyynnM=,QOwiIy9tos9V4iRzVRAqHktXWjI=
-1,-6,7TsYGOd6Mh65b87/O3hxbiyynnM=,+layMq6gEyoqeT6a5Alt1IGpdn4=
-15,-3,7TsYGOd6Mh65b87/O3hxbiyynnM=,/lUCIwttW25jP6HptE796SgvAJo=
-16,-3,7TsYGOd6Mh65b87/O3hxbiyynnM=,/lUCIwttW25jP6HptE796SgvAJo=
-16,-1,7TsYGOd6Mh65b87/O3hxbiyynnM=,/lUCIwttW25jP6HptE796SgvAJo=
-15,-2,7TsYGOd6Mh65b87/O3hxbiyynnM=,/lUCIwttW25jP6HptE796SgvAJo=
-15,-1,7TsYGOd6Mh65b87/O3hxbiyynnM=,/lUCIwttW25jP6HptE796SgvAJo=
-14,-3,7TsYGOd6Mh65b87/O3hxbiyynnM=,/lUCIwttW25jP6HptE796SgvAJo=
-14,-1,7TsYGOd6Mh65b87/O3hxbiyynnM=,/lUCIwttW25jP6HptE796SgvAJo=
-1,-4,7TsYGOd6Mh65b87/O3hxbiyynnM=,+layMq6gEyoqeT6a5Alt1IGpdn4=
-3,-2,7TsYGOd6Mh65b87/O3hxbiyynnM=,+layMq6gEyoqeT6a5Alt1IGpdn4=
-2,-6,7TsYGOd6Mh65b87/O3hxbiyynnM=,+layMq6gEyoqeT6a5Alt1IGpdn4=
-3,-4,7TsYGOd6Mh65b87/O3hxbiyynnM=,+layMq6gEyoqeT6a5Alt1IGpdn4=
-2,-4,7TsYGOd6Mh65b87/O3hxbiyynnM=,+layMq6gEyoqeT6a5Alt1IGpdn4=
-3,-6,7TsYGOd6Mh65b87/O3hxbiyynnM=,+layMq6gEyoqeT6a5Alt1IGpdn4=
-14,-2,7TsYGOd6Mh65b87/O3hxbiyynnM=,/lUCIwttW25jP6HptE796SgvAJo=
-1,-9,7TsYGOd6Mh65b87/O3hxbiyynnM=,QOwiIy9tos9V4iRzVRAqHktXWjI=
-3,-5,7TsYGOd6Mh65b87/O3hxbiyynnM=,+layMq6gEyoqeT6a5Alt1IGpdn4=
-1,-10,7TsYGOd6Mh65b87/O3hxbiyynnM=,QOwiIy9tos9V4iRzVRAqHktXWjI=
-1,-7,7TsYGOd6Mh65b87/O3hxbiyynnM=,+layMq6gEyoqeT6a5Alt1IGpdn4=
-1,-3,7TsYGOd6Mh65b87/O3hxbiyynnM=,+layMq6gEyoqeT6a5Alt1IGpdn4=
-2,-3,7TsYGOd6Mh65b87/O3hxbiyynnM=,+layMq6gEyoqeT6a5Alt1IGpdn4=
-1,-8,7TsYGOd6Mh65b87/O3hxbiyynnM=,+layMq6gEyoqeT6a5Alt1IGpdn4=
-2,-11,7TsYGOd6Mh65b87/O3hxbiyynnM=,QOwiIy9tos9V4iRzVRAqHktXWjI=
-2,-5,7TsYGOd6Mh65b87/O3hxbiyynnM=,+layMq6gEyoqeT6a5Alt1IGpdn4=
-2,-2,7TsYGOd6Mh65b87/O3hxbiyynnM=,+layMq6gEyoqeT6a5Alt1IGpdn4=
-2,-10,7TsYGOd6Mh65b87/O3hxbiyynnM=,QOwiIy9tos9V4iRzVRAqHktXWjI=
-1,-5,7TsYGOd6Mh65b87/O3hxbiyynnM=,+layMq6gEyoqeT6a5Alt1IGpdn4=
-1,-11,7TsYGOd6Mh65b87/O3hxbiyynnM=,QOwiIy9tos9V4iRzVRAqHktXWjI=
-2,-8,7TsYGOd6Mh65b87/O3hxbiyynnM=,+layMq6gEyoqeT6a5Alt1IGpdn4=
-3,-11,7TsYGOd6Mh65b87/O3hxbiyynnM=,QOwiIy9tos9V4iRzVRAqHktXWjI=
-3,-7,7TsYGOd6Mh65b87/O3hxbiyynnM=,+layMq6gEyoqeT6a5Alt1IGpdn4=
-3,-3,7TsYGOd6Mh65b87/O3hxbiyynnM=,+layMq6gEyoqeT6a5Alt1IGpdn4=
-3,-8,7TsYGOd6Mh65b87/O3hxbiyynnM=,+layMq6gEyoqeT6a5Alt1IGpdn4=
-3,-10,7TsYGOd6Mh65b87/O3hxbiyynnM=,QOwiIy9tos9V4iRzVRAqHktXWjI=
-1,-2,7TsYGOd6Mh65b87/O3hxbiyynnM=,+layMq6gEyoqeT6a5Alt1IGpdn4=
-3,-1,7TsYGOd6Mh65b87/O3hxbiyynnM=,+layMq6gEyoqeT6a5Alt1IGpdn4=
-2,-7,7TsYGOd6Mh65b87/O3hxbiyynnM=,+layMq6gEyoqeT6a5Alt1IGpdn4=
-1,-1,7TsYGOd6Mh65b87/O3hxbiyynnM=,+layMq6gEyoqeT6a5Alt1IGpdn4=
-2,-1,7TsYGOd6Mh65b87/O3hxbiyynnM=,+layMq6gEyoqeT6a5Alt1IGpdn4=
-15,-12,7TsYGOd6Mh65b87/O3hxbiyynnM=,m2YggXGQaq/mwAoHGo8kBCD+eDE=
-16,-12,7TsYGOd6Mh65b87/O3hxbiyynnM=,m2YggXGQaq/mwAoHGo8kBCD+eDE=
-14,-12,7TsYGOd6Mh65b87/O3hxbiyynnM=,m2YggXGQaq/mwAoHGo8kBCD+eDE=
-16,-11,7TsYGOd6Mh65b87/O3hxbiyynnM=,m2YggXGQaq/mwAoHGo8kBCD+eDE=
-16,-13,7TsYGOd6Mh65b87/O3hxbiyynnM=,m2YggXGQaq/mwAoHGo8kBCD+eDE=
-14,-11,7TsYGOd6Mh65b87/O3hxbiyynnM=,m2YggXGQaq/mwAoHGo8kBCD+eDE=
-16,-10,7TsYGOd6Mh65b87/O3hxbiyynnM=,m2YggXGQaq/mwAoHGo8kBCD+eDE=
-15,-10,7TsYGOd6Mh65b87/O3hxbiyynnM=,m2YggXGQaq/mwAoHGo8kBCD+eDE=
-15,-11,7TsYGOd6Mh65b87/O3hxbiyynnM=,m2YggXGQaq/mwAoHGo8kBCD+eDE=
-14,-10,7TsYGOd6Mh65b87/O3hxbiyynnM=,m2YggXGQaq/mwAoHGo8kBCD+eDE=
-16,-9,7TsYGOd6Mh65b87/O3hxbiyynnM=,m2YggXGQaq/mwAoHGo8kBCD+eDE=
-15,-9,7TsYGOd6Mh65b87/O3hxbiyynnM=,m2YggXGQaq/mwAoHGo8kBCD+eDE=
-14,-7,7TsYGOd6Mh65b87/O3hxbiyynnM=,/lUCIwttW25jP6HptE796SgvAJo=
-15,-7,7TsYGOd6Mh65b87/O3hxbiyynnM=,/lUCIwttW25jP6HptE796SgvAJo=
-14,-9,7TsYGOd6Mh65b87/O3hxbiyynnM=,m2YggXGQaq/mwAoHGo8kBCD+eDE=
-15,-13,7TsYGOd6Mh65b87/O3hxbiyynnM=,m2YggXGQaq/mwAoHGo8kBCD+eDE=
-16,-8,7TsYGOd6Mh65b87/O3hxbiyynnM=,/lUCIwttW25jP6HptE796SgvAJo=
-14,-13,7TsYGOd6Mh65b87/O3hxbiyynnM=,m2YggXGQaq/mwAoHGo8kBCD+eDE=
-16,-7,7TsYGOd6Mh65b87/O3hxbiyynnM=,/lUCIwttW25jP6HptE796SgvAJo=
-15,-8,7TsYGOd6Mh65b87/O3hxbiyynnM=,/lUCIwttW25jP6HptE796SgvAJo=
-16,-6,7TsYGOd6Mh65b87/O3hxbiyynnM=,/lUCIwttW25jP6HptE796SgvAJo=
-14,-8,7TsYGOd6Mh65b87/O3hxbiyynnM=,/lUCIwttW25jP6HptE796SgvAJo=
-14,-6,7TsYGOd6Mh65b87/O3hxbiyynnM=,/lUCIwttW25jP6HptE796SgvAJo=
-15,-6,7TsYGOd6Mh65b87/O3hxbiyynnM=,/lUCIwttW25jP6HptE796SgvAJo=
-1,-16,7TsYGOd6Mh65b87/O3hxbiyynnM=,QOwiIy9tos9V4iRzVRAqHktXWjI=
-3,-14,7TsYGOd6Mh65b87/O3hxbiyynnM=,QOwiIy9tos9V4iRzVRAqHktXWjI=
-3,-16,7TsYGOd6Mh65b87/O3hxbiyynnM=,QOwiIy9tos9V4iRzVRAqHktXWjI=
-3,-15,7TsYGOd6Mh65b87/O3hxbiyynnM=,QOwiIy9tos9V4iRzVRAqHktXWjI=
-1,-14,7TsYGOd6Mh65b87/O3hxbiyynnM=,QOwiIy9tos9V4iRzVRAqHktXWjI=
-2,-15,7TsYGOd6Mh65b87/O3hxbiyynnM=,QOwiIy9tos9V4iRzVRAqHktXWjI=
-1,-15,7TsYGOd6Mh65b87/O3hxbiyynnM=,QOwiIy9tos9V4iRzVRAqHktXWjI=
-2,-14,7TsYGOd6Mh65b87/O3hxbiyynnM=,QOwiIy9tos9V4iRzVRAqHktXWjI=
-2,-16,7TsYGOd6Mh65b87/O3hxbiyynnM=,QOwiIy9tos9V4iRzVRAqHktXWjI=
-14,-15,7TsYGOd6Mh65b87/O3hxbiyynnM=,m2YggXGQaq/mwAoHGo8kBCD+eDE=
-16,-16,7TsYGOd6Mh65b87/O3hxbiyynnM=,m2YggXGQaq/mwAoHGo8kBCD+eDE=
-14,-14,7TsYGOd6Mh65b87/O3hxbiyynnM=,m2YggXGQaq/mwAoHGo8kBCD+eDE=
-15,-14,7TsYGOd6Mh65b87/O3hxbiyynnM=,m2YggXGQaq/mwAoHGo8kBCD+eDE=
-16,-14,7TsYGOd6Mh65b87/O3hxbiyynnM=,m2YggXGQaq/mwAoHGo8kBCD+eDE=
-15,-15,7TsYGOd6Mh65b87/O3hxbiyynnM=,m2YggXGQaq/mwAoHGo8kBCD+eDE=
-16,-15,7TsYGOd6Mh65b87/O3hxbiyynnM=,m2YggXGQaq/mwAoHGo8kBCD+eDE=
-14,-16,7TsYGOd6Mh65b87/O3hxbiyynnM=,m2YggXGQaq/mwAoHGo8kBCD+eDE=
-15,-16,7TsYGOd6Mh65b87/O3hxbiyynnM=,m2YggXGQaq/mwAoHGo8kBCD+eDE=
-13,-32,7TsYGOd6Mh65b87/O3hxbiyynnM=,Po5s7bU8SUgSBjhVnoX6C7D9CWk=
-12,-32,7TsYGOd6Mh65b87/O3hxbiyynnM=,Po5s7bU8SUgSBjhVnoX6C7D9CWk=
-12,-30,7TsYGOd6Mh65b87/O3hxbiyynnM=,Po5s7bU8SUgSBjhVnoX6C7D9CWk=
-13,-30,7TsYGOd6Mh65b87/O3hxbiyynnM=,Po5s7bU8SUgSBjhVnoX6C7D9CWk=
-12,-31,7TsYGOd6Mh65b87/O3hxbiyynnM=,Po5s7bU8SUgSBjhVnoX6C7D9CWk=
-13,-31,7TsYGOd6Mh65b87/O3hxbiyynnM=,Po5s7bU8SUgSBjhVnoX6C7D9CWk=
-12,-28,7TsYGOd6Mh65b87/O3hxbiyynnM=,Po5s7bU8SUgSBjhVnoX6C7D9CWk=
-13,-28,7TsYGOd6Mh65b87/O3hxbiyynnM=,Po5s7bU8SUgSBjhVnoX6C7D9CWk=
-12,-29,7TsYGOd6Mh65b87/O3hxbiyynnM=,Po5s7bU8SUgSBjhVnoX6C7D9CWk=
-13,-29,7TsYGOd6Mh65b87/O3hxbiyynnM=,Po5s7bU8SUgSBjhVnoX6C7D9CWk=
-6,-32,v04lF95uxtm6kIHh8wyHA6IbuWs=,qTVe54pbHxuvNFKT2PoQv/P+oy8=
-11,-30,v04lF95uxtm6kIHh8wyHA6IbuWs=,Po5s7bU8SUgSBjhVnoX6C7D9CWk=
-5,-32,v04lF95uxtm6kIHh8wyHA6IbuWs=,qTVe54pbHxuvNFKT2PoQv/P+oy8=
-6,-29,v04lF95uxtm6kIHh8wyHA6IbuWs=,qTVe54pbHxuvNFKT2PoQv/P+oy8=
-10,-30,v04lF95uxtm6kIHh8wyHA6IbuWs=,Po5s7bU8SUgSBjhVnoX6C7D9CWk=
-7,-29,v04lF95uxtm6kIHh8wyHA6IbuWs=,qTVe54pbHxuvNFKT2PoQv/P+oy8=
-8,-29,v04lF95uxtm6kIHh8wyHA6IbuWs=,qTVe54pbHxuvNFKT2PoQv/P+oy8=
-7,-32,v04lF95uxtm6kIHh8wyHA6IbuWs=,qTVe54pbHxuvNFKT2PoQv/P+oy8=
-8,-32,v04lF95uxtm6kIHh8wyHA6IbuWs=,qTVe54pbHxuvNFKT2PoQv/P+oy8=
-5,-30,v04lF95uxtm6kIHh8wyHA6IbuWs=,qTVe54pbHxuvNFKT2PoQv/P+oy8=
-6,-30,v04lF95uxtm6kIHh8wyHA6IbuWs=,qTVe54pbHxuvNFKT2PoQv/P+oy8=
-7,-30,v04lF95uxtm6kIHh8wyHA6IbuWs=,qTVe54pbHxuvNFKT2PoQv/P+oy8=
-9,-31,v04lF95uxtm6kIHh8wyHA6IbuWs=,Po5s7bU8SUgSBjhVnoX6C7D9CWk=
-10,-31,v04lF95uxtm6kIHh8wyHA6IbuWs=,Po5s7bU8SUgSBjhVnoX6C7D9CWk=
-11,-31,v04lF95uxtm6kIHh8wyHA6IbuWs=,Po5s7bU8SUgSBjhVnoX6C7D9CWk=
-8,-30,v04lF95uxtm6kIHh8wyHA6IbuWs=,qTVe54pbHxuvNFKT2PoQv/P+oy8=
-4,-32,v04lF95uxtm6kIHh8wyHA6IbuWs=,qTVe54pbHxuvNFKT2PoQv/P+oy8=
-4,-30,v04lF95uxtm6kIHh8wyHA6IbuWs=,qTVe54pbHxuvNFKT2PoQv/P+oy8=
-5,-29,v04lF95uxtm6kIHh8wyHA6IbuWs=,qTVe54pbHxuvNFKT2PoQv/P+oy8=
-9,-30,v04lF95uxtm6kIHh8wyHA6IbuWs=,Po5s7bU8SUgSBjhVnoX6C7D9CWk=
-8,-31,v04lF95uxtm6kIHh8wyHA6IbuWs=,qTVe54pbHxuvNFKT2PoQv/P+oy8=
-7,-31,v04lF95uxtm6kIHh8wyHA6IbuWs=,qTVe54pbHxuvNFKT2PoQv/P+oy8=
-11,-32,v04lF95uxtm6kIHh8wyHA6IbuWs=,Po5s7bU8SUgSBjhVnoX6C7D9CWk=
-11,-29,v04lF95uxtm6kIHh8wyHA6IbuWs=,Po5s7bU8SUgSBjhVnoX6C7D9CWk=
-6,-31,v04lF95uxtm6kIHh8wyHA6IbuWs=,qTVe54pbHxuvNFKT2PoQv/P+oy8=
-6,-28,v04lF95uxtm6kIHh8wyHA6IbuWs=,qTVe54pbHxuvNFKT2PoQv/P+oy8=
-5,-31,v04lF95uxtm6kIHh8wyHA6IbuWs=,qTVe54pbHxuvNFKT2PoQv/P+oy8=
-10,-29,v04lF95uxtm6kIHh8wyHA6IbuWs=,Po5s7bU8SUgSBjhVnoX6C7D9CWk=
-9,-29,v04lF95uxtm6kIHh8wyHA6IbuWs=,Po5s7bU8SUgSBjhVnoX6C7D9CWk=
-9,-32,v04lF95uxtm6kIHh8wyHA6IbuWs=,Po5s7bU8SUgSBjhVnoX6C7D9CWk=
-8,-28,v04lF95uxtm6kIHh8wyHA6IbuWs=,qTVe54pbHxuvNFKT2PoQv/P+oy8=
-10,-32,v04lF95uxtm6kIHh8wyHA6IbuWs=,Po5s7bU8SUgSBjhVnoX6C7D9CWk=
-7,-28,v04lF95uxtm6kIHh8wyHA6IbuWs=,qTVe54pbHxuvNFKT2PoQv/P+oy8=
-9,-28,v04lF95uxtm6kIHh8wyHA6IbuWs=,Po5s7bU8SUgSBjhVnoX6C7D9CWk=
-5,-28,v04lF95uxtm6kIHh8wyHA6IbuWs=,qTVe54pbHxuvNFKT2PoQv/P+oy8=
-4,-29,v04lF95uxtm6kIHh8wyHA6IbuWs=,qTVe54pbHxuvNFKT2PoQv/P+oy8=
-11,-28,v04lF95uxtm6kIHh8wyHA6IbuWs=,Po5s7bU8SUgSBjhVnoX6C7D9CWk=
-4,-28,v04lF95uxtm6kIHh8wyHA6IbuWs=,qTVe54pbHxuvNFKT2PoQv/P+oy8=
-10,-28,v04lF95uxtm6kIHh8wyHA6IbuWs=,Po5s7bU8SUgSBjhVnoX6C7D9CWk=
-4,-31,v04lF95uxtm6kIHh8wyHA6IbuWs=,qTVe54pbHxuvNFKT2PoQv/P+oy8=
-13,-19,v04lF95uxtm6kIHh8wyHA6IbuWs=,yQTdfoGb1E6lQIP67ScLICEeCMQ=
-12,-18,v04lF95uxtm6kIHh8wyHA6IbuWs=,yQTdfoGb1E6lQIP67ScLICEeCMQ=
-12,-22,v04lF95uxtm6kIHh8wyHA6IbuWs=,yQTdfoGb1E6lQIP67ScLICEeCMQ=
-13,-22,v04lF95uxtm6kIHh8wyHA6IbuWs=,yQTdfoGb1E6lQIP67ScLICEeCMQ=
-12,-24,v04lF95uxtm6kIHh8wyHA6IbuWs=,yQTdfoGb1E6lQIP67ScLICEeCMQ=
-12,-23,v04lF95uxtm6kIHh8wyHA6IbuWs=,yQTdfoGb1E6lQIP67ScLICEeCMQ=
-13,-26,v04lF95uxtm6kIHh8wyHA6IbuWs=,Po5s7bU8SUgSBjhVnoX6C7D9CWk=
-12,-26,v04lF95uxtm6kIHh8wyHA6IbuWs=,Po5s7bU8SUgSBjhVnoX6C7D9CWk=
-13,-23,v04lF95uxtm6kIHh8wyHA6IbuWs=,yQTdfoGb1E6lQIP67ScLICEeCMQ=
-12,-27,v04lF95uxtm6kIHh8wyHA6IbuWs=,Po5s7bU8SUgSBjhVnoX6C7D9CWk=
-13,-27,v04lF95uxtm6kIHh8wyHA6IbuWs=,Po5s7bU8SUgSBjhVnoX6C7D9CWk=
-12,-20,v04lF95uxtm6kIHh8wyHA6IbuWs=,yQTdfoGb1E6lQIP67ScLICEeCMQ=
-13,-20,v04lF95uxtm6kIHh8wyHA6IbuWs=,yQTdfoGb1E6lQIP67ScLICEeCMQ=
-12,-19,v04lF95uxtm6kIHh8wyHA6IbuWs=,yQTdfoGb1E6lQIP67ScLICEeCMQ=
-13,-24,v04lF95uxtm6kIHh8wyHA6IbuWs=,yQTdfoGb1E6lQIP67ScLICEeCMQ=
-13,-17,v04lF95uxtm6kIHh8wyHA6IbuWs=,yQTdfoGb1E6lQIP67ScLICEeCMQ=
-13,-25,v04lF95uxtm6kIHh8wyHA6IbuWs=,Po5s7bU8SUgSBjhVnoX6C7D9CWk=
-12,-21,v04lF95uxtm6kIHh8wyHA6IbuWs=,yQTdfoGb1E6lQIP67ScLICEeCMQ=
-13,-21,v04lF95uxtm6kIHh8wyHA6IbuWs=,yQTdfoGb1E6lQIP67ScLICEeCMQ=
-12,-25,v04lF95uxtm6kIHh8wyHA6IbuWs=,Po5s7bU8SUgSBjhVnoX6C7D9CWk=
-12,-17,v04lF95uxtm6kIHh8wyHA6IbuWs=,yQTdfoGb1E6lQIP67ScLICEeCMQ=
-13,-18,v04lF95uxtm6kIHh8wyHA6IbuWs=,yQTdfoGb1E6lQIP67ScLICEeCMQ=
-16,-21,v04lF95uxtm6kIHh8wyHA6IbuWs=,yQTdfoGb1E6lQIP67ScLICEeCMQ=
-15,-21,v04lF95uxtm6kIHh8wyHA6IbuWs=,yQTdfoGb1E6lQIP67ScLICEeCMQ=
-14,-21,v04lF95uxtm6kIHh8wyHA6IbuWs=,yQTdfoGb1E6lQIP67ScLICEeCMQ=
-16,-20,v04lF95uxtm6kIHh8wyHA6IbuWs=,yQTdfoGb1E6lQIP67ScLICEeCMQ=
-15,-20,v04lF95uxtm6kIHh8wyHA6IbuWs=,yQTdfoGb1E6lQIP67ScLICEeCMQ=
-14,-20,v04lF95uxtm6kIHh8wyHA6IbuWs=,yQTdfoGb1E6lQIP67ScLICEeCMQ=
-16,-29,v04lF95uxtm6kIHh8wyHA6IbuWs=,Po5s7bU8SUgSBjhVnoX6C7D9CWk=
-15,-29,v04lF95uxtm6kIHh8wyHA6IbuWs=,Po5s7bU8SUgSBjhVnoX6C7D9CWk=
-14,-29,v04lF95uxtm6kIHh8wyHA6IbuWs=,Po5s7bU8SUgSBjhVnoX6C7D9CWk=
-16,-28,v04lF95uxtm6kIHh8wyHA6IbuWs=,Po5s7bU8SUgSBjhVnoX6C7D9CWk=
-15,-22,v04lF95uxtm6kIHh8wyHA6IbuWs=,yQTdfoGb1E6lQIP67ScLICEeCMQ=
-14,-22,v04lF95uxtm6kIHh8wyHA6IbuWs=,yQTdfoGb1E6lQIP67ScLICEeCMQ=
-16,-22,v04lF95uxtm6kIHh8wyHA6IbuWs=,yQTdfoGb1E6lQIP67ScLICEeCMQ=
-14,-23,v04lF95uxtm6kIHh8wyHA6IbuWs=,yQTdfoGb1E6lQIP67ScLICEeCMQ=
-15,-23,v04lF95uxtm6kIHh8wyHA6IbuWs=,yQTdfoGb1E6lQIP67ScLICEeCMQ=
-16,-23,v04lF95uxtm6kIHh8wyHA6IbuWs=,yQTdfoGb1E6lQIP67ScLICEeCMQ=
-14,-24,v04lF95uxtm6kIHh8wyHA6IbuWs=,yQTdfoGb1E6lQIP67ScLICEeCMQ=
-15,-24,v04lF95uxtm6kIHh8wyHA6IbuWs=,yQTdfoGb1E6lQIP67ScLICEeCMQ=
-16,-24,v04lF95uxtm6kIHh8wyHA6IbuWs=,yQTdfoGb1E6lQIP67ScLICEeCMQ=
-14,-25,v04lF95uxtm6kIHh8wyHA6IbuWs=,Po5s7bU8SUgSBjhVnoX6C7D9CWk=
-15,-25,v04lF95uxtm6kIHh8wyHA6IbuWs=,Po5s7bU8SUgSBjhVnoX6C7D9CWk=
-16,-25,v04lF95uxtm6kIHh8wyHA6IbuWs=,Po5s7bU8SUgSBjhVnoX6C7D9CWk=
-14,-26,v04lF95uxtm6kIHh8wyHA6IbuWs=,Po5s7bU8SUgSBjhVnoX6C7D9CWk=
-15,-26,v04lF95uxtm6kIHh8wyHA6IbuWs=,Po5s7bU8SUgSBjhVnoX6C7D9CWk=
-16,-26,v04lF95uxtm6kIHh8wyHA6IbuWs=,Po5s7bU8SUgSBjhVnoX6C7D9CWk=
-14,-27,v04lF95uxtm6kIHh8wyHA6IbuWs=,Po5s7bU8SUgSBjhVnoX6C7D9CWk=
-15,-27,v04lF95uxtm6kIHh8wyHA6IbuWs=,Po5s7bU8SUgSBjhVnoX6C7D9CWk=
-16,-27,v04lF95uxtm6kIHh8wyHA6IbuWs=,Po5s7bU8SUgSBjhVnoX6C7D9CWk=
-14,-28,v04lF95uxtm6kIHh8wyHA6IbuWs=,Po5s7bU8SUgSBjhVnoX6C7D9CWk=
-15,-28,v04lF95uxtm6kIHh8wyHA6IbuWs=,Po5s7bU8SUgSBjhVnoX6C7D9CWk=
-16,-32,VfVta1w36vWTHzeC+naUxkzjt0I=,Po5s7bU8SUgSBjhVnoX6C7D9CWk=
-15,-32,VfVta1w36vWTHzeC+naUxkzjt0I=,Po5s7bU8SUgSBjhVnoX6C7D9CWk=
-14,-32,VfVta1w36vWTHzeC+naUxkzjt0I=,Po5s7bU8SUgSBjhVnoX6C7D9CWk=
-14,-30,VfVta1w36vWTHzeC+naUxkzjt0I=,Po5s7bU8SUgSBjhVnoX6C7D9CWk=
-15,-30,VfVta1w36vWTHzeC+naUxkzjt0I=,Po5s7bU8SUgSBjhVnoX6C7D9CWk=
-16,-31,VfVta1w36vWTHzeC+naUxkzjt0I=,Po5s7bU8SUgSBjhVnoX6C7D9CWk=
-16,-30,VfVta1w36vWTHzeC+naUxkzjt0I=,Po5s7bU8SUgSBjhVnoX6C7D9CWk=
-14,-31,VfVta1w36vWTHzeC+naUxkzjt0I=,Po5s7bU8SUgSBjhVnoX6C7D9CWk=
-15,-31,VfVta1w36vWTHzeC+naUxkzjt0I=,Po5s7bU8SUgSBjhVnoX6C7D9CWk=
-14,-17,VfVta1w36vWTHzeC+naUxkzjt0I=,yQTdfoGb1E6lQIP67ScLICEeCMQ=
-16,-19,VfVta1w36vWTHzeC+naUxkzjt0I=,yQTdfoGb1E6lQIP67ScLICEeCMQ=
-14,-18,VfVta1w36vWTHzeC+naUxkzjt0I=,yQTdfoGb1E6lQIP67ScLICEeCMQ=
-15,-17,VfVta1w36vWTHzeC+naUxkzjt0I=,yQTdfoGb1E6lQIP67ScLICEeCMQ=
-15,-18,VfVta1w36vWTHzeC+naUxkzjt0I=,yQTdfoGb1E6lQIP67ScLICEeCMQ=
-16,-17,VfVta1w36vWTHzeC+naUxkzjt0I=,yQTdfoGb1E6lQIP67ScLICEeCMQ=
-16,-18,VfVta1w36vWTHzeC+naUxkzjt0I=,yQTdfoGb1E6lQIP67ScLICEeCMQ=
-15,-19,VfVta1w36vWTHzeC+naUxkzjt0I=,yQTdfoGb1E6lQIP67ScLICEeCMQ=
-14,-19,VfVta1w36vWTHzeC+naUxkzjt0I=,yQTdfoGb1E6lQIP67ScLICEeCMQ=
-8,-25,VfVta1w36vWTHzeC+naUxkzjt0I=,qTVe54pbHxuvNFKT2PoQv/P+oy8=
-9,-17,VfVta1w36vWTHzeC+naUxkzjt0I=,yQTdfoGb1E6lQIP67ScLICEeCMQ=
-8,-19,VfVta1w36vWTHzeC+naUxkzjt0I=,6E+caatsRCl4HqUbR7IiSMrTsM8=
-7,-19,VfVta1w36vWTHzeC+naUxkzjt0I=,6E+caatsRCl4HqUbR7IiSMrTsM8=
-7,-25,VfVta1w36vWTHzeC+naUxkzjt0I=,qTVe54pbHxuvNFKT2PoQv/P+oy8=
-11,-22,VfVta1w36vWTHzeC+naUxkzjt0I=,yQTdfoGb1E6lQIP67ScLICEeCMQ=
-9,-23,VfVta1w36vWTHzeC+naUxkzjt0I=,yQTdfoGb1E6lQIP67ScLICEeCMQ=
-11,-20,VfVta1w36vWTHzeC+naUxkzjt0I=,yQTdfoGb1E6lQIP67ScLICEeCMQ=
-11,-18,VfVta1w36vWTHzeC+naUxkzjt0I=,yQTdfoGb1E6lQIP67ScLICEeCMQ=
-4,-20,VfVta1w36vWTHzeC+naUxkzjt0I=,6E+caatsRCl4HqUbR7IiSMrTsM8=
-8,-20,VfVta1w36vWTHzeC+naUxkzjt0I=,6E+caatsRCl4HqUbR7IiSMrTsM8=
-11,-23,VfVta1w36vWTHzeC+naUxkzjt0I=,yQTdfoGb1E6lQIP67ScLICEeCMQ=
-10,-23,VfVta1w36vWTHzeC+naUxkzjt0I=,yQTdfoGb1E6lQIP67ScLICEeCMQ=
-5,-17,VfVta1w36vWTHzeC+naUxkzjt0I=,6E+caatsRCl4HqUbR7IiSMrTsM8=
-6,-19,VfVta1w36vWTHzeC+naUxkzjt0I=,6E+caatsRCl4HqUbR7IiSMrTsM8=
-6,-18,VfVta1w36vWTHzeC+naUxkzjt0I=,6E+caatsRCl4HqUbR7IiSMrTsM8=
-6,-17,VfVta1w36vWTHzeC+naUxkzjt0I=,6E+caatsRCl4HqUbR7IiSMrTsM8=
-7,-26,VfVta1w36vWTHzeC+naUxkzjt0I=,qTVe54pbHxuvNFKT2PoQv/P+oy8=
-7,-17,VfVta1w36vWTHzeC+naUxkzjt0I=,6E+caatsRCl4HqUbR7IiSMrTsM8=
-7,-18,VfVta1w36vWTHzeC+naUxkzjt0I=,6E+caatsRCl4HqUbR7IiSMrTsM8=
-8,-26,VfVta1w36vWTHzeC+naUxkzjt0I=,qTVe54pbHxuvNFKT2PoQv/P+oy8=
-10,-18,VfVta1w36vWTHzeC+naUxkzjt0I=,yQTdfoGb1E6lQIP67ScLICEeCMQ=
-9,-21,VfVta1w36vWTHzeC+naUxkzjt0I=,yQTdfoGb1E6lQIP67ScLICEeCMQ=
-8,-18,VfVta1w36vWTHzeC+naUxkzjt0I=,6E+caatsRCl4HqUbR7IiSMrTsM8=
-4,-25,VfVta1w36vWTHzeC+naUxkzjt0I=,qTVe54pbHxuvNFKT2PoQv/P+oy8=
-9,-24,VfVta1w36vWTHzeC+naUxkzjt0I=,yQTdfoGb1E6lQIP67ScLICEeCMQ=
-4,-17,VfVta1w36vWTHzeC+naUxkzjt0I=,6E+caatsRCl4HqUbR7IiSMrTsM8=
-10,-17,VfVta1w36vWTHzeC+naUxkzjt0I=,yQTdfoGb1E6lQIP67ScLICEeCMQ=
-8,-24,VfVta1w36vWTHzeC+naUxkzjt0I=,6E+caatsRCl4HqUbR7IiSMrTsM8=
-4,-21,VfVta1w36vWTHzeC+naUxkzjt0I=,6E+caatsRCl4HqUbR7IiSMrTsM8=
-11,-17,VfVta1w36vWTHzeC+naUxkzjt0I=,yQTdfoGb1E6lQIP67ScLICEeCMQ=
-5,-21,VfVta1w36vWTHzeC+naUxkzjt0I=,6E+caatsRCl4HqUbR7IiSMrTsM8=
-9,-25,VfVta1w36vWTHzeC+naUxkzjt0I=,Po5s7bU8SUgSBjhVnoX6C7D9CWk=
-11,-24,VfVta1w36vWTHzeC+naUxkzjt0I=,yQTdfoGb1E6lQIP67ScLICEeCMQ=
-10,-20,VfVta1w36vWTHzeC+naUxkzjt0I=,yQTdfoGb1E6lQIP67ScLICEeCMQ=
-5,-27,VfVta1w36vWTHzeC+naUxkzjt0I=,qTVe54pbHxuvNFKT2PoQv/P+oy8=
-8,-17,VfVta1w36vWTHzeC+naUxkzjt0I=,6E+caatsRCl4HqUbR7IiSMrTsM8=
-10,-25,VfVta1w36vWTHzeC+naUxkzjt0I=,Po5s7bU8SUgSBjhVnoX6C7D9CWk=
-4,-27,VfVta1w36vWTHzeC+naUxkzjt0I=,qTVe54pbHxuvNFKT2PoQv/P+oy8=
-10,-24,VfVta1w36vWTHzeC+naUxkzjt0I=,yQTdfoGb1E6lQIP67ScLICEeCMQ=
-11,-25,VfVta1w36vWTHzeC+naUxkzjt0I=,Po5s7bU8SUgSBjhVnoX6C7D9CWk=
-7,-27,VfVta1w36vWTHzeC+naUxkzjt0I=,qTVe54pbHxuvNFKT2PoQv/P+oy8=
-6,-27,VfVta1w36vWTHzeC+naUxkzjt0I=,qTVe54pbHxuvNFKT2PoQv/P+oy8=
-9,-20,VfVta1w36vWTHzeC+naUxkzjt0I=,yQTdfoGb1E6lQIP67ScLICEeCMQ=
-8,-27,VfVta1w36vWTHzeC+naUxkzjt0I=,qTVe54pbHxuvNFKT2PoQv/P+oy8=
-3,-32,VfVta1w36vWTHzeC+naUxkzjt0I=,qTVe54pbHxuvNFKT2PoQv/P+oy8=
-1,-30,VfVta1w36vWTHzeC+naUxkzjt0I=,qTVe54pbHxuvNFKT2PoQv/P+oy8=
-7,-21,VfVta1w36vWTHzeC+naUxkzjt0I=,6E+caatsRCl4HqUbR7IiSMrTsM8=
-10,-21,VfVta1w36vWTHzeC+naUxkzjt0I=,yQTdfoGb1E6lQIP67ScLICEeCMQ=
-11,-21,VfVta1w36vWTHzeC+naUxkzjt0I=,yQTdfoGb1E6lQIP67ScLICEeCMQ=
-6,-21,VfVta1w36vWTHzeC+naUxkzjt0I=,6E+caatsRCl4HqUbR7IiSMrTsM8=
-2,-32,VfVta1w36vWTHzeC+naUxkzjt0I=,qTVe54pbHxuvNFKT2PoQv/P+oy8=
-7,-24,VfVta1w36vWTHzeC+naUxkzjt0I=,6E+caatsRCl4HqUbR7IiSMrTsM8=
-2,-30,VfVta1w36vWTHzeC+naUxkzjt0I=,qTVe54pbHxuvNFKT2PoQv/P+oy8=
-1,-28,VfVta1w36vWTHzeC+naUxkzjt0I=,qTVe54pbHxuvNFKT2PoQv/P+oy8=
-3,-30,VfVta1w36vWTHzeC+naUxkzjt0I=,qTVe54pbHxuvNFKT2PoQv/P+oy8=
-1,-32,VfVta1w36vWTHzeC+naUxkzjt0I=,qTVe54pbHxuvNFKT2PoQv/P+oy8=
-2,-28,VfVta1w36vWTHzeC+naUxkzjt0I=,qTVe54pbHxuvNFKT2PoQv/P+oy8=
-8,-21,VfVta1w36vWTHzeC+naUxkzjt0I=,6E+caatsRCl4HqUbR7IiSMrTsM8=
-6,-24,VfVta1w36vWTHzeC+naUxkzjt0I=,6E+caatsRCl4HqUbR7IiSMrTsM8=
-3,-28,VfVta1w36vWTHzeC+naUxkzjt0I=,qTVe54pbHxuvNFKT2PoQv/P+oy8=
-9,-26,VfVta1w36vWTHzeC+naUxkzjt0I=,Po5s7bU8SUgSBjhVnoX6C7D9CWk=
-10,-26,VfVta1w36vWTHzeC+naUxkzjt0I=,Po5s7bU8SUgSBjhVnoX6C7D9CWk=
-8,-23,VfVta1w36vWTHzeC+naUxkzjt0I=,6E+caatsRCl4HqUbR7IiSMrTsM8=
-1,-29,VfVta1w36vWTHzeC+naUxkzjt0I=,qTVe54pbHxuvNFKT2PoQv/P+oy8=
-11,-26,VfVta1w36vWTHzeC+naUxkzjt0I=,Po5s7bU8SUgSBjhVnoX6C7D9CWk=
-3,-31,VfVta1w36vWTHzeC+naUxkzjt0I=,qTVe54pbHxuvNFKT2PoQv/P+oy8=
-1,-31,VfVta1w36vWTHzeC+naUxkzjt0I=,qTVe54pbHxuvNFKT2PoQv/P+oy8=
-3,-29,VfVta1w36vWTHzeC+naUxkzjt0I=,qTVe54pbHxuvNFKT2PoQv/P+oy8=
-10,-27,VfVta1w36vWTHzeC+naUxkzjt0I=,Po5s7bU8SUgSBjhVnoX6C7D9CWk=
-11,-27,VfVta1w36vWTHzeC+naUxkzjt0I=,Po5s7bU8SUgSBjhVnoX6C7D9CWk=
-9,-27,VfVta1w36vWTHzeC+naUxkzjt0I=,Po5s7bU8SUgSBjhVnoX6C7D9CWk=
-2,-31,VfVta1w36vWTHzeC+naUxkzjt0I=,qTVe54pbHxuvNFKT2PoQv/P+oy8=
-5,-19,VfVta1w36vWTHzeC+naUxkzjt0I=,6E+caatsRCl4HqUbR7IiSMrTsM8=
-2,-29,VfVta1w36vWTHzeC+naUxkzjt0I=,qTVe54pbHxuvNFKT2PoQv/P+oy8=
-5,-25,VfVta1w36vWTHzeC+naUxkzjt0I=,qTVe54pbHxuvNFKT2PoQv/P+oy8=
-9,-18,VfVta1w36vWTHzeC+naUxkzjt0I=,yQTdfoGb1E6lQIP67ScLICEeCMQ=
-5,-22,VfVta1w36vWTHzeC+naUxkzjt0I=,6E+caatsRCl4HqUbR7IiSMrTsM8=
-6,-25,VfVta1w36vWTHzeC+naUxkzjt0I=,qTVe54pbHxuvNFKT2PoQv/P+oy8=
-4,-22,VfVta1w36vWTHzeC+naUxkzjt0I=,6E+caatsRCl4HqUbR7IiSMrTsM8=
-9,-19,VfVta1w36vWTHzeC+naUxkzjt0I=,yQTdfoGb1E6lQIP67ScLICEeCMQ=
-4,-18,VfVta1w36vWTHzeC+naUxkzjt0I=,6E+caatsRCl4HqUbR7IiSMrTsM8=
-5,-18,VfVta1w36vWTHzeC+naUxkzjt0I=,6E+caatsRCl4HqUbR7IiSMrTsM8=
-5,-26,VfVta1w36vWTHzeC+naUxkzjt0I=,qTVe54pbHxuvNFKT2PoQv/P+oy8=
-4,-26,VfVta1w36vWTHzeC+naUxkzjt0I=,qTVe54pbHxuvNFKT2PoQv/P+oy8=
-6,-22,VfVta1w36vWTHzeC+naUxkzjt0I=,6E+caatsRCl4HqUbR7IiSMrTsM8=
-10,-22,VfVta1w36vWTHzeC+naUxkzjt0I=,yQTdfoGb1E6lQIP67ScLICEeCMQ=
-6,-26,VfVta1w36vWTHzeC+naUxkzjt0I=,qTVe54pbHxuvNFKT2PoQv/P+oy8=
-8,-22,VfVta1w36vWTHzeC+naUxkzjt0I=,6E+caatsRCl4HqUbR7IiSMrTsM8=
-7,-22,VfVta1w36vWTHzeC+naUxkzjt0I=,6E+caatsRCl4HqUbR7IiSMrTsM8=
-10,-19,VfVta1w36vWTHzeC+naUxkzjt0I=,yQTdfoGb1E6lQIP67ScLICEeCMQ=
-9,-22,VfVta1w36vWTHzeC+naUxkzjt0I=,yQTdfoGb1E6lQIP67ScLICEeCMQ=
-5,-24,VfVta1w36vWTHzeC+naUxkzjt0I=,6E+caatsRCl4HqUbR7IiSMrTsM8=
-4,-24,VfVta1w36vWTHzeC+naUxkzjt0I=,6E+caatsRCl4HqUbR7IiSMrTsM8=
-4,-19,VfVta1w36vWTHzeC+naUxkzjt0I=,6E+caatsRCl4HqUbR7IiSMrTsM8=
-11,-19,VfVta1w36vWTHzeC+naUxkzjt0I=,yQTdfoGb1E6lQIP67ScLICEeCMQ=
-5,-20,VfVta1w36vWTHzeC+naUxkzjt0I=,6E+caatsRCl4HqUbR7IiSMrTsM8=
-7,-20,VfVta1w36vWTHzeC+naUxkzjt0I=,6E+caatsRCl4HqUbR7IiSMrTsM8=
-7,-23,VfVta1w36vWTHzeC+naUxkzjt0I=,6E+caatsRCl4HqUbR7IiSMrTsM8=
-4,-23,VfVta1w36vWTHzeC+naUxkzjt0I=,6E+caatsRCl4HqUbR7IiSMrTsM8=
-5,-23,VfVta1w36vWTHzeC+naUxkzjt0I=,6E+caatsRCl4HqUbR7IiSMrTsM8=
-6,-23,VfVta1w36vWTHzeC+naUxkzjt0I=,6E+caatsRCl4HqUbR7IiSMrTsM8=
-6,-20,VfVta1w36vWTHzeC+naUxkzjt0I=,6E+caatsRCl4HqUbR7IiSMrTsM8=
-1,-27,VfVta1w36vWTHzeC+naUxkzjt0I=,qTVe54pbHxuvNFKT2PoQv/P+oy8=
-2,-25,VfVta1w36vWTHzeC+naUxkzjt0I=,qTVe54pbHxuvNFKT2PoQv/P+oy8=
-2,-27,VfVta1w36vWTHzeC+naUxkzjt0I=,qTVe54pbHxuvNFKT2PoQv/P+oy8=
-2,-20,VfVta1w36vWTHzeC+naUxkzjt0I=,6E+caatsRCl4HqUbR7IiSMrTsM8=
-1,-25,VfVta1w36vWTHzeC+naUxkzjt0I=,qTVe54pbHxuvNFKT2PoQv/P+oy8=
-2,-17,VfVta1w36vWTHzeC+naUxkzjt0I=,6E+caatsRCl4HqUbR7IiSMrTsM8=
-3,-25,VfVta1w36vWTHzeC+naUxkzjt0I=,qTVe54pbHxuvNFKT2PoQv/P+oy8=
-2,-21,VfVta1w36vWTHzeC+naUxkzjt0I=,6E+caatsRCl4HqUbR7IiSMrTsM8=
-3,-17,VfVta1w36vWTHzeC+naUxkzjt0I=,6E+caatsRCl4HqUbR7IiSMrTsM8=
-3,-20,VfVta1w36vWTHzeC+naUxkzjt0I=,6E+caatsRCl4HqUbR7IiSMrTsM8=
-3,-21,VfVta1w36vWTHzeC+naUxkzjt0I=,6E+caatsRCl4HqUbR7IiSMrTsM8=
-3,-27,VfVta1w36vWTHzeC+naUxkzjt0I=,qTVe54pbHxuvNFKT2PoQv/P+oy8=
-2,-18,VfVta1w36vWTHzeC+naUxkzjt0I=,6E+caatsRCl4HqUbR7IiSMrTsM8=
-3,-23,VfVta1w36vWTHzeC+naUxkzjt0I=,6E+caatsRCl4HqUbR7IiSMrTsM8=
-1,-24,VfVta1w36vWTHzeC+naUxkzjt0I=,6E+caatsRCl4HqUbR7IiSMrTsM8=
-2,-24,VfVta1w36vWTHzeC+naUxkzjt0I=,6E+caatsRCl4HqUbR7IiSMrTsM8=
-1,-26,VfVta1w36vWTHzeC+naUxkzjt0I=,qTVe54pbHxuvNFKT2PoQv/P+oy8=
-2,-26,VfVta1w36vWTHzeC+naUxkzjt0I=,qTVe54pbHxuvNFKT2PoQv/P+oy8=
-2,-22,VfVta1w36vWTHzeC+naUxkzjt0I=,6E+caatsRCl4HqUbR7IiSMrTsM8=
-1,-18,VfVta1w36vWTHzeC+naUxkzjt0I=,6E+caatsRCl4HqUbR7IiSMrTsM8=
-1,-20,VfVta1w36vWTHzeC+naUxkzjt0I=,6E+caatsRCl4HqUbR7IiSMrTsM8=
-1,-17,VfVta1w36vWTHzeC+naUxkzjt0I=,6E+caatsRCl4HqUbR7IiSMrTsM8=
-3,-22,VfVta1w36vWTHzeC+naUxkzjt0I=,6E+caatsRCl4HqUbR7IiSMrTsM8=
-1,-19,VfVta1w36vWTHzeC+naUxkzjt0I=,6E+caatsRCl4HqUbR7IiSMrTsM8=
-1,-21,VfVta1w36vWTHzeC+naUxkzjt0I=,6E+caatsRCl4HqUbR7IiSMrTsM8=
-2,-19,VfVta1w36vWTHzeC+naUxkzjt0I=,6E+caatsRCl4HqUbR7IiSMrTsM8=
-3,-19,VfVta1w36vWTHzeC+naUxkzjt0I=,6E+caatsRCl4HqUbR7IiSMrTsM8=
-3,-26,VfVta1w36vWTHzeC+naUxkzjt0I=,qTVe54pbHxuvNFKT2PoQv/P+oy8=
-3,-18,VfVta1w36vWTHzeC+naUxkzjt0I=,6E+caatsRCl4HqUbR7IiSMrTsM8=
-2,-23,VfVta1w36vWTHzeC+naUxkzjt0I=,6E+caatsRCl4HqUbR7IiSMrTsM8=
-3,-24,VfVta1w36vWTHzeC+naUxkzjt0I=,6E+caatsRCl4HqUbR7IiSMrTsM8=
-1,-22,VfVta1w36vWTHzeC+naUxkzjt0I=,6E+caatsRCl4HqUbR7IiSMrTsM8=
-1,-23,VfVta1w36vWTHzeC+naUxkzjt0I=,6E+caatsRCl4HqUbR7IiSMrTsM8=
-20,-17,UipVCqYj4RKLioFQFH7UPSZ97XI=,bIGjDeolaoUs6XLaAzfuVZqZie8=
-21,-20,UipVCqYj4RKLioFQFH7UPSZ97XI=,bIGjDeolaoUs6XLaAzfuVZqZie8=
-21,-17,UipVCqYj4RKLioFQFH7UPSZ97XI=,bIGjDeolaoUs6XLaAzfuVZqZie8=
-22,-17,UipVCqYj4RKLioFQFH7UPSZ97XI=,bIGjDeolaoUs6XLaAzfuVZqZie8=
-23,-17,UipVCqYj4RKLioFQFH7UPSZ97XI=,bIGjDeolaoUs6XLaAzfuVZqZie8=
-22,-21,UipVCqYj4RKLioFQFH7UPSZ97XI=,bIGjDeolaoUs6XLaAzfuVZqZie8=
-24,-23,UipVCqYj4RKLioFQFH7UPSZ97XI=,bIGjDeolaoUs6XLaAzfuVZqZie8=
-23,-21,UipVCqYj4RKLioFQFH7UPSZ97XI=,bIGjDeolaoUs6XLaAzfuVZqZie8=
-22,-20,UipVCqYj4RKLioFQFH7UPSZ97XI=,bIGjDeolaoUs6XLaAzfuVZqZie8=
-24,-21,UipVCqYj4RKLioFQFH7UPSZ97XI=,bIGjDeolaoUs6XLaAzfuVZqZie8=
-24,-17,UipVCqYj4RKLioFQFH7UPSZ97XI=,bIGjDeolaoUs6XLaAzfuVZqZie8=
-23,-22,UipVCqYj4RKLioFQFH7UPSZ97XI=,bIGjDeolaoUs6XLaAzfuVZqZie8=
-23,-20,UipVCqYj4RKLioFQFH7UPSZ97XI=,bIGjDeolaoUs6XLaAzfuVZqZie8=
-24,-22,UipVCqYj4RKLioFQFH7UPSZ97XI=,bIGjDeolaoUs6XLaAzfuVZqZie8=
-20,-18,UipVCqYj4RKLioFQFH7UPSZ97XI=,bIGjDeolaoUs6XLaAzfuVZqZie8=
-20,-24,UipVCqYj4RKLioFQFH7UPSZ97XI=,bIGjDeolaoUs6XLaAzfuVZqZie8=
-21,-18,UipVCqYj4RKLioFQFH7UPSZ97XI=,bIGjDeolaoUs6XLaAzfuVZqZie8=
-21,-24,UipVCqYj4RKLioFQFH7UPSZ97XI=,bIGjDeolaoUs6XLaAzfuVZqZie8=
-20,-23,UipVCqYj4RKLioFQFH7UPSZ97XI=,bIGjDeolaoUs6XLaAzfuVZqZie8=
-22,-18,UipVCqYj4RKLioFQFH7UPSZ97XI=,bIGjDeolaoUs6XLaAzfuVZqZie8=
-24,-20,UipVCqYj4RKLioFQFH7UPSZ97XI=,bIGjDeolaoUs6XLaAzfuVZqZie8=
-23,-18,UipVCqYj4RKLioFQFH7UPSZ97XI=,bIGjDeolaoUs6XLaAzfuVZqZie8=
-24,-18,UipVCqYj4RKLioFQFH7UPSZ97XI=,bIGjDeolaoUs6XLaAzfuVZqZie8=
-20,-19,UipVCqYj4RKLioFQFH7UPSZ97XI=,bIGjDeolaoUs6XLaAzfuVZqZie8=
-21,-19,UipVCqYj4RKLioFQFH7UPSZ97XI=,bIGjDeolaoUs6XLaAzfuVZqZie8=
-22,-19,UipVCqYj4RKLioFQFH7UPSZ97XI=,bIGjDeolaoUs6XLaAzfuVZqZie8=
-22,-23,UipVCqYj4RKLioFQFH7UPSZ97XI=,bIGjDeolaoUs6XLaAzfuVZqZie8=
-21,-23,UipVCqYj4RKLioFQFH7UPSZ97XI=,bIGjDeolaoUs6XLaAzfuVZqZie8=
-23,-19,UipVCqYj4RKLioFQFH7UPSZ97XI=,bIGjDeolaoUs6XLaAzfuVZqZie8=
-24,-19,UipVCqYj4RKLioFQFH7UPSZ97XI=,bIGjDeolaoUs6XLaAzfuVZqZie8=
-22,-24,UipVCqYj4RKLioFQFH7UPSZ97XI=,bIGjDeolaoUs6XLaAzfuVZqZie8=
-23,-24,UipVCqYj4RKLioFQFH7UPSZ97XI=,bIGjDeolaoUs6XLaAzfuVZqZie8=
-20,-21,UipVCqYj4RKLioFQFH7UPSZ97XI=,bIGjDeolaoUs6XLaAzfuVZqZie8=
-24,-24,UipVCqYj4RKLioFQFH7UPSZ97XI=,bIGjDeolaoUs6XLaAzfuVZqZie8=
-20,-22,UipVCqYj4RKLioFQFH7UPSZ97XI=,bIGjDeolaoUs6XLaAzfuVZqZie8=
-21,-22,UipVCqYj4RKLioFQFH7UPSZ97XI=,bIGjDeolaoUs6XLaAzfuVZqZie8=
-21,-21,UipVCqYj4RKLioFQFH7UPSZ97XI=,bIGjDeolaoUs6XLaAzfuVZqZie8=
-23,-23,UipVCqYj4RKLioFQFH7UPSZ97XI=,bIGjDeolaoUs6XLaAzfuVZqZie8=
-22,-22,UipVCqYj4RKLioFQFH7UPSZ97XI=,bIGjDeolaoUs6XLaAzfuVZqZie8=
-17,-24,UipVCqYj4RKLioFQFH7UPSZ97XI=,bIGjDeolaoUs6XLaAzfuVZqZie8=
-18,-24,UipVCqYj4RKLioFQFH7UPSZ97XI=,bIGjDeolaoUs6XLaAzfuVZqZie8=
-20,-20,UipVCqYj4RKLioFQFH7UPSZ97XI=,bIGjDeolaoUs6XLaAzfuVZqZie8=
-18,-18,UipVCqYj4RKLioFQFH7UPSZ97XI=,bIGjDeolaoUs6XLaAzfuVZqZie8=
-19,-18,UipVCqYj4RKLioFQFH7UPSZ97XI=,bIGjDeolaoUs6XLaAzfuVZqZie8=
-17,-23,UipVCqYj4RKLioFQFH7UPSZ97XI=,bIGjDeolaoUs6XLaAzfuVZqZie8=
-19,-17,UipVCqYj4RKLioFQFH7UPSZ97XI=,bIGjDeolaoUs6XLaAzfuVZqZie8=
-18,-23,UipVCqYj4RKLioFQFH7UPSZ97XI=,bIGjDeolaoUs6XLaAzfuVZqZie8=
-19,-24,UipVCqYj4RKLioFQFH7UPSZ97XI=,bIGjDeolaoUs6XLaAzfuVZqZie8=
-18,-19,UipVCqYj4RKLioFQFH7UPSZ97XI=,bIGjDeolaoUs6XLaAzfuVZqZie8=
-19,-23,UipVCqYj4RKLioFQFH7UPSZ97XI=,bIGjDeolaoUs6XLaAzfuVZqZie8=
-19,-19,UipVCqYj4RKLioFQFH7UPSZ97XI=,bIGjDeolaoUs6XLaAzfuVZqZie8=
-17,-21,UipVCqYj4RKLioFQFH7UPSZ97XI=,bIGjDeolaoUs6XLaAzfuVZqZie8=
-18,-21,UipVCqYj4RKLioFQFH7UPSZ97XI=,bIGjDeolaoUs6XLaAzfuVZqZie8=
-19,-20,UipVCqYj4RKLioFQFH7UPSZ97XI=,bIGjDeolaoUs6XLaAzfuVZqZie8=
-19,-21,UipVCqYj4RKLioFQFH7UPSZ97XI=,bIGjDeolaoUs6XLaAzfuVZqZie8=
-18,-22,UipVCqYj4RKLioFQFH7UPSZ97XI=,bIGjDeolaoUs6XLaAzfuVZqZie8=
-18,-17,UipVCqYj4RKLioFQFH7UPSZ97XI=,bIGjDeolaoUs6XLaAzfuVZqZie8=
-19,-22,UipVCqYj4RKLioFQFH7UPSZ97XI=,bIGjDeolaoUs6XLaAzfuVZqZie8=
-17,-22,UipVCqYj4RKLioFQFH7UPSZ97XI=,bIGjDeolaoUs6XLaAzfuVZqZie8=
-18,-20,UipVCqYj4RKLioFQFH7UPSZ97XI=,bIGjDeolaoUs6XLaAzfuVZqZie8=
-17,-20,UipVCqYj4RKLioFQFH7UPSZ97XI=,bIGjDeolaoUs6XLaAzfuVZqZie8=
-17,-19,UipVCqYj4RKLioFQFH7UPSZ97XI=,bIGjDeolaoUs6XLaAzfuVZqZie8=
-17,-17,UipVCqYj4RKLioFQFH7UPSZ97XI=,bIGjDeolaoUs6XLaAzfuVZqZie8=
-17,-18,UipVCqYj4RKLioFQFH7UPSZ97XI=,bIGjDeolaoUs6XLaAzfuVZqZie8=
-28,-6,UipVCqYj4RKLioFQFH7UPSZ97XI=,zcqbNYZui5mDIXK6vTU15ta8GXY=
-24,-8,UipVCqYj4RKLioFQFH7UPSZ97XI=,GtF+fsLhODPd80vXLZNY3PGtcyA=
-22,-6,UipVCqYj4RKLioFQFH7UPSZ97XI=,GtF+fsLhODPd80vXLZNY3PGtcyA=
-20,-4,UipVCqYj4RKLioFQFH7UPSZ97XI=,GtF+fsLhODPd80vXLZNY3PGtcyA=
-23,-8,UipVCqYj4RKLioFQFH7UPSZ97XI=,GtF+fsLhODPd80vXLZNY3PGtcyA=
-22,-8,UipVCqYj4RKLioFQFH7UPSZ97XI=,GtF+fsLhODPd80vXLZNY3PGtcyA=
-27,-6,UipVCqYj4RKLioFQFH7UPSZ97XI=,zcqbNYZui5mDIXK6vTU15ta8GXY=
-20,-6,UipVCqYj4RKLioFQFH7UPSZ97XI=,GtF+fsLhODPd80vXLZNY3PGtcyA=
-21,-6,UipVCqYj4RKLioFQFH7UPSZ97XI=,GtF+fsLhODPd80vXLZNY3PGtcyA=
-21,-5,UipVCqYj4RKLioFQFH7UPSZ97XI=,GtF+fsLhODPd80vXLZNY3PGtcyA=
-26,-6,UipVCqYj4RKLioFQFH7UPSZ97XI=,zcqbNYZui5mDIXK6vTU15ta8GXY=
-23,-7,UipVCqYj4RKLioFQFH7UPSZ97XI=,GtF+fsLhODPd80vXLZNY3PGtcyA=
-22,-7,UipVCqYj4RKLioFQFH7UPSZ97XI=,GtF+fsLhODPd80vXLZNY3PGtcyA=
-21,-7,UipVCqYj4RKLioFQFH7UPSZ97XI=,GtF+fsLhODPd80vXLZNY3PGtcyA=
-20,-5,UipVCqYj4RKLioFQFH7UPSZ97XI=,GtF+fsLhODPd80vXLZNY3PGtcyA=
-27,-5,UipVCqYj4RKLioFQFH7UPSZ97XI=,zcqbNYZui5mDIXK6vTU15ta8GXY=
-25,-6,UipVCqYj4RKLioFQFH7UPSZ97XI=,zcqbNYZui5mDIXK6vTU15ta8GXY=
-26,-5,UipVCqYj4RKLioFQFH7UPSZ97XI=,zcqbNYZui5mDIXK6vTU15ta8GXY=
-27,-8,UipVCqYj4RKLioFQFH7UPSZ97XI=,zcqbNYZui5mDIXK6vTU15ta8GXY=
-21,-8,UipVCqYj4RKLioFQFH7UPSZ97XI=,GtF+fsLhODPd80vXLZNY3PGtcyA=
-25,-8,UipVCqYj4RKLioFQFH7UPSZ97XI=,zcqbNYZui5mDIXK6vTU15ta8GXY=
-25,-5,UipVCqYj4RKLioFQFH7UPSZ97XI=,zcqbNYZui5mDIXK6vTU15ta8GXY=
-20,-8,UipVCqYj4RKLioFQFH7UPSZ97XI=,GtF+fsLhODPd80vXLZNY3PGtcyA=
-26,-8,UipVCqYj4RKLioFQFH7UPSZ97XI=,zcqbNYZui5mDIXK6vTU15ta8GXY=
-24,-4,UipVCqYj4RKLioFQFH7UPSZ97XI=,GtF+fsLhODPd80vXLZNY3PGtcyA=
-20,-7,UipVCqYj4RKLioFQFH7UPSZ97XI=,GtF+fsLhODPd80vXLZNY3PGtcyA=
-27,-7,UipVCqYj4RKLioFQFH7UPSZ97XI=,zcqbNYZui5mDIXK6vTU15ta8GXY=
-26,-7,UipVCqYj4RKLioFQFH7UPSZ97XI=,zcqbNYZui5mDIXK6vTU15ta8GXY=
-24,-6,UipVCqYj4RKLioFQFH7UPSZ97XI=,GtF+fsLhODPd80vXLZNY3PGtcyA=
-27,-4,UipVCqYj4RKLioFQFH7UPSZ97XI=,zcqbNYZui5mDIXK6vTU15ta8GXY=
-24,-5,UipVCqYj4RKLioFQFH7UPSZ97XI=,GtF+fsLhODPd80vXLZNY3PGtcyA=
-25,-7,UipVCqYj4RKLioFQFH7UPSZ97XI=,zcqbNYZui5mDIXK6vTU15ta8GXY=
-26,-4,UipVCqYj4RKLioFQFH7UPSZ97XI=,zcqbNYZui5mDIXK6vTU15ta8GXY=
-23,-5,UipVCqYj4RKLioFQFH7UPSZ97XI=,GtF+fsLhODPd80vXLZNY3PGtcyA=
-23,-4,UipVCqYj4RKLioFQFH7UPSZ97XI=,GtF+fsLhODPd80vXLZNY3PGtcyA=
-24,-7,UipVCqYj4RKLioFQFH7UPSZ97XI=,GtF+fsLhODPd80vXLZNY3PGtcyA=
-25,-4,UipVCqYj4RKLioFQFH7UPSZ97XI=,zcqbNYZui5mDIXK6vTU15ta8GXY=
-22,-4,UipVCqYj4RKLioFQFH7UPSZ97XI=,GtF+fsLhODPd80vXLZNY3PGtcyA=
-22,-5,UipVCqYj4RKLioFQFH7UPSZ97XI=,GtF+fsLhODPd80vXLZNY3PGtcyA=
-21,-4,UipVCqYj4RKLioFQFH7UPSZ97XI=,GtF+fsLhODPd80vXLZNY3PGtcyA=
-23,-6,UipVCqYj4RKLioFQFH7UPSZ97XI=,GtF+fsLhODPd80vXLZNY3PGtcyA=
-29,-6,UipVCqYj4RKLioFQFH7UPSZ97XI=,zcqbNYZui5mDIXK6vTU15ta8GXY=
-29,-3,UipVCqYj4RKLioFQFH7UPSZ97XI=,zcqbNYZui5mDIXK6vTU15ta8GXY=
-28,-1,UipVCqYj4RKLioFQFH7UPSZ97XI=,zcqbNYZui5mDIXK6vTU15ta8GXY=
-29,-1,UipVCqYj4RKLioFQFH7UPSZ97XI=,zcqbNYZui5mDIXK6vTU15ta8GXY=
-28,-7,UipVCqYj4RKLioFQFH7UPSZ97XI=,zcqbNYZui5mDIXK6vTU15ta8GXY=
-28,-4,UipVCqYj4RKLioFQFH7UPSZ97XI=,zcqbNYZui5mDIXK6vTU15ta8GXY=
-29,-4,UipVCqYj4RKLioFQFH7UPSZ97XI=,zcqbNYZui5mDIXK6vTU15ta8GXY=
-29,-7,UipVCqYj4RKLioFQFH7UPSZ97XI=,zcqbNYZui5mDIXK6vTU15ta8GXY=
-28,-3,UipVCqYj4RKLioFQFH7UPSZ97XI=,zcqbNYZui5mDIXK6vTU15ta8GXY=
-29,-8,UipVCqYj4RKLioFQFH7UPSZ97XI=,zcqbNYZui5mDIXK6vTU15ta8GXY=
-28,-8,UipVCqYj4RKLioFQFH7UPSZ97XI=,zcqbNYZui5mDIXK6vTU15ta8GXY=
-28,-5,UipVCqYj4RKLioFQFH7UPSZ97XI=,zcqbNYZui5mDIXK6vTU15ta8GXY=
-26,-1,UipVCqYj4RKLioFQFH7UPSZ97XI=,zcqbNYZui5mDIXK6vTU15ta8GXY=
-25,-1,UipVCqYj4RKLioFQFH7UPSZ97XI=,zcqbNYZui5mDIXK6vTU15ta8GXY=
-20,-1,UipVCqYj4RKLioFQFH7UPSZ97XI=,GtF+fsLhODPd80vXLZNY3PGtcyA=
-22,-3,UipVCqYj4RKLioFQFH7UPSZ97XI=,GtF+fsLhODPd80vXLZNY3PGtcyA=
-20,-3,UipVCqYj4RKLioFQFH7UPSZ97XI=,GtF+fsLhODPd80vXLZNY3PGtcyA=
-21,-3,UipVCqYj4RKLioFQFH7UPSZ97XI=,GtF+fsLhODPd80vXLZNY3PGtcyA=
-27,-2,UipVCqYj4RKLioFQFH7UPSZ97XI=,zcqbNYZui5mDIXK6vTU15ta8GXY=
-24,-3,UipVCqYj4RKLioFQFH7UPSZ97XI=,GtF+fsLhODPd80vXLZNY3PGtcyA=
-23,-3,UipVCqYj4RKLioFQFH7UPSZ97XI=,GtF+fsLhODPd80vXLZNY3PGtcyA=
-27,-3,UipVCqYj4RKLioFQFH7UPSZ97XI=,zcqbNYZui5mDIXK6vTU15ta8GXY=
-24,-1,UipVCqYj4RKLioFQFH7UPSZ97XI=,GtF+fsLhODPd80vXLZNY3PGtcyA=
-24,-2,UipVCqYj4RKLioFQFH7UPSZ97XI=,GtF+fsLhODPd80vXLZNY3PGtcyA=
-26,-2,UipVCqYj4RKLioFQFH7UPSZ97XI=,zcqbNYZui5mDIXK6vTU15ta8GXY=
-26,-3,UipVCqYj4RKLioFQFH7UPSZ97XI=,zcqbNYZui5mDIXK6vTU15ta8GXY=
-23,-1,UipVCqYj4RKLioFQFH7UPSZ97XI=,GtF+fsLhODPd80vXLZNY3PGtcyA=
-25,-2,UipVCqYj4RKLioFQFH7UPSZ97XI=,zcqbNYZui5mDIXK6vTU15ta8GXY=
-22,-1,UipVCqYj4RKLioFQFH7UPSZ97XI=,GtF+fsLhODPd80vXLZNY3PGtcyA=
-25,-3,UipVCqYj4RKLioFQFH7UPSZ97XI=,zcqbNYZui5mDIXK6vTU15ta8GXY=
-23,-2,UipVCqYj4RKLioFQFH7UPSZ97XI=,GtF+fsLhODPd80vXLZNY3PGtcyA=
-22,-2,UipVCqYj4RKLioFQFH7UPSZ97XI=,GtF+fsLhODPd80vXLZNY3PGtcyA=
-21,-2,UipVCqYj4RKLioFQFH7UPSZ97XI=,GtF+fsLhODPd80vXLZNY3PGtcyA=
-20,-2,UipVCqYj4RKLioFQFH7UPSZ97XI=,GtF+fsLhODPd80vXLZNY3PGtcyA=
-21,-1,UipVCqYj4RKLioFQFH7UPSZ97XI=,GtF+fsLhODPd80vXLZNY3PGtcyA=
-27,-1,UipVCqYj4RKLioFQFH7UPSZ97XI=,zcqbNYZui5mDIXK6vTU15ta8GXY=
-29,-5,UipVCqYj4RKLioFQFH7UPSZ97XI=,zcqbNYZui5mDIXK6vTU15ta8GXY=
-28,-2,UipVCqYj4RKLioFQFH7UPSZ97XI=,zcqbNYZui5mDIXK6vTU15ta8GXY=
-29,-2,UipVCqYj4RKLioFQFH7UPSZ97XI=,zcqbNYZui5mDIXK6vTU15ta8GXY=
-19,-4,UipVCqYj4RKLioFQFH7UPSZ97XI=,GtF+fsLhODPd80vXLZNY3PGtcyA=
-17,-5,UipVCqYj4RKLioFQFH7UPSZ97XI=,GtF+fsLhODPd80vXLZNY3PGtcyA=
-18,-5,UipVCqYj4RKLioFQFH7UPSZ97XI=,GtF+fsLhODPd80vXLZNY3PGtcyA=
-19,-5,UipVCqYj4RKLioFQFH7UPSZ97XI=,GtF+fsLhODPd80vXLZNY3PGtcyA=
-18,-4,UipVCqYj4RKLioFQFH7UPSZ97XI=,GtF+fsLhODPd80vXLZNY3PGtcyA=
-17,-4,UipVCqYj4RKLioFQFH7UPSZ97XI=,GtF+fsLhODPd80vXLZNY3PGtcyA=
-30,-5,UipVCqYj4RKLioFQFH7UPSZ97XI=,zcqbNYZui5mDIXK6vTU15ta8GXY=
-30,-4,UipVCqYj4RKLioFQFH7UPSZ97XI=,zcqbNYZui5mDIXK6vTU15ta8GXY=
-31,-4,UipVCqYj4RKLioFQFH7UPSZ97XI=,zcqbNYZui5mDIXK6vTU15ta8GXY=
-31,-5,UipVCqYj4RKLioFQFH7UPSZ97XI=,zcqbNYZui5mDIXK6vTU15ta8GXY=
-32,-5,UipVCqYj4RKLioFQFH7UPSZ97XI=,zcqbNYZui5mDIXK6vTU15ta8GXY=
-30,-3,UipVCqYj4RKLioFQFH7UPSZ97XI=,zcqbNYZui5mDIXK6vTU15ta8GXY=
-32,-4,UipVCqYj4RKLioFQFH7UPSZ97XI=,zcqbNYZui5mDIXK6vTU15ta8GXY=
-31,-3,UipVCqYj4RKLioFQFH7UPSZ97XI=,zcqbNYZui5mDIXK6vTU15ta8GXY=
-31,-2,UipVCqYj4RKLioFQFH7UPSZ97XI=,zcqbNYZui5mDIXK6vTU15ta8GXY=
-32,-3,UipVCqYj4RKLioFQFH7UPSZ97XI=,zcqbNYZui5mDIXK6vTU15ta8GXY=
-31,-1,UipVCqYj4RKLioFQFH7UPSZ97XI=,zcqbNYZui5mDIXK6vTU15ta8GXY=
-32,-2,UipVCqYj4RKLioFQFH7UPSZ97XI=,zcqbNYZui5mDIXK6vTU15ta8GXY=
-30,-2,UipVCqYj4RKLioFQFH7UPSZ97XI=,zcqbNYZui5mDIXK6vTU15ta8GXY=
-32,-1,UipVCqYj4RKLioFQFH7UPSZ97XI=,zcqbNYZui5mDIXK6vTU15ta8GXY=
-30,-1,UipVCqYj4RKLioFQFH7UPSZ97XI=,zcqbNYZui5mDIXK6vTU15ta8GXY=
-31,-6,UipVCqYj4RKLioFQFH7UPSZ97XI=,zcqbNYZui5mDIXK6vTU15ta8GXY=
-30,-6,UipVCqYj4RKLioFQFH7UPSZ97XI=,zcqbNYZui5mDIXK6vTU15ta8GXY=
-31,-8,UipVCqYj4RKLioFQFH7UPSZ97XI=,zcqbNYZui5mDIXK6vTU15ta8GXY=
-32,-6,UipVCqYj4RKLioFQFH7UPSZ97XI=,zcqbNYZui5mDIXK6vTU15ta8GXY=
-30,-8,UipVCqYj4RKLioFQFH7UPSZ97XI=,zcqbNYZui5mDIXK6vTU15ta8GXY=
-32,-8,UipVCqYj4RKLioFQFH7UPSZ97XI=,zcqbNYZui5mDIXK6vTU15ta8GXY=
-31,-7,UipVCqYj4RKLioFQFH7UPSZ97XI=,zcqbNYZui5mDIXK6vTU15ta8GXY=
-32,-7,UipVCqYj4RKLioFQFH7UPSZ97XI=,zcqbNYZui5mDIXK6vTU15ta8GXY=
-19,-2,UipVCqYj4RKLioFQFH7UPSZ97XI=,GtF+fsLhODPd80vXLZNY3PGtcyA=
-30,-7,UipVCqYj4RKLioFQFH7UPSZ97XI=,zcqbNYZui5mDIXK6vTU15ta8GXY=
-17,-1,UipVCqYj4RKLioFQFH7UPSZ97XI=,GtF+fsLhODPd80vXLZNY3PGtcyA=
-18,-3,UipVCqYj4RKLioFQFH7UPSZ97XI=,GtF+fsLhODPd80vXLZNY3PGtcyA=
-18,-2,UipVCqYj4RKLioFQFH7UPSZ97XI=,GtF+fsLhODPd80vXLZNY3PGtcyA=
-18,-1,UipVCqYj4RKLioFQFH7UPSZ97XI=,GtF+fsLhODPd80vXLZNY3PGtcyA=
-17,-2,UipVCqYj4RKLioFQFH7UPSZ97XI=,GtF+fsLhODPd80vXLZNY3PGtcyA=
-19,-3,UipVCqYj4RKLioFQFH7UPSZ97XI=,GtF+fsLhODPd80vXLZNY3PGtcyA=
-19,-1,UipVCqYj4RKLioFQFH7UPSZ97XI=,GtF+fsLhODPd80vXLZNY3PGtcyA=
-17,-7,UipVCqYj4RKLioFQFH7UPSZ97XI=,GtF+fsLhODPd80vXLZNY3PGtcyA=
-17,-3,UipVCqYj4RKLioFQFH7UPSZ97XI=,GtF+fsLhODPd80vXLZNY3PGtcyA=
-19,-7,UipVCqYj4RKLioFQFH7UPSZ97XI=,GtF+fsLhODPd80vXLZNY3PGtcyA=
-17,-6,UipVCqYj4RKLioFQFH7UPSZ97XI=,GtF+fsLhODPd80vXLZNY3PGtcyA=
-19,-6,UipVCqYj4RKLioFQFH7UPSZ97XI=,GtF+fsLhODPd80vXLZNY3PGtcyA=
-18,-7,UipVCqYj4RKLioFQFH7UPSZ97XI=,GtF+fsLhODPd80vXLZNY3PGtcyA=
-17,-8,UipVCqYj4RKLioFQFH7UPSZ97XI=,GtF+fsLhODPd80vXLZNY3PGtcyA=
-18,-8,UipVCqYj4RKLioFQFH7UPSZ97XI=,GtF+fsLhODPd80vXLZNY3PGtcyA=
-19,-8,UipVCqYj4RKLioFQFH7UPSZ97XI=,GtF+fsLhODPd80vXLZNY3PGtcyA=
-18,-6,UipVCqYj4RKLioFQFH7UPSZ97XI=,GtF+fsLhODPd80vXLZNY3PGtcyA=
