12,-45,1kwSa5+RfS/Gvt5o3GZ9tl8clDM=,IfoBbhDD8HEu5PjNLIohs2r4pGE=
11,-45,1kwSa5+RfS/Gvt5o3GZ9tl8clDM=,IfoBbhDD8HEu5PjNLIohs2r4pGE=
12,-44,1kwSa5+RfS/Gvt5o3GZ9tl8clDM=,IfoBbhDD8HEu5PjNLIohs2r4pGE=
11,-44,1kwSa5+RfS/Gvt5o3GZ9tl8clDM=,IfoBbhDD8HEu5PjNLIohs2r4pGE=
4,-44,1kwSa5+RfS/Gvt5o3GZ9tl8clDM=,f96VpAGS8ZFg3IjOzpqh8sPz+ds=
5,-44,1kwSa5+RfS/Gvt5o3GZ9tl8clDM=,f96VpAGS8ZFg3IjOzpqh8sPz+ds=
6,-44,1kwSa5+RfS/Gvt5o3GZ9tl8clDM=,f96VpAGS8ZFg3IjOzpqh8sPz+ds=
7,-44,1kwSa5+RfS/Gvt5o3GZ9tl8clDM=,f96VpAGS8ZFg3IjOzpqh8sPz+ds=
8,-44,1kwSa5+RfS/Gvt5o3GZ9tl8clDM=,IfoBbhDD8HEu5PjNLIohs2r4pGE=
3,-45,1kwSa5+RfS/Gvt5o3GZ9tl8clDM=,f96VpAGS8ZFg3IjOzpqh8sPz+ds=
9,-44,1kwSa5+RfS/Gvt5o3GZ9tl8clDM=,IfoBbhDD8HEu5PjNLIohs2r4pGE=
4,-45,1kwSa5+RfS/Gvt5o3GZ9tl8clDM=,f96VpAGS8ZFg3IjOzpqh8sPz+ds=
5,-45,1kwSa5+RfS/Gvt5o3GZ9tl8clDM=,f96VpAGS8ZFg3IjOzpqh8sPz+ds=
10,-44,1kwSa5+RfS/Gvt5o3GZ9tl8clDM=,IfoBbhDD8HEu5PjNLIohs2r4pGE=
6,-45,1kwSa5+RfS/Gvt5o3GZ9tl8clDM=,f96VpAGS8ZFg3IjOzpqh8sPz+ds=
7,-45,1kwSa5+RfS/Gvt5o3GZ9tl8clDM=,f96VpAGS8ZFg3IjOzpqh8sPz+ds=
3,-44,1kwSa5+RfS/Gvt5o3GZ9tl8clDM=,f96VpAGS8ZFg3IjOzpqh8sPz+ds=
8,-45,1kwSa5+RfS/Gvt5o3GZ9tl8clDM=,IfoBbhDD8HEu5PjNLIohs2r4pGE=
9,-45,1kwSa5+RfS/Gvt5o3GZ9tl8clDM=,IfoBbhDD8HEu5PjNLIohs2r4pGE=
10,-45,1kwSa5+RfS/Gvt5o3GZ9tl8clDM=,IfoBbhDD8HEu5PjNLIohs2r4pGE=
13,-45,1kwSa5+RfS/Gvt5o3GZ9tl8clDM=,IfoBbhDD8HEu5PjNLIohs2r4pGE=
14,-45,1kwSa5+RfS/Gvt5o3GZ9tl8clDM=,IfoBbhDD8HEu5PjNLIohs2r4pGE=
15,-45,1kwSa5+RfS/Gvt5o3GZ9tl8clDM=,IfoBbhDD8HEu5PjNLIohs2r4pGE=
13,-44,1kwSa5+RfS/Gvt5o3GZ9tl8clDM=,IfoBbhDD8HEu5PjNLIohs2r4pGE=
14,-44,1kwSa5+RfS/Gvt5o3GZ9tl8clDM=,IfoBbhDD8HEu5PjNLIohs2r4pGE=
15,-44,1kwSa5+RfS/Gvt5o3GZ9tl8clDM=,IfoBbhDD8HEu5PjNLIohs2r4pGE=
12,-41,1kwSa5+RfS/Gvt5o3GZ9tl8clDM=,IfoBbhDD8HEu5PjNLIohs2r4pGE=
11,-41,1kwSa5+RfS/Gvt5o3GZ9tl8clDM=,IfoBbhDD8HEu5PjNLIohs2r4pGE=
11,-43,1kwSa5+RfS/Gvt5o3GZ9tl8clDM=,IfoBbhDD8HEu5PjNLIohs2r4pGE=
12,-38,1kwSa5+RfS/Gvt5o3GZ9tl8clDM=,7WgPwhCqlG5upemwWpy6kvALbM8=
11,-38,1kwSa5+RfS/Gvt5o3GZ9tl8clDM=,7WgPwhCqlG5upemwWpy6kvALbM8=
11,-37,1kwSa5+RfS/Gvt5o3GZ9tl8clDM=,7WgPwhCqlG5upemwWpy6kvALbM8=
12,-42,1kwSa5+RfS/Gvt5o3GZ9tl8clDM=,IfoBbhDD8HEu5PjNLIohs2r4pGE=
11,-42,1kwSa5+RfS/Gvt5o3GZ9tl8clDM=,IfoBbhDD8HEu5PjNLIohs2r4pGE=
12,-39,1kwSa5+RfS/Gvt5o3GZ9tl8clDM=,7WgPwhCqlG5upemwWpy6kvALbM8=
11,-39,1kwSa5+RfS/Gvt5o3GZ9tl8clDM=,7WgPwhCqlG5upemwWpy6kvALbM8=
12,-40,1kwSa5+RfS/Gvt5o3GZ9tl8clDM=,7WgPwhCqlG5upemwWpy6kvALbM8=
12,-36,1kwSa5+RfS/Gvt5o3GZ9tl8clDM=,7WgPwhCqlG5upemwWpy6kvALbM8=
11,-36,1kwSa5+RfS/Gvt5o3GZ9tl8clDM=,7WgPwhCqlG5upemwWpy6kvALbM8=
11,-40,1kwSa5+RfS/Gvt5o3GZ9tl8clDM=,7WgPwhCqlG5upemwWpy6kvALbM8=
12,-37,1kwSa5+RfS/Gvt5o3GZ9tl8clDM=,7WgPwhCqlG5upemwWpy6kvALbM8=
12,-43,1kwSa5+RfS/Gvt5o3GZ9tl8clDM=,IfoBbhDD8HEu5PjNLIohs2r4pGE=
13,-37,1kwSa5+RfS/Gvt5o3GZ9tl8clDM=,7WgPwhCqlG5upemwWpy6kvALbM8=
14,-37,1kwSa5+RfS/Gvt5o3GZ9tl8clDM=,7WgPwhCqlG5upemwWpy6kvALbM8=
13,-43,1kwSa5+RfS/Gvt5o3GZ9tl8clDM=,IfoBbhDD8HEu5PjNLIohs2r4pGE=
13,-41,1kwSa5+RfS/Gvt5o3GZ9tl8clDM=,IfoBbhDD8HEu5PjNLIohs2r4pGE=
14,-41,1kwSa5+RfS/Gvt5o3GZ9tl8clDM=,IfoBbhDD8HEu5PjNLIohs2r4pGE=
15,-37,1kwSa5+RfS/Gvt5o3GZ9tl8clDM=,7WgPwhCqlG5upemwWpy6kvALbM8=
14,-38,1kwSa5+RfS/Gvt5o3GZ9tl8clDM=,7WgPwhCqlG5upemwWpy6kvALbM8=
15,-38,1kwSa5+RfS/Gvt5o3GZ9tl8clDM=,7WgPwhCqlG5upemwWpy6kvALbM8=
14,-43,1kwSa5+RfS/Gvt5o3GZ9tl8clDM=,IfoBbhDD8HEu5PjNLIohs2r4pGE=
13,-36,1kwSa5+RfS/Gvt5o3GZ9tl8clDM=,7WgPwhCqlG5upemwWpy6kvALbM8=
15,-41,1kwSa5+RfS/Gvt5o3GZ9tl8clDM=,IfoBbhDD8HEu5PjNLIohs2r4pGE=
13,-38,1kwSa5+RfS/Gvt5o3GZ9tl8clDM=,7WgPwhCqlG5upemwWpy6kvALbM8=
15,-42,1kwSa5+RfS/Gvt5o3GZ9tl8clDM=,IfoBbhDD8HEu5PjNLIohs2r4pGE=
14,-42,1kwSa5+RfS/Gvt5o3GZ9tl8clDM=,IfoBbhDD8HEu5PjNLIohs2r4pGE=
13,-42,1kwSa5+RfS/Gvt5o3GZ9tl8clDM=,IfoBbhDD8HEu5PjNLIohs2r4pGE=
15,-39,1kwSa5+RfS/Gvt5o3GZ9tl8clDM=,7WgPwhCqlG5upemwWpy6kvALbM8=
14,-36,1kwSa5+RfS/Gvt5o3GZ9tl8clDM=,7WgPwhCqlG5upemwWpy6kvALbM8=
14,-39,1kwSa5+RfS/Gvt5o3GZ9tl8clDM=,7WgPwhCqlG5upemwWpy6kvALbM8=
13,-39,1kwSa5+RfS/Gvt5o3GZ9tl8clDM=,7WgPwhCqlG5upemwWpy6kvALbM8=
15,-40,1kwSa5+RfS/Gvt5o3GZ9tl8clDM=,7WgPwhCqlG5upemwWpy6kvALbM8=
15,-43,1kwSa5+RfS/Gvt5o3GZ9tl8clDM=,IfoBbhDD8HEu5PjNLIohs2r4pGE=
14,-40,1kwSa5+RfS/Gvt5o3GZ9tl8clDM=,7WgPwhCqlG5upemwWpy6kvALbM8=
13,-40,1kwSa5+RfS/Gvt5o3GZ9tl8clDM=,7WgPwhCqlG5upemwWpy6kvALbM8=
15,-36,1kwSa5+RfS/Gvt5o3GZ9tl8clDM=,7WgPwhCqlG5upemwWpy6kvALbM8=
0,-45,1kwSa5+RfS/Gvt5o3GZ9tl8clDM=,f96VpAGS8ZFg3IjOzpqh8sPz+ds=
0,-44,1kwSa5+RfS/Gvt5o3GZ9tl8clDM=,f96VpAGS8ZFg3IjOzpqh8sPz+ds=
1,-44,1kwSa5+RfS/Gvt5o3GZ9tl8clDM=,f96VpAGS8ZFg3IjOzpqh8sPz+ds=
1,-45,1kwSa5+RfS/Gvt5o3GZ9tl8clDM=,f96VpAGS8ZFg3IjOzpqh8sPz+ds=
2,-44,1kwSa5+RfS/Gvt5o3GZ9tl8clDM=,f96VpAGS8ZFg3IjOzpqh8sPz+ds=
2,-45,1kwSa5+RfS/Gvt5o3GZ9tl8clDM=,f96VpAGS8ZFg3IjOzpqh8sPz+ds=
4,-41,1kwSa5+RfS/Gvt5o3GZ9tl8clDM=,f96VpAGS8ZFg3IjOzpqh8sPz+ds=
3,-38,1kwSa5+RfS/Gvt5o3GZ9tl8clDM=,+G3fiknN0nnqynVInu77QiRg6m8=
10,-41,1kwSa5+RfS/Gvt5o3GZ9tl8clDM=,IfoBbhDD8HEu5PjNLIohs2r4pGE=
9,-41,1kwSa5+RfS/Gvt5o3GZ9tl8clDM=,IfoBbhDD8HEu5PjNLIohs2r4pGE=
3,-41,1kwSa5+RfS/Gvt5o3GZ9tl8clDM=,f96VpAGS8ZFg3IjOzpqh8sPz+ds=
2,-41,1kwSa5+RfS/Gvt5o3GZ9tl8clDM=,f96VpAGS8ZFg3IjOzpqh8sPz+ds=
1,-41,1kwSa5+RfS/Gvt5o3GZ9tl8clDM=,f96VpAGS8ZFg3IjOzpqh8sPz+ds=
8,-41,1kwSa5+RfS/Gvt5o3GZ9tl8clDM=,IfoBbhDD8HEu5PjNLIohs2r4pGE=
2,-38,1kwSa5+RfS/Gvt5o3GZ9tl8clDM=,+G3fiknN0nnqynVInu77QiRg6m8=
1,-38,1kwSa5+RfS/Gvt5o3GZ9tl8clDM=,+G3fiknN0nnqynVInu77QiRg6m8=
10,-43,1kwSa5+RfS/Gvt5o3GZ9tl8clDM=,IfoBbhDD8HEu5PjNLIohs2r4pGE=
9,-43,1kwSa5+RfS/Gvt5o3GZ9tl8clDM=,IfoBbhDD8HEu5PjNLIohs2r4pGE=
0,-38,1kwSa5+RfS/Gvt5o3GZ9tl8clDM=,+G3fiknN0nnqynVInu77QiRg6m8=
7,-39,1kwSa5+RfS/Gvt5o3GZ9tl8clDM=,+G3fiknN0nnqynVInu77QiRg6m8=
0,-41,1kwSa5+RfS/Gvt5o3GZ9tl8clDM=,f96VpAGS8ZFg3IjOzpqh8sPz+ds=
7,-42,1kwSa5+RfS/Gvt5o3GZ9tl8clDM=,f96VpAGS8ZFg3IjOzpqh8sPz+ds=
6,-42,1kwSa5+RfS/Gvt5o3GZ9tl8clDM=,f96VpAGS8ZFg3IjOzpqh8sPz+ds=
6,-39,1kwSa5+RfS/Gvt5o3GZ9tl8clDM=,+G3fiknN0nnqynVInu77QiRg6m8=
4,-42,1kwSa5+RfS/Gvt5o3GZ9tl8clDM=,f96VpAGS8ZFg3IjOzpqh8sPz+ds=
3,-42,1kwSa5+RfS/Gvt5o3GZ9tl8clDM=,f96VpAGS8ZFg3IjOzpqh8sPz+ds=
2,-42,1kwSa5+RfS/Gvt5o3GZ9tl8clDM=,f96VpAGS8ZFg3IjOzpqh8sPz+ds=
10,-38,1kwSa5+RfS/Gvt5o3GZ9tl8clDM=,7WgPwhCqlG5upemwWpy6kvALbM8=
1,-42,1kwSa5+RfS/Gvt5o3GZ9tl8clDM=,f96VpAGS8ZFg3IjOzpqh8sPz+ds=
5,-39,1kwSa5+RfS/Gvt5o3GZ9tl8clDM=,+G3fiknN0nnqynVInu77QiRg6m8=
5,-42,1kwSa5+RfS/Gvt5o3GZ9tl8clDM=,f96VpAGS8ZFg3IjOzpqh8sPz+ds=
8,-43,1kwSa5+RfS/Gvt5o3GZ9tl8clDM=,IfoBbhDD8HEu5PjNLIohs2r4pGE=
6,-36,1kwSa5+RfS/Gvt5o3GZ9tl8clDM=,+G3fiknN0nnqynVInu77QiRg6m8=
9,-38,1kwSa5+RfS/Gvt5o3GZ9tl8clDM=,7WgPwhCqlG5upemwWpy6kvALbM8=
0,-42,1kwSa5+RfS/Gvt5o3GZ9tl8clDM=,f96VpAGS8ZFg3IjOzpqh8sPz+ds=
4,-39,1kwSa5+RfS/Gvt5o3GZ9tl8clDM=,+G3fiknN0nnqynVInu77QiRg6m8=
3,-39,1kwSa5+RfS/Gvt5o3GZ9tl8clDM=,+G3fiknN0nnqynVInu77QiRg6m8=
7,-36,1kwSa5+RfS/Gvt5o3GZ9tl8clDM=,+G3fiknN0nnqynVInu77QiRg6m8=
3,-36,1kwSa5+RfS/Gvt5o3GZ9tl8clDM=,+G3fiknN0nnqynVInu77QiRg6m8=
2,-36,1kwSa5+RfS/Gvt5o3GZ9tl8clDM=,+G3fiknN0nnqynVInu77QiRg6m8=
10,-37,1kwSa5+RfS/Gvt5o3GZ9tl8clDM=,7WgPwhCqlG5upemwWpy6kvALbM8=
4,-36,1kwSa5+RfS/Gvt5o3GZ9tl8clDM=,+G3fiknN0nnqynVInu77QiRg6m8=
5,-36,1kwSa5+RfS/Gvt5o3GZ9tl8clDM=,+G3fiknN0nnqynVInu77QiRg6m8=
9,-37,1kwSa5+RfS/Gvt5o3GZ9tl8clDM=,7WgPwhCqlG5upemwWpy6kvALbM8=
1,-36,1kwSa5+RfS/Gvt5o3GZ9tl8clDM=,+G3fiknN0nnqynVInu77QiRg6m8=
2,-39,1kwSa5+RfS/Gvt5o3GZ9tl8clDM=,+G3fiknN0nnqynVInu77QiRg6m8=
0,-36,1kwSa5+RfS/Gvt5o3GZ9tl8clDM=,+G3fiknN0nnqynVInu77QiRg6m8=
8,-38,1kwSa5+RfS/Gvt5o3GZ9tl8clDM=,7WgPwhCqlG5upemwWpy6kvALbM8=
7,-37,1kwSa5+RfS/Gvt5o3GZ9tl8clDM=,+G3fiknN0nnqynVInu77QiRg6m8=
6,-37,1kwSa5+RfS/Gvt5o3GZ9tl8clDM=,+G3fiknN0nnqynVInu77QiRg6m8=
7,-43,1kwSa5+RfS/Gvt5o3GZ9tl8clDM=,f96VpAGS8ZFg3IjOzpqh8sPz+ds=
1,-39,1kwSa5+RfS/Gvt5o3GZ9tl8clDM=,+G3fiknN0nnqynVInu77QiRg6m8=
0,-39,1kwSa5+RfS/Gvt5o3GZ9tl8clDM=,+G3fiknN0nnqynVInu77QiRg6m8=
7,-40,1kwSa5+RfS/Gvt5o3GZ9tl8clDM=,+G3fiknN0nnqynVInu77QiRg6m8=
5,-37,1kwSa5+RfS/Gvt5o3GZ9tl8clDM=,+G3fiknN0nnqynVInu77QiRg6m8=
4,-37,1kwSa5+RfS/Gvt5o3GZ9tl8clDM=,+G3fiknN0nnqynVInu77QiRg6m8=
3,-37,1kwSa5+RfS/Gvt5o3GZ9tl8clDM=,+G3fiknN0nnqynVInu77QiRg6m8=
2,-37,1kwSa5+RfS/Gvt5o3GZ9tl8clDM=,+G3fiknN0nnqynVInu77QiRg6m8=
1,-37,1kwSa5+RfS/Gvt5o3GZ9tl8clDM=,+G3fiknN0nnqynVInu77QiRg6m8=
0,-37,1kwSa5+RfS/Gvt5o3GZ9tl8clDM=,+G3fiknN0nnqynVInu77QiRg6m8=
6,-40,1kwSa5+RfS/Gvt5o3GZ9tl8clDM=,+G3fiknN0nnqynVInu77QiRg6m8=
10,-42,1kwSa5+RfS/Gvt5o3GZ9tl8clDM=,IfoBbhDD8HEu5PjNLIohs2r4pGE=
9,-42,1kwSa5+RfS/Gvt5o3GZ9tl8clDM=,IfoBbhDD8HEu5PjNLIohs2r4pGE=
7,-38,1kwSa5+RfS/Gvt5o3GZ9tl8clDM=,+G3fiknN0nnqynVInu77QiRg6m8=
6,-43,1kwSa5+RfS/Gvt5o3GZ9tl8clDM=,f96VpAGS8ZFg3IjOzpqh8sPz+ds=
5,-43,1kwSa5+RfS/Gvt5o3GZ9tl8clDM=,f96VpAGS8ZFg3IjOzpqh8sPz+ds=
4,-43,1kwSa5+RfS/Gvt5o3GZ9tl8clDM=,f96VpAGS8ZFg3IjOzpqh8sPz+ds=
10,-39,1kwSa5+RfS/Gvt5o3GZ9tl8clDM=,7WgPwhCqlG5upemwWpy6kvALbM8=
9,-39,1kwSa5+RfS/Gvt5o3GZ9tl8clDM=,7WgPwhCqlG5upemwWpy6kvALbM8=
8,-42,1kwSa5+RfS/Gvt5o3GZ9tl8clDM=,IfoBbhDD8HEu5PjNLIohs2r4pGE=
5,-40,1kwSa5+RfS/Gvt5o3GZ9tl8clDM=,+G3fiknN0nnqynVInu77QiRg6m8=
4,-40,1kwSa5+RfS/Gvt5o3GZ9tl8clDM=,+G3fiknN0nnqynVInu77QiRg6m8=
3,-40,1kwSa5+RfS/Gvt5o3GZ9tl8clDM=,+G3fiknN0nnqynVInu77QiRg6m8=
2,-40,1kwSa5+RfS/Gvt5o3GZ9tl8clDM=,+G3fiknN0nnqynVInu77QiRg6m8=
8,-39,1kwSa5+RfS/Gvt5o3GZ9tl8clDM=,7WgPwhCqlG5upemwWpy6kvALbM8=
6,-38,1kwSa5+RfS/Gvt5o3GZ9tl8clDM=,+G3fiknN0nnqynVInu77QiRg6m8=
1,-40,1kwSa5+RfS/Gvt5o3GZ9tl8clDM=,+G3fiknN0nnqynVInu77QiRg6m8=
0,-40,1kwSa5+RfS/Gvt5o3GZ9tl8clDM=,+G3fiknN0nnqynVInu77QiRg6m8=
5,-38,1kwSa5+RfS/Gvt5o3GZ9tl8clDM=,+G3fiknN0nnqynVInu77QiRg6m8=
3,-43,1kwSa5+RfS/Gvt5o3GZ9tl8clDM=,f96VpAGS8ZFg3IjOzpqh8sPz+ds=
2,-43,1kwSa5+RfS/Gvt5o3GZ9tl8clDM=,f96VpAGS8ZFg3IjOzpqh8sPz+ds=
6,-41,1kwSa5+RfS/Gvt5o3GZ9tl8clDM=,f96VpAGS8ZFg3IjOzpqh8sPz+ds=
1,-43,1kwSa5+RfS/Gvt5o3GZ9tl8clDM=,f96VpAGS8ZFg3IjOzpqh8sPz+ds=
4,-38,1kwSa5+RfS/Gvt5o3GZ9tl8clDM=,+G3fiknN0nnqynVInu77QiRg6m8=
8,-37,1kwSa5+RfS/Gvt5o3GZ9tl8clDM=,7WgPwhCqlG5upemwWpy6kvALbM8=
10,-36,1kwSa5+RfS/Gvt5o3GZ9tl8clDM=,7WgPwhCqlG5upemwWpy6kvALbM8=
0,-43,1kwSa5+RfS/Gvt5o3GZ9tl8clDM=,f96VpAGS8ZFg3IjOzpqh8sPz+ds=
9,-36,1kwSa5+RfS/Gvt5o3GZ9tl8clDM=,7WgPwhCqlG5upemwWpy6kvALbM8=
8,-36,1kwSa5+RfS/Gvt5o3GZ9tl8clDM=,7WgPwhCqlG5upemwWpy6kvALbM8=
5,-41,1kwSa5+RfS/Gvt5o3GZ9tl8clDM=,f96VpAGS8ZFg3IjOzpqh8sPz+ds=
10,-40,1kwSa5+RfS/Gvt5o3GZ9tl8clDM=,7WgPwhCqlG5upemwWpy6kvALbM8=
9,-40,1kwSa5+RfS/Gvt5o3GZ9tl8clDM=,7WgPwhCqlG5upemwWpy6kvALbM8=
8,-40,1kwSa5+RfS/Gvt5o3GZ9tl8clDM=,7WgPwhCqlG5upemwWpy6kvALbM8=
7,-41,1kwSa5+RfS/Gvt5o3GZ9tl8clDM=,f96VpAGS8ZFg3IjOzpqh8sPz+ds=
11,-48,1kwSa5+RfS/Gvt5o3GZ9tl8clDM=,IfoBbhDD8HEu5PjNLIohs2r4pGE=
12,-48,1kwSa5+RfS/Gvt5o3GZ9tl8clDM=,IfoBbhDD8HEu5PjNLIohs2r4pGE=
11,-47,1kwSa5+RfS/Gvt5o3GZ9tl8clDM=,IfoBbhDD8HEu5PjNLIohs2r4pGE=
12,-47,1kwSa5+RfS/Gvt5o3GZ9tl8clDM=,IfoBbhDD8HEu5PjNLIohs2r4pGE=
11,-46,1kwSa5+RfS/Gvt5o3GZ9tl8clDM=,IfoBbhDD8HEu5PjNLIohs2r4pGE=
12,-46,1kwSa5+RfS/Gvt5o3GZ9tl8clDM=,IfoBbhDD8HEu5PjNLIohs2r4pGE=
4,-35,1kwSa5+RfS/Gvt5o3GZ9tl8clDM=,+G3fiknN0nnqynVInu77QiRg6m8=
2,-34,mGkhBCfT2nlZTlnKInSy4ygEim0=,+G3fiknN0nnqynVInu77QiRg6m8=
3,-34,mGkhBCfT2nlZTlnKInSy4ygEim0=,+G3fiknN0nnqynVInu77QiRg6m8=
13,-48,mGkhBCfT2nlZTlnKInSy4ygEim0=,IfoBbhDD8HEu5PjNLIohs2r4pGE=
15,-48,mGkhBCfT2nlZTlnKInSy4ygEim0=,IfoBbhDD8HEu5PjNLIohs2r4pGE=
14,-48,mGkhBCfT2nlZTlnKInSy4ygEim0=,IfoBbhDD8HEu5PjNLIohs2r4pGE=
13,-47,mGkhBCfT2nlZTlnKInSy4ygEim0=,IfoBbhDD8HEu5PjNLIohs2r4pGE=
14,-47,mGkhBCfT2nlZTlnKInSy4ygEim0=,IfoBbhDD8HEu5PjNLIohs2r4pGE=
15,-47,mGkhBCfT2nlZTlnKInSy4ygEim0=,IfoBbhDD8HEu5PjNLIohs2r4pGE=
13,-46,mGkhBCfT2nlZTlnKInSy4ygEim0=,IfoBbhDD8HEu5PjNLIohs2r4pGE=
14,-46,mGkhBCfT2nlZTlnKInSy4ygEim0=,IfoBbhDD8HEu5PjNLIohs2r4pGE=
15,-46,mGkhBCfT2nlZTlnKInSy4ygEim0=,IfoBbhDD8HEu5PjNLIohs2r4pGE=
3,-46,mGkhBCfT2nlZTlnKInSy4ygEim0=,f96VpAGS8ZFg3IjOzpqh8sPz+ds=
4,-46,mGkhBCfT2nlZTlnKInSy4ygEim0=,f96VpAGS8ZFg3IjOzpqh8sPz+ds=
5,-46,mGkhBCfT2nlZTlnKInSy4ygEim0=,f96VpAGS8ZFg3IjOzpqh8sPz+ds=
6,-46,mGkhBCfT2nlZTlnKInSy4ygEim0=,f96VpAGS8ZFg3IjOzpqh8sPz+ds=
7,-46,mGkhBCfT2nlZTlnKInSy4ygEim0=,f96VpAGS8ZFg3IjOzpqh8sPz+ds=
3,-48,mGkhBCfT2nlZTlnKInSy4ygEim0=,f96VpAGS8ZFg3IjOzpqh8sPz+ds=
4,-48,mGkhBCfT2nlZTlnKInSy4ygEim0=,f96VpAGS8ZFg3IjOzpqh8sPz+ds=
5,-48,mGkhBCfT2nlZTlnKInSy4ygEim0=,f96VpAGS8ZFg3IjOzpqh8sPz+ds=
6,-48,mGkhBCfT2nlZTlnKInSy4ygEim0=,f96VpAGS8ZFg3IjOzpqh8sPz+ds=
7,-48,mGkhBCfT2nlZTlnKInSy4ygEim0=,f96VpAGS8ZFg3IjOzpqh8sPz+ds=
8,-48,mGkhBCfT2nlZTlnKInSy4ygEim0=,IfoBbhDD8HEu5PjNLIohs2r4pGE=
4,-47,mGkhBCfT2nlZTlnKInSy4ygEim0=,f96VpAGS8ZFg3IjOzpqh8sPz+ds=
6,-47,mGkhBCfT2nlZTlnKInSy4ygEim0=,f96VpAGS8ZFg3IjOzpqh8sPz+ds=
9,-48,mGkhBCfT2nlZTlnKInSy4ygEim0=,IfoBbhDD8HEu5PjNLIohs2r4pGE=
10,-48,mGkhBCfT2nlZTlnKInSy4ygEim0=,IfoBbhDD8HEu5PjNLIohs2r4pGE=
10,-47,mGkhBCfT2nlZTlnKInSy4ygEim0=,IfoBbhDD8HEu5PjNLIohs2r4pGE=
9,-47,mGkhBCfT2nlZTlnKInSy4ygEim0=,IfoBbhDD8HEu5PjNLIohs2r4pGE=
8,-47,mGkhBCfT2nlZTlnKInSy4ygEim0=,IfoBbhDD8HEu5PjNLIohs2r4pGE=
7,-47,mGkhBCfT2nlZTlnKInSy4ygEim0=,f96VpAGS8ZFg3IjOzpqh8sPz+ds=
8,-46,mGkhBCfT2nlZTlnKInSy4ygEim0=,IfoBbhDD8HEu5PjNLIohs2r4pGE=
9,-46,mGkhBCfT2nlZTlnKInSy4ygEim0=,IfoBbhDD8HEu5PjNLIohs2r4pGE=
5,-47,mGkhBCfT2nlZTlnKInSy4ygEim0=,f96VpAGS8ZFg3IjOzpqh8sPz+ds=
10,-46,mGkhBCfT2nlZTlnKInSy4ygEim0=,IfoBbhDD8HEu5PjNLIohs2r4pGE=
3,-47,mGkhBCfT2nlZTlnKInSy4ygEim0=,f96VpAGS8ZFg3IjOzpqh8sPz+ds=
4,-34,mGkhBCfT2nlZTlnKInSy4ygEim0=,+G3fiknN0nnqynVInu77QiRg6m8=
3,-35,mGkhBCfT2nlZTlnKInSy4ygEim0=,+G3fiknN0nnqynVInu77QiRg6m8=
2,-35,mGkhBCfT2nlZTlnKInSy4ygEim0=,+G3fiknN0nnqynVInu77QiRg6m8=
0,-35,mGkhBCfT2nlZTlnKInSy4ygEim0=,+G3fiknN0nnqynVInu77QiRg6m8=
1,-35,mGkhBCfT2nlZTlnKInSy4ygEim0=,+G3fiknN0nnqynVInu77QiRg6m8=
4,-33,mGkhBCfT2nlZTlnKInSy4ygEim0=,+G3fiknN0nnqynVInu77QiRg6m8=
1,-34,mGkhBCfT2nlZTlnKInSy4ygEim0=,+G3fiknN0nnqynVInu77QiRg6m8=
0,-34,mGkhBCfT2nlZTlnKInSy4ygEim0=,+G3fiknN0nnqynVInu77QiRg6m8=
0,-33,mGkhBCfT2nlZTlnKInSy4ygEim0=,+G3fiknN0nnqynVInu77QiRg6m8=
3,-33,mGkhBCfT2nlZTlnKInSy4ygEim0=,+G3fiknN0nnqynVInu77QiRg6m8=
1,-33,mGkhBCfT2nlZTlnKInSy4ygEim0=,+G3fiknN0nnqynVInu77QiRg6m8=
2,-33,mGkhBCfT2nlZTlnKInSy4ygEim0=,+G3fiknN0nnqynVInu77QiRg6m8=
11,-33,mGkhBCfT2nlZTlnKInSy4ygEim0=,7WgPwhCqlG5upemwWpy6kvALbM8=
12,-33,mGkhBCfT2nlZTlnKInSy4ygEim0=,7WgPwhCqlG5upemwWpy6kvALbM8=
13,-33,mGkhBCfT2nlZTlnKInSy4ygEim0=,7WgPwhCqlG5upemwWpy6kvALbM8=
13,-34,mGkhBCfT2nlZTlnKInSy4ygEim0=,7WgPwhCqlG5upemwWpy6kvALbM8=
6,-33,mGkhBCfT2nlZTlnKInSy4ygEim0=,+G3fiknN0nnqynVInu77QiRg6m8=
5,-33,mGkhBCfT2nlZTlnKInSy4ygEim0=,+G3fiknN0nnqynVInu77QiRg6m8=
12,-34,mGkhBCfT2nlZTlnKInSy4ygEim0=,7WgPwhCqlG5upemwWpy6kvALbM8=
10,-34,mGkhBCfT2nlZTlnKInSy4ygEim0=,7WgPwhCqlG5upemwWpy6kvALbM8=
11,-34,mGkhBCfT2nlZTlnKInSy4ygEim0=,7WgPwhCqlG5upemwWpy6kvALbM8=
2,-46,mGkhBCfT2nlZTlnKInSy4ygEim0=,f96VpAGS8ZFg3IjOzpqh8sPz+ds=
0,-48,mGkhBCfT2nlZTlnKInSy4ygEim0=,f96VpAGS8ZFg3IjOzpqh8sPz+ds=
1,-48,mGkhBCfT2nlZTlnKInSy4ygEim0=,f96VpAGS8ZFg3IjOzpqh8sPz+ds=
2,-48,mGkhBCfT2nlZTlnKInSy4ygEim0=,f96VpAGS8ZFg3IjOzpqh8sPz+ds=
0,-47,mGkhBCfT2nlZTlnKInSy4ygEim0=,f96VpAGS8ZFg3IjOzpqh8sPz+ds=
1,-47,mGkhBCfT2nlZTlnKInSy4ygEim0=,f96VpAGS8ZFg3IjOzpqh8sPz+ds=
10,-33,mGkhBCfT2nlZTlnKInSy4ygEim0=,7WgPwhCqlG5upemwWpy6kvALbM8=
2,-47,mGkhBCfT2nlZTlnKInSy4ygEim0=,f96VpAGS8ZFg3IjOzpqh8sPz+ds=
0,-46,mGkhBCfT2nlZTlnKInSy4ygEim0=,f96VpAGS8ZFg3IjOzpqh8sPz+ds=
1,-46,mGkhBCfT2nlZTlnKInSy4ygEim0=,f96VpAGS8ZFg3IjOzpqh8sPz+ds=
9,-34,mGkhBCfT2nlZTlnKInSy4ygEim0=,7WgPwhCqlG5upemwWpy6kvALbM8=
14,-34,mGkhBCfT2nlZTlnKInSy4ygEim0=,7WgPwhCqlG5upemwWpy6kvALbM8=
14,-35,mGkhBCfT2nlZTlnKInSy4ygEim0=,7WgPwhCqlG5upemwWpy6kvALbM8=
8,-34,mGkhBCfT2nlZTlnKInSy4ygEim0=,7WgPwhCqlG5upemwWpy6kvALbM8=
14,-33,mGkhBCfT2nlZTlnKInSy4ygEim0=,7WgPwhCqlG5upemwWpy6kvALbM8=
13,-35,mGkhBCfT2nlZTlnKInSy4ygEim0=,7WgPwhCqlG5upemwWpy6kvALbM8=
12,-35,mGkhBCfT2nlZTlnKInSy4ygEim0=,7WgPwhCqlG5upemwWpy6kvALbM8=
11,-35,mGkhBCfT2nlZTlnKInSy4ygEim0=,7WgPwhCqlG5upemwWpy6kvALbM8=
10,-35,mGkhBCfT2nlZTlnKInSy4ygEim0=,7WgPwhCqlG5upemwWpy6kvALbM8=
15,-33,mGkhBCfT2nlZTlnKInSy4ygEim0=,7WgPwhCqlG5upemwWpy6kvALbM8=
8,-33,mGkhBCfT2nlZTlnKInSy4ygEim0=,7WgPwhCqlG5upemwWpy6kvALbM8=
9,-35,mGkhBCfT2nlZTlnKInSy4ygEim0=,7WgPwhCqlG5upemwWpy6kvALbM8=
9,-33,mGkhBCfT2nlZTlnKInSy4ygEim0=,7WgPwhCqlG5upemwWpy6kvALbM8=
15,-34,mGkhBCfT2nlZTlnKInSy4ygEim0=,7WgPwhCqlG5upemwWpy6kvALbM8=
7,-35,mGkhBCfT2nlZTlnKInSy4ygEim0=,+G3fiknN0nnqynVInu77QiRg6m8=
6,-34,mGkhBCfT2nlZTlnKInSy4ygEim0=,+G3fiknN0nnqynVInu77QiRg6m8=
7,-33,mGkhBCfT2nlZTlnKInSy4ygEim0=,+G3fiknN0nnqynVInu77QiRg6m8=
8,-35,mGkhBCfT2nlZTlnKInSy4ygEim0=,7WgPwhCqlG5upemwWpy6kvALbM8=
5,-35,mGkhBCfT2nlZTlnKInSy4ygEim0=,+G3fiknN0nnqynVInu77QiRg6m8=
15,-35,mGkhBCfT2nlZTlnKInSy4ygEim0=,7WgPwhCqlG5upemwWpy6kvALbM8=
7,-34,mGkhBCfT2nlZTlnKInSy4ygEim0=,+G3fiknN0nnqynVInu77QiRg6m8=
6,-35,mGkhBCfT2nlZTlnKInSy4ygEim0=,+G3fiknN0nnqynVInu77QiRg6m8=
5,-34,mGkhBCfT2nlZTlnKInSy4ygEim0=,+G3fiknN0nnqynVInu77QiRg6m8=
19,-36,UipVCqYj4RKLioFQFH7UPSZ97XI=,vvGw+ceipTX2lVaKM8i3Xu/6Y+Q=
18,-37,UipVCqYj4RKLioFQFH7UPSZ97XI=,vvGw+ceipTX2lVaKM8i3Xu/6Y+Q=
17,-38,UipVCqYj4RKLioFQFH7UPSZ97XI=,vvGw+ceipTX2lVaKM8i3Xu/6Y+Q=
16,-38,UipVCqYj4RKLioFQFH7UPSZ97XI=,vvGw+ceipTX2lVaKM8i3Xu/6Y+Q=
18,-38,UipVCqYj4RKLioFQFH7UPSZ97XI=,vvGw+ceipTX2lVaKM8i3Xu/6Y+Q=
23,-37,UipVCqYj4RKLioFQFH7UPSZ97XI=,vvGw+ceipTX2lVaKM8i3Xu/6Y+Q=
23,-39,UipVCqYj4RKLioFQFH7UPSZ97XI=,vvGw+ceipTX2lVaKM8i3Xu/6Y+Q=
16,-39,UipVCqYj4RKLioFQFH7UPSZ97XI=,vvGw+ceipTX2lVaKM8i3Xu/6Y+Q=
22,-40,UipVCqYj4RKLioFQFH7UPSZ97XI=,vvGw+ceipTX2lVaKM8i3Xu/6Y+Q=
23,-40,UipVCqYj4RKLioFQFH7UPSZ97XI=,vvGw+ceipTX2lVaKM8i3Xu/6Y+Q=
22,-39,UipVCqYj4RKLioFQFH7UPSZ97XI=,vvGw+ceipTX2lVaKM8i3Xu/6Y+Q=
20,-40,UipVCqYj4RKLioFQFH7UPSZ97XI=,vvGw+ceipTX2lVaKM8i3Xu/6Y+Q=
21,-40,UipVCqYj4RKLioFQFH7UPSZ97XI=,vvGw+ceipTX2lVaKM8i3Xu/6Y+Q=
23,-38,UipVCqYj4RKLioFQFH7UPSZ97XI=,vvGw+ceipTX2lVaKM8i3Xu/6Y+Q=
22,-38,UipVCqYj4RKLioFQFH7UPSZ97XI=,vvGw+ceipTX2lVaKM8i3Xu/6Y+Q=
23,-35,UipVCqYj4RKLioFQFH7UPSZ97XI=,vvGw+ceipTX2lVaKM8i3Xu/6Y+Q=
22,-35,UipVCqYj4RKLioFQFH7UPSZ97XI=,vvGw+ceipTX2lVaKM8i3Xu/6Y+Q=
21,-39,UipVCqYj4RKLioFQFH7UPSZ97XI=,vvGw+ceipTX2lVaKM8i3Xu/6Y+Q=
23,-36,UipVCqYj4RKLioFQFH7UPSZ97XI=,vvGw+ceipTX2lVaKM8i3Xu/6Y+Q=
20,-39,UipVCqYj4RKLioFQFH7UPSZ97XI=,vvGw+ceipTX2lVaKM8i3Xu/6Y+Q=
19,-40,UipVCqYj4RKLioFQFH7UPSZ97XI=,vvGw+ceipTX2lVaKM8i3Xu/6Y+Q=
23,-33,UipVCqYj4RKLioFQFH7UPSZ97XI=,vvGw+ceipTX2lVaKM8i3Xu/6Y+Q=
22,-33,UipVCqYj4RKLioFQFH7UPSZ97XI=,vvGw+ceipTX2lVaKM8i3Xu/6Y+Q=
21,-33,UipVCqYj4RKLioFQFH7UPSZ97XI=,vvGw+ceipTX2lVaKM8i3Xu/6Y+Q=
20,-33,UipVCqYj4RKLioFQFH7UPSZ97XI=,vvGw+ceipTX2lVaKM8i3Xu/6Y+Q=
21,-35,UipVCqYj4RKLioFQFH7UPSZ97XI=,vvGw+ceipTX2lVaKM8i3Xu/6Y+Q=
21,-38,UipVCqYj4RKLioFQFH7UPSZ97XI=,vvGw+ceipTX2lVaKM8i3Xu/6Y+Q=
22,-37,UipVCqYj4RKLioFQFH7UPSZ97XI=,vvGw+ceipTX2lVaKM8i3Xu/6Y+Q=
21,-37,UipVCqYj4RKLioFQFH7UPSZ97XI=,vvGw+ceipTX2lVaKM8i3Xu/6Y+Q=
18,-39,UipVCqYj4RKLioFQFH7UPSZ97XI=,vvGw+ceipTX2lVaKM8i3Xu/6Y+Q=
19,-39,UipVCqYj4RKLioFQFH7UPSZ97XI=,vvGw+ceipTX2lVaKM8i3Xu/6Y+Q=
18,-40,UipVCqYj4RKLioFQFH7UPSZ97XI=,vvGw+ceipTX2lVaKM8i3Xu/6Y+Q=
20,-35,UipVCqYj4RKLioFQFH7UPSZ97XI=,vvGw+ceipTX2lVaKM8i3Xu/6Y+Q=
22,-36,UipVCqYj4RKLioFQFH7UPSZ97XI=,vvGw+ceipTX2lVaKM8i3Xu/6Y+Q=
21,-36,UipVCqYj4RKLioFQFH7UPSZ97XI=,vvGw+ceipTX2lVaKM8i3Xu/6Y+Q=
20,-36,UipVCqYj4RKLioFQFH7UPSZ97XI=,vvGw+ceipTX2lVaKM8i3Xu/6Y+Q=
19,-33,UipVCqYj4RKLioFQFH7UPSZ97XI=,vvGw+ceipTX2lVaKM8i3Xu/6Y+Q=
17,-33,UipVCqYj4RKLioFQFH7UPSZ97XI=,vvGw+ceipTX2lVaKM8i3Xu/6Y+Q=
20,-37,UipVCqYj4RKLioFQFH7UPSZ97XI=,vvGw+ceipTX2lVaKM8i3Xu/6Y+Q=
17,-40,UipVCqYj4RKLioFQFH7UPSZ97XI=,vvGw+ceipTX2lVaKM8i3Xu/6Y+Q=
18,-33,UipVCqYj4RKLioFQFH7UPSZ97XI=,vvGw+ceipTX2lVaKM8i3Xu/6Y+Q=
16,-40,UipVCqYj4RKLioFQFH7UPSZ97XI=,vvGw+ceipTX2lVaKM8i3Xu/6Y+Q=
17,-39,UipVCqYj4RKLioFQFH7UPSZ97XI=,vvGw+ceipTX2lVaKM8i3Xu/6Y+Q=
23,-34,UipVCqYj4RKLioFQFH7UPSZ97XI=,vvGw+ceipTX2lVaKM8i3Xu/6Y+Q=
20,-38,UipVCqYj4RKLioFQFH7UPSZ97XI=,vvGw+ceipTX2lVaKM8i3Xu/6Y+Q=
21,-34,UipVCqYj4RKLioFQFH7UPSZ97XI=,vvGw+ceipTX2lVaKM8i3Xu/6Y+Q=
20,-34,UipVCqYj4RKLioFQFH7UPSZ97XI=,vvGw+ceipTX2lVaKM8i3Xu/6Y+Q=
17,-37,UipVCqYj4RKLioFQFH7UPSZ97XI=,vvGw+ceipTX2lVaKM8i3Xu/6Y+Q=
22,-34,UipVCqYj4RKLioFQFH7UPSZ97XI=,vvGw+ceipTX2lVaKM8i3Xu/6Y+Q=
19,-35,UipVCqYj4RKLioFQFH7UPSZ97XI=,vvGw+ceipTX2lVaKM8i3Xu/6Y+Q=
18,-36,UipVCqYj4RKLioFQFH7UPSZ97XI=,vvGw+ceipTX2lVaKM8i3Xu/6Y+Q=
19,-37,UipVCqYj4RKLioFQFH7UPSZ97XI=,vvGw+ceipTX2lVaKM8i3Xu/6Y+Q=
19,-38,UipVCqYj4RKLioFQFH7UPSZ97XI=,vvGw+ceipTX2lVaKM8i3Xu/6Y+Q=
19,-34,UipVCqYj4RKLioFQFH7UPSZ97XI=,vvGw+ceipTX2lVaKM8i3Xu/6Y+Q=
16,-33,UipVCqYj4RKLioFQFH7UPSZ97XI=,vvGw+ceipTX2lVaKM8i3Xu/6Y+Q=
16,-37,UipVCqYj4RKLioFQFH7UPSZ97XI=,vvGw+ceipTX2lVaKM8i3Xu/6Y+Q=
18,-34,UipVCqYj4RKLioFQFH7UPSZ97XI=,vvGw+ceipTX2lVaKM8i3Xu/6Y+Q=
17,-34,UipVCqYj4RKLioFQFH7UPSZ97XI=,vvGw+ceipTX2lVaKM8i3Xu/6Y+Q=
16,-34,UipVCqYj4RKLioFQFH7UPSZ97XI=,vvGw+ceipTX2lVaKM8i3Xu/6Y+Q=
16,-35,UipVCqYj4RKLioFQFH7UPSZ97XI=,vvGw+ceipTX2lVaKM8i3Xu/6Y+Q=
17,-35,UipVCqYj4RKLioFQFH7UPSZ97XI=,vvGw+ceipTX2lVaKM8i3Xu/6Y+Q=
18,-35,UipVCqYj4RKLioFQFH7UPSZ97XI=,vvGw+ceipTX2lVaKM8i3Xu/6Y+Q=
17,-36,UipVCqYj4RKLioFQFH7UPSZ97XI=,vvGw+ceipTX2lVaKM8i3Xu/6Y+Q=
16,-36,UipVCqYj4RKLioFQFH7UPSZ97XI=,vvGw+ceipTX2lVaKM8i3Xu/6Y+Q=
