12,-4,XLBgrI/kQQM62nqFbInVHewQo8s=,Pb+/BJqweCciP+HGW+6TO/B8qmI=
11,-4,XLBgrI/kQQM62nqFbInVHewQo8s=,Pb+/BJqweCciP+HGW+6TO/B8qmI=
12,-5,XLBgrI/kQQM62nqFbInVHewQo8s=,Pb+/BJqweCciP+HGW+6TO/B8qmI=
11,-5,XLBgrI/kQQM62nqFbInVHewQo8s=,Pb+/BJqweCciP+HGW+6TO/B8qmI=
12,-1,XLBgrI/kQQM62nqFbInVHewQo8s=,Pb+/BJqweCciP+HGW+6TO/B8qmI=
11,-1,XLBgrI/kQQM62nqFbInVHewQo8s=,Pb+/BJqweCciP+HGW+6TO/B8qmI=
12,-2,XLBgrI/kQQM62nqFbInVHewQo8s=,Pb+/BJqweCciP+HGW+6TO/B8qmI=
11,-2,XLBgrI/kQQM62nqFbInVHewQo8s=,Pb+/BJqweCciP+HGW+6TO/B8qmI=
12,-3,XLBgrI/kQQM62nqFbInVHewQo8s=,Pb+/BJqweCciP+HGW+6TO/B8qmI=
11,-3,XLBgrI/kQQM62nqFbInVHewQo8s=,Pb+/BJqweCciP+HGW+6TO/B8qmI=
10,-1,RZ+ftHtSkKznTgcC8NVfZEDFQTI=,Pb+/BJqweCciP+HGW+6TO/B8qmI=
4,-3,RZ+ftHtSkKznTgcC8NVfZEDFQTI=,QwNrQAP2jorRDX3Eac0lD6M91/E=
5,-3,RZ+ftHtSkKznTgcC8NVfZEDFQTI=,QwNrQAP2jorRDX3Eac0lD6M91/E=
3,-3,RZ+ftHtSkKznTgcC8NVfZEDFQTI=,QwNrQAP2jorRDX3Eac0lD6M91/E=
3,-1,RZ+ftHtSkKznTgcC8NVfZEDFQTI=,QwNrQAP2jorRDX3Eac0lD6M91/E=
4,-1,RZ+ftHtSkKznTgcC8NVfZEDFQTI=,QwNrQAP2jorRDX3Eac0lD6M91/E=
9,-1,RZ+ftHtSkKznTgcC8NVfZEDFQTI=,Pb+/BJqweCciP+HGW+6TO/B8qmI=
1,-5,RZ+ftHtSkKznTgcC8NVfZEDFQTI=,QwNrQAP2jorRDX3Eac0lD6M91/E=
3,-5,RZ+ftHtSkKznTgcC8NVfZEDFQTI=,QwNrQAP2jorRDX3Eac0lD6M91/E=
10,-4,RZ+ftHtSkKznTgcC8NVfZEDFQTI=,Pb+/BJqweCciP+HGW+6TO/B8qmI=
2,-5,RZ+ftHtSkKznTgcC8NVfZEDFQTI=,QwNrQAP2jorRDX3Eac0lD6M91/E=
9,-4,RZ+ftHtSkKznTgcC8NVfZEDFQTI=,Pb+/BJqweCciP+HGW+6TO/B8qmI=
8,-1,RZ+ftHtSkKznTgcC8NVfZEDFQTI=,Pb+/BJqweCciP+HGW+6TO/B8qmI=
6,-1,RZ+ftHtSkKznTgcC8NVfZEDFQTI=,QwNrQAP2jorRDX3Eac0lD6M91/E=
10,-2,RZ+ftHtSkKznTgcC8NVfZEDFQTI=,Pb+/BJqweCciP+HGW+6TO/B8qmI=
7,-1,RZ+ftHtSkKznTgcC8NVfZEDFQTI=,QwNrQAP2jorRDX3Eac0lD6M91/E=
9,-2,RZ+ftHtSkKznTgcC8NVfZEDFQTI=,Pb+/BJqweCciP+HGW+6TO/B8qmI=
7,-2,RZ+ftHtSkKznTgcC8NVfZEDFQTI=,QwNrQAP2jorRDX3Eac0lD6M91/E=
6,-2,RZ+ftHtSkKznTgcC8NVfZEDFQTI=,QwNrQAP2jorRDX3Eac0lD6M91/E=
8,-4,RZ+ftHtSkKznTgcC8NVfZEDFQTI=,Pb+/BJqweCciP+HGW+6TO/B8qmI=
8,-2,RZ+ftHtSkKznTgcC8NVfZEDFQTI=,Pb+/BJqweCciP+HGW+6TO/B8qmI=
6,-4,RZ+ftHtSkKznTgcC8NVfZEDFQTI=,QwNrQAP2jorRDX3Eac0lD6M91/E=
5,-4,RZ+ftHtSkKznTgcC8NVfZEDFQTI=,QwNrQAP2jorRDX3Eac0lD6M91/E=
10,-5,RZ+ftHtSkKznTgcC8NVfZEDFQTI=,Pb+/BJqweCciP+HGW+6TO/B8qmI=
7,-4,RZ+ftHtSkKznTgcC8NVfZEDFQTI=,QwNrQAP2jorRDX3Eac0lD6M91/E=
9,-5,RZ+ftHtSkKznTgcC8NVfZEDFQTI=,Pb+/BJqweCciP+HGW+6TO/B8qmI=
5,-1,RZ+ftHtSkKznTgcC8NVfZEDFQTI=,QwNrQAP2jorRDX3Eac0lD6M91/E=
10,-3,RZ+ftHtSkKznTgcC8NVfZEDFQTI=,Pb+/BJqweCciP+HGW+6TO/B8qmI=
8,-5,RZ+ftHtSkKznTgcC8NVfZEDFQTI=,Pb+/BJqweCciP+HGW+6TO/B8qmI=
4,-5,RZ+ftHtSkKznTgcC8NVfZEDFQTI=,QwNrQAP2jorRDX3Eac0lD6M91/E=
6,-3,RZ+ftHtSkKznTgcC8NVfZEDFQTI=,QwNrQAP2jorRDX3Eac0lD6M91/E=
7,-3,RZ+ftHtSkKznTgcC8NVfZEDFQTI=,QwNrQAP2jorRDX3Eac0lD6M91/E=
5,-2,RZ+ftHtSkKznTgcC8NVfZEDFQTI=,QwNrQAP2jorRDX3Eac0lD6M91/E=
4,-4,RZ+ftHtSkKznTgcC8NVfZEDFQTI=,QwNrQAP2jorRDX3Eac0lD6M91/E=
9,-3,RZ+ftHtSkKznTgcC8NVfZEDFQTI=,Pb+/BJqweCciP+HGW+6TO/B8qmI=
5,-5,RZ+ftHtSkKznTgcC8NVfZEDFQTI=,QwNrQAP2jorRDX3Eac0lD6M91/E=
0,-5,RZ+ftHtSkKznTgcC8NVfZEDFQTI=,QwNrQAP2jorRDX3Eac0lD6M91/E=
3,-4,RZ+ftHtSkKznTgcC8NVfZEDFQTI=,QwNrQAP2jorRDX3Eac0lD6M91/E=
6,-5,RZ+ftHtSkKznTgcC8NVfZEDFQTI=,QwNrQAP2jorRDX3Eac0lD6M91/E=
8,-3,RZ+ftHtSkKznTgcC8NVfZEDFQTI=,Pb+/BJqweCciP+HGW+6TO/B8qmI=
2,-4,RZ+ftHtSkKznTgcC8NVfZEDFQTI=,QwNrQAP2jorRDX3Eac0lD6M91/E=
3,-2,RZ+ftHtSkKznTgcC8NVfZEDFQTI=,QwNrQAP2jorRDX3Eac0lD6M91/E=
7,-5,RZ+ftHtSkKznTgcC8NVfZEDFQTI=,QwNrQAP2jorRDX3Eac0lD6M91/E=
1,-4,RZ+ftHtSkKznTgcC8NVfZEDFQTI=,QwNrQAP2jorRDX3Eac0lD6M91/E=
4,-2,RZ+ftHtSkKznTgcC8NVfZEDFQTI=,QwNrQAP2jorRDX3Eac0lD6M91/E=
0,-4,RZ+ftHtSkKznTgcC8NVfZEDFQTI=,QwNrQAP2jorRDX3Eac0lD6M91/E=
11,-6,RZ+ftHtSkKznTgcC8NVfZEDFQTI=,Pb+/BJqweCciP+HGW+6TO/B8qmI=
11,-11,RZ+ftHtSkKznTgcC8NVfZEDFQTI=,vmKtrt/Ulh9crV/b84MvJq+8xw8=
12,-7,RZ+ftHtSkKznTgcC8NVfZEDFQTI=,Pb+/BJqweCciP+HGW+6TO/B8qmI=
11,-7,RZ+ftHtSkKznTgcC8NVfZEDFQTI=,Pb+/BJqweCciP+HGW+6TO/B8qmI=
12,-9,RZ+ftHtSkKznTgcC8NVfZEDFQTI=,vmKtrt/Ulh9crV/b84MvJq+8xw8=
11,-9,RZ+ftHtSkKznTgcC8NVfZEDFQTI=,vmKtrt/Ulh9crV/b84MvJq+8xw8=
11,-8,RZ+ftHtSkKznTgcC8NVfZEDFQTI=,Pb+/BJqweCciP+HGW+6TO/B8qmI=
12,-8,RZ+ftHtSkKznTgcC8NVfZEDFQTI=,Pb+/BJqweCciP+HGW+6TO/B8qmI=
12,-12,RZ+ftHtSkKznTgcC8NVfZEDFQTI=,vmKtrt/Ulh9crV/b84MvJq+8xw8=
12,-10,RZ+ftHtSkKznTgcC8NVfZEDFQTI=,vmKtrt/Ulh9crV/b84MvJq+8xw8=
11,-12,RZ+ftHtSkKznTgcC8NVfZEDFQTI=,vmKtrt/Ulh9crV/b84MvJq+8xw8=
12,-6,RZ+ftHtSkKznTgcC8NVfZEDFQTI=,Pb+/BJqweCciP+HGW+6TO/B8qmI=
11,-10,RZ+ftHtSkKznTgcC8NVfZEDFQTI=,vmKtrt/Ulh9crV/b84MvJq+8xw8=
12,-11,RZ+ftHtSkKznTgcC8NVfZEDFQTI=,vmKtrt/Ulh9crV/b84MvJq+8xw8=
12,-13,RZ+ftHtSkKznTgcC8NVfZEDFQTI=,vmKtrt/Ulh9crV/b84MvJq+8xw8=
11,-13,RZ+ftHtSkKznTgcC8NVfZEDFQTI=,vmKtrt/Ulh9crV/b84MvJq+8xw8=
7,-6,RZ+ftHtSkKznTgcC8NVfZEDFQTI=,QwNrQAP2jorRDX3Eac0lD6M91/E=
8,-13,RZ+ftHtSkKznTgcC8NVfZEDFQTI=,vmKtrt/Ulh9crV/b84MvJq+8xw8=
6,-6,RZ+ftHtSkKznTgcC8NVfZEDFQTI=,QwNrQAP2jorRDX3Eac0lD6M91/E=
9,-6,RZ+ftHtSkKznTgcC8NVfZEDFQTI=,Pb+/BJqweCciP+HGW+6TO/B8qmI=
4,-6,RZ+ftHtSkKznTgcC8NVfZEDFQTI=,QwNrQAP2jorRDX3Eac0lD6M91/E=
3,-13,RZ+ftHtSkKznTgcC8NVfZEDFQTI=,tM4HnkW4Spmjd+YC+LiMp0LaxSE=
5,-6,RZ+ftHtSkKznTgcC8NVfZEDFQTI=,QwNrQAP2jorRDX3Eac0lD6M91/E=
8,-6,RZ+ftHtSkKznTgcC8NVfZEDFQTI=,Pb+/BJqweCciP+HGW+6TO/B8qmI=
10,-11,RZ+ftHtSkKznTgcC8NVfZEDFQTI=,vmKtrt/Ulh9crV/b84MvJq+8xw8=
7,-7,RZ+ftHtSkKznTgcC8NVfZEDFQTI=,QwNrQAP2jorRDX3Eac0lD6M91/E=
9,-11,RZ+ftHtSkKznTgcC8NVfZEDFQTI=,vmKtrt/Ulh9crV/b84MvJq+8xw8=
4,-7,RZ+ftHtSkKznTgcC8NVfZEDFQTI=,QwNrQAP2jorRDX3Eac0lD6M91/E=
6,-7,RZ+ftHtSkKznTgcC8NVfZEDFQTI=,QwNrQAP2jorRDX3Eac0lD6M91/E=
10,-7,RZ+ftHtSkKznTgcC8NVfZEDFQTI=,Pb+/BJqweCciP+HGW+6TO/B8qmI=
9,-7,RZ+ftHtSkKznTgcC8NVfZEDFQTI=,Pb+/BJqweCciP+HGW+6TO/B8qmI=
4,-8,RZ+ftHtSkKznTgcC8NVfZEDFQTI=,QwNrQAP2jorRDX3Eac0lD6M91/E=
3,-6,RZ+ftHtSkKznTgcC8NVfZEDFQTI=,QwNrQAP2jorRDX3Eac0lD6M91/E=
9,-10,RZ+ftHtSkKznTgcC8NVfZEDFQTI=,vmKtrt/Ulh9crV/b84MvJq+8xw8=
5,-8,RZ+ftHtSkKznTgcC8NVfZEDFQTI=,QwNrQAP2jorRDX3Eac0lD6M91/E=
5,-7,RZ+ftHtSkKznTgcC8NVfZEDFQTI=,QwNrQAP2jorRDX3Eac0lD6M91/E=
8,-11,RZ+ftHtSkKznTgcC8NVfZEDFQTI=,vmKtrt/Ulh9crV/b84MvJq+8xw8=
7,-8,RZ+ftHtSkKznTgcC8NVfZEDFQTI=,QwNrQAP2jorRDX3Eac0lD6M91/E=
8,-7,RZ+ftHtSkKznTgcC8NVfZEDFQTI=,Pb+/BJqweCciP+HGW+6TO/B8qmI=
5,-9,RZ+ftHtSkKznTgcC8NVfZEDFQTI=,tM4HnkW4Spmjd+YC+LiMp0LaxSE=
4,-9,RZ+ftHtSkKznTgcC8NVfZEDFQTI=,tM4HnkW4Spmjd+YC+LiMp0LaxSE=
10,-9,RZ+ftHtSkKznTgcC8NVfZEDFQTI=,vmKtrt/Ulh9crV/b84MvJq+8xw8=
10,-8,RZ+ftHtSkKznTgcC8NVfZEDFQTI=,Pb+/BJqweCciP+HGW+6TO/B8qmI=
9,-9,RZ+ftHtSkKznTgcC8NVfZEDFQTI=,vmKtrt/Ulh9crV/b84MvJq+8xw8=
8,-9,RZ+ftHtSkKznTgcC8NVfZEDFQTI=,vmKtrt/Ulh9crV/b84MvJq+8xw8=
4,-13,RZ+ftHtSkKznTgcC8NVfZEDFQTI=,tM4HnkW4Spmjd+YC+LiMp0LaxSE=
3,-7,RZ+ftHtSkKznTgcC8NVfZEDFQTI=,QwNrQAP2jorRDX3Eac0lD6M91/E=
8,-10,RZ+ftHtSkKznTgcC8NVfZEDFQTI=,vmKtrt/Ulh9crV/b84MvJq+8xw8=
9,-8,RZ+ftHtSkKznTgcC8NVfZEDFQTI=,Pb+/BJqweCciP+HGW+6TO/B8qmI=
5,-10,RZ+ftHtSkKznTgcC8NVfZEDFQTI=,tM4HnkW4Spmjd+YC+LiMp0LaxSE=
6,-9,RZ+ftHtSkKznTgcC8NVfZEDFQTI=,tM4HnkW4Spmjd+YC+LiMp0LaxSE=
6,-8,RZ+ftHtSkKznTgcC8NVfZEDFQTI=,QwNrQAP2jorRDX3Eac0lD6M91/E=
3,-8,RZ+ftHtSkKznTgcC8NVfZEDFQTI=,QwNrQAP2jorRDX3Eac0lD6M91/E=
5,-11,RZ+ftHtSkKznTgcC8NVfZEDFQTI=,tM4HnkW4Spmjd+YC+LiMp0LaxSE=
4,-10,RZ+ftHtSkKznTgcC8NVfZEDFQTI=,tM4HnkW4Spmjd+YC+LiMp0LaxSE=
7,-9,RZ+ftHtSkKznTgcC8NVfZEDFQTI=,tM4HnkW4Spmjd+YC+LiMp0LaxSE=
6,-11,RZ+ftHtSkKznTgcC8NVfZEDFQTI=,tM4HnkW4Spmjd+YC+LiMp0LaxSE=
6,-10,RZ+ftHtSkKznTgcC8NVfZEDFQTI=,tM4HnkW4Spmjd+YC+LiMp0LaxSE=
10,-12,RZ+ftHtSkKznTgcC8NVfZEDFQTI=,vmKtrt/Ulh9crV/b84MvJq+8xw8=
7,-10,RZ+ftHtSkKznTgcC8NVfZEDFQTI=,tM4HnkW4Spmjd+YC+LiMp0LaxSE=
9,-12,RZ+ftHtSkKznTgcC8NVfZEDFQTI=,vmKtrt/Ulh9crV/b84MvJq+8xw8=
5,-12,RZ+ftHtSkKznTgcC8NVfZEDFQTI=,tM4HnkW4Spmjd+YC+LiMp0LaxSE=
3,-10,RZ+ftHtSkKznTgcC8NVfZEDFQTI=,tM4HnkW4Spmjd+YC+LiMp0LaxSE=
7,-11,RZ+ftHtSkKznTgcC8NVfZEDFQTI=,tM4HnkW4Spmjd+YC+LiMp0LaxSE=
3,-9,RZ+ftHtSkKznTgcC8NVfZEDFQTI=,tM4HnkW4Spmjd+YC+LiMp0LaxSE=
9,-13,RZ+ftHtSkKznTgcC8NVfZEDFQTI=,vmKtrt/Ulh9crV/b84MvJq+8xw8=
8,-12,RZ+ftHtSkKznTgcC8NVfZEDFQTI=,vmKtrt/Ulh9crV/b84MvJq+8xw8=
7,-12,RZ+ftHtSkKznTgcC8NVfZEDFQTI=,tM4HnkW4Spmjd+YC+LiMp0LaxSE=
6,-12,RZ+ftHtSkKznTgcC8NVfZEDFQTI=,tM4HnkW4Spmjd+YC+LiMp0LaxSE=
10,-10,RZ+ftHtSkKznTgcC8NVfZEDFQTI=,vmKtrt/Ulh9crV/b84MvJq+8xw8=
10,-6,RZ+ftHtSkKznTgcC8NVfZEDFQTI=,Pb+/BJqweCciP+HGW+6TO/B8qmI=
7,-13,RZ+ftHtSkKznTgcC8NVfZEDFQTI=,tM4HnkW4Spmjd+YC+LiMp0LaxSE=
8,-8,RZ+ftHtSkKznTgcC8NVfZEDFQTI=,Pb+/BJqweCciP+HGW+6TO/B8qmI=
10,-13,RZ+ftHtSkKznTgcC8NVfZEDFQTI=,vmKtrt/Ulh9crV/b84MvJq+8xw8=
4,-11,RZ+ftHtSkKznTgcC8NVfZEDFQTI=,tM4HnkW4Spmjd+YC+LiMp0LaxSE=
3,-11,RZ+ftHtSkKznTgcC8NVfZEDFQTI=,tM4HnkW4Spmjd+YC+LiMp0LaxSE=
3,-12,RZ+ftHtSkKznTgcC8NVfZEDFQTI=,tM4HnkW4Spmjd+YC+LiMp0LaxSE=
5,-13,RZ+ftHtSkKznTgcC8NVfZEDFQTI=,tM4HnkW4Spmjd+YC+LiMp0LaxSE=
6,-13,RZ+ftHtSkKznTgcC8NVfZEDFQTI=,tM4HnkW4Spmjd+YC+LiMp0LaxSE=
3,-15,RZ+ftHtSkKznTgcC8NVfZEDFQTI=,tM4HnkW4Spmjd+YC+LiMp0LaxSE=
4,-12,RZ+ftHtSkKznTgcC8NVfZEDFQTI=,tM4HnkW4Spmjd+YC+LiMp0LaxSE=
4,-16,RZ+ftHtSkKznTgcC8NVfZEDFQTI=,tM4HnkW4Spmjd+YC+LiMp0LaxSE=
3,-16,RZ+ftHtSkKznTgcC8NVfZEDFQTI=,tM4HnkW4Spmjd+YC+LiMp0LaxSE=
4,-15,RZ+ftHtSkKznTgcC8NVfZEDFQTI=,tM4HnkW4Spmjd+YC+LiMp0LaxSE=
4,-14,RZ+ftHtSkKznTgcC8NVfZEDFQTI=,tM4HnkW4Spmjd+YC+LiMp0LaxSE=
0,-12,RZ+ftHtSkKznTgcC8NVfZEDFQTI=,tM4HnkW4Spmjd+YC+LiMp0LaxSE=
3,-14,RZ+ftHtSkKznTgcC8NVfZEDFQTI=,tM4HnkW4Spmjd+YC+LiMp0LaxSE=
1,-12,RZ+ftHtSkKznTgcC8NVfZEDFQTI=,tM4HnkW4Spmjd+YC+LiMp0LaxSE=
2,-6,RZ+ftHtSkKznTgcC8NVfZEDFQTI=,QwNrQAP2jorRDX3Eac0lD6M91/E=
0,-6,RZ+ftHtSkKznTgcC8NVfZEDFQTI=,QwNrQAP2jorRDX3Eac0lD6M91/E=
1,-6,RZ+ftHtSkKznTgcC8NVfZEDFQTI=,QwNrQAP2jorRDX3Eac0lD6M91/E=
1,-7,RZ+ftHtSkKznTgcC8NVfZEDFQTI=,QwNrQAP2jorRDX3Eac0lD6M91/E=
2,-13,RZ+ftHtSkKznTgcC8NVfZEDFQTI=,tM4HnkW4Spmjd+YC+LiMp0LaxSE=
1,-13,RZ+ftHtSkKznTgcC8NVfZEDFQTI=,tM4HnkW4Spmjd+YC+LiMp0LaxSE=
2,-12,RZ+ftHtSkKznTgcC8NVfZEDFQTI=,tM4HnkW4Spmjd+YC+LiMp0LaxSE=
0,-7,RZ+ftHtSkKznTgcC8NVfZEDFQTI=,QwNrQAP2jorRDX3Eac0lD6M91/E=
2,-7,RZ+ftHtSkKznTgcC8NVfZEDFQTI=,QwNrQAP2jorRDX3Eac0lD6M91/E=
2,-8,RZ+ftHtSkKznTgcC8NVfZEDFQTI=,QwNrQAP2jorRDX3Eac0lD6M91/E=
2,-10,RZ+ftHtSkKznTgcC8NVfZEDFQTI=,tM4HnkW4Spmjd+YC+LiMp0LaxSE=
1,-8,RZ+ftHtSkKznTgcC8NVfZEDFQTI=,QwNrQAP2jorRDX3Eac0lD6M91/E=
2,-9,RZ+ftHtSkKznTgcC8NVfZEDFQTI=,tM4HnkW4Spmjd+YC+LiMp0LaxSE=
0,-13,RZ+ftHtSkKznTgcC8NVfZEDFQTI=,tM4HnkW4Spmjd+YC+LiMp0LaxSE=
0,-8,RZ+ftHtSkKznTgcC8NVfZEDFQTI=,QwNrQAP2jorRDX3Eac0lD6M91/E=
1,-9,RZ+ftHtSkKznTgcC8NVfZEDFQTI=,tM4HnkW4Spmjd+YC+LiMp0LaxSE=
0,-9,RZ+ftHtSkKznTgcC8NVfZEDFQTI=,tM4HnkW4Spmjd+YC+LiMp0LaxSE=
2,-11,RZ+ftHtSkKznTgcC8NVfZEDFQTI=,tM4HnkW4Spmjd+YC+LiMp0LaxSE=
1,-10,RZ+ftHtSkKznTgcC8NVfZEDFQTI=,tM4HnkW4Spmjd+YC+LiMp0LaxSE=
0,-11,RZ+ftHtSkKznTgcC8NVfZEDFQTI=,tM4HnkW4Spmjd+YC+LiMp0LaxSE=
1,-11,RZ+ftHtSkKznTgcC8NVfZEDFQTI=,tM4HnkW4Spmjd+YC+LiMp0LaxSE=
0,-10,RZ+ftHtSkKznTgcC8NVfZEDFQTI=,tM4HnkW4Spmjd+YC+LiMp0LaxSE=
12,-14,RZ+ftHtSkKznTgcC8NVfZEDFQTI=,vmKtrt/Ulh9crV/b84MvJq+8xw8=
11,-14,RZ+ftHtSkKznTgcC8NVfZEDFQTI=,vmKtrt/Ulh9crV/b84MvJq+8xw8=
10,-14,RZ+ftHtSkKznTgcC8NVfZEDFQTI=,vmKtrt/Ulh9crV/b84MvJq+8xw8=
7,-15,RZ+ftHtSkKznTgcC8NVfZEDFQTI=,tM4HnkW4Spmjd+YC+LiMp0LaxSE=
6,-16,RZ+ftHtSkKznTgcC8NVfZEDFQTI=,tM4HnkW4Spmjd+YC+LiMp0LaxSE=
7,-14,RZ+ftHtSkKznTgcC8NVfZEDFQTI=,tM4HnkW4Spmjd+YC+LiMp0LaxSE=
7,-16,RZ+ftHtSkKznTgcC8NVfZEDFQTI=,tM4HnkW4Spmjd+YC+LiMp0LaxSE=
6,-15,RZ+ftHtSkKznTgcC8NVfZEDFQTI=,tM4HnkW4Spmjd+YC+LiMp0LaxSE=
8,-16,RZ+ftHtSkKznTgcC8NVfZEDFQTI=,vmKtrt/Ulh9crV/b84MvJq+8xw8=
9,-14,RZ+ftHtSkKznTgcC8NVfZEDFQTI=,vmKtrt/Ulh9crV/b84MvJq+8xw8=
8,-14,RZ+ftHtSkKznTgcC8NVfZEDFQTI=,vmKtrt/Ulh9crV/b84MvJq+8xw8=
6,-14,RZ+ftHtSkKznTgcC8NVfZEDFQTI=,tM4HnkW4Spmjd+YC+LiMp0LaxSE=
11,-15,RZ+ftHtSkKznTgcC8NVfZEDFQTI=,vmKtrt/Ulh9crV/b84MvJq+8xw8=
10,-15,RZ+ftHtSkKznTgcC8NVfZEDFQTI=,vmKtrt/Ulh9crV/b84MvJq+8xw8=
5,-16,RZ+ftHtSkKznTgcC8NVfZEDFQTI=,tM4HnkW4Spmjd+YC+LiMp0LaxSE=
9,-15,RZ+ftHtSkKznTgcC8NVfZEDFQTI=,vmKtrt/Ulh9crV/b84MvJq+8xw8=
12,-15,RZ+ftHtSkKznTgcC8NVfZEDFQTI=,vmKtrt/Ulh9crV/b84MvJq+8xw8=
5,-15,RZ+ftHtSkKznTgcC8NVfZEDFQTI=,tM4HnkW4Spmjd+YC+LiMp0LaxSE=
11,-16,RZ+ftHtSkKznTgcC8NVfZEDFQTI=,vmKtrt/Ulh9crV/b84MvJq+8xw8=
9,-16,RZ+ftHtSkKznTgcC8NVfZEDFQTI=,vmKtrt/Ulh9crV/b84MvJq+8xw8=
8,-15,RZ+ftHtSkKznTgcC8NVfZEDFQTI=,vmKtrt/Ulh9crV/b84MvJq+8xw8=
5,-14,RZ+ftHtSkKznTgcC8NVfZEDFQTI=,tM4HnkW4Spmjd+YC+LiMp0LaxSE=
12,-16,RZ+ftHtSkKznTgcC8NVfZEDFQTI=,vmKtrt/Ulh9crV/b84MvJq+8xw8=
10,-16,RZ+ftHtSkKznTgcC8NVfZEDFQTI=,vmKtrt/Ulh9crV/b84MvJq+8xw8=
13,-4,RZ+ftHtSkKznTgcC8NVfZEDFQTI=,Pb+/BJqweCciP+HGW+6TO/B8qmI=
15,-5,RZ+ftHtSkKznTgcC8NVfZEDFQTI=,Pb+/BJqweCciP+HGW+6TO/B8qmI=
14,-5,RZ+ftHtSkKznTgcC8NVfZEDFQTI=,Pb+/BJqweCciP+HGW+6TO/B8qmI=
13,-5,RZ+ftHtSkKznTgcC8NVfZEDFQTI=,Pb+/BJqweCciP+HGW+6TO/B8qmI=
15,-4,RZ+ftHtSkKznTgcC8NVfZEDFQTI=,Pb+/BJqweCciP+HGW+6TO/B8qmI=
14,-4,RZ+ftHtSkKznTgcC8NVfZEDFQTI=,Pb+/BJqweCciP+HGW+6TO/B8qmI=
15,-2,hvWHgJa9eLQD8YI7qZfE07r+OLY=,Pb+/BJqweCciP+HGW+6TO/B8qmI=
14,-2,hvWHgJa9eLQD8YI7qZfE07r+OLY=,Pb+/BJqweCciP+HGW+6TO/B8qmI=
15,-3,hvWHgJa9eLQD8YI7qZfE07r+OLY=,Pb+/BJqweCciP+HGW+6TO/B8qmI=
14,-3,hvWHgJa9eLQD8YI7qZfE07r+OLY=,Pb+/BJqweCciP+HGW+6TO/B8qmI=
15,-1,hvWHgJa9eLQD8YI7qZfE07r+OLY=,Pb+/BJqweCciP+HGW+6TO/B8qmI=
13,-1,hvWHgJa9eLQD8YI7qZfE07r+OLY=,Pb+/BJqweCciP+HGW+6TO/B8qmI=
13,-3,hvWHgJa9eLQD8YI7qZfE07r+OLY=,Pb+/BJqweCciP+HGW+6TO/B8qmI=
14,-1,hvWHgJa9eLQD8YI7qZfE07r+OLY=,Pb+/BJqweCciP+HGW+6TO/B8qmI=
13,-2,hvWHgJa9eLQD8YI7qZfE07r+OLY=,Pb+/BJqweCciP+HGW+6TO/B8qmI=
1,-1,hvWHgJa9eLQD8YI7qZfE07r+OLY=,QwNrQAP2jorRDX3Eac0lD6M91/E=
2,-1,hvWHgJa9eLQD8YI7qZfE07r+OLY=,QwNrQAP2jorRDX3Eac0lD6M91/E=
2,-3,hvWHgJa9eLQD8YI7qZfE07r+OLY=,QwNrQAP2jorRDX3Eac0lD6M91/E=
0,-2,hvWHgJa9eLQD8YI7qZfE07r+OLY=,QwNrQAP2jorRDX3Eac0lD6M91/E=
1,-3,hvWHgJa9eLQD8YI7qZfE07r+OLY=,QwNrQAP2jorRDX3Eac0lD6M91/E=
0,-1,hvWHgJa9eLQD8YI7qZfE07r+OLY=,QwNrQAP2jorRDX3Eac0lD6M91/E=
2,-2,hvWHgJa9eLQD8YI7qZfE07r+OLY=,QwNrQAP2jorRDX3Eac0lD6M91/E=
0,-3,hvWHgJa9eLQD8YI7qZfE07r+OLY=,QwNrQAP2jorRDX3Eac0lD6M91/E=
1,-2,hvWHgJa9eLQD8YI7qZfE07r+OLY=,QwNrQAP2jorRDX3Eac0lD6M91/E=
2,-16,hvWHgJa9eLQD8YI7qZfE07r+OLY=,tM4HnkW4Spmjd+YC+LiMp0LaxSE=
1,-16,hvWHgJa9eLQD8YI7qZfE07r+OLY=,tM4HnkW4Spmjd+YC+LiMp0LaxSE=
0,-15,hvWHgJa9eLQD8YI7qZfE07r+OLY=,tM4HnkW4Spmjd+YC+LiMp0LaxSE=
0,-14,hvWHgJa9eLQD8YI7qZfE07r+OLY=,tM4HnkW4Spmjd+YC+LiMp0LaxSE=
1,-15,hvWHgJa9eLQD8YI7qZfE07r+OLY=,tM4HnkW4Spmjd+YC+LiMp0LaxSE=
2,-15,hvWHgJa9eLQD8YI7qZfE07r+OLY=,tM4HnkW4Spmjd+YC+LiMp0LaxSE=
0,-16,hvWHgJa9eLQD8YI7qZfE07r+OLY=,tM4HnkW4Spmjd+YC+LiMp0LaxSE=
2,-14,hvWHgJa9eLQD8YI7qZfE07r+OLY=,tM4HnkW4Spmjd+YC+LiMp0LaxSE=
1,-14,hvWHgJa9eLQD8YI7qZfE07r+OLY=,tM4HnkW4Spmjd+YC+LiMp0LaxSE=
15,-7,hvWHgJa9eLQD8YI7qZfE07r+OLY=,Pb+/BJqweCciP+HGW+6TO/B8qmI=
14,-7,hvWHgJa9eLQD8YI7qZfE07r+OLY=,Pb+/BJqweCciP+HGW+6TO/B8qmI=
15,-11,hvWHgJa9eLQD8YI7qZfE07r+OLY=,vmKtrt/Ulh9crV/b84MvJq+8xw8=
15,-12,hvWHgJa9eLQD8YI7qZfE07r+OLY=,vmKtrt/Ulh9crV/b84MvJq+8xw8=
14,-12,hvWHgJa9eLQD8YI7qZfE07r+OLY=,vmKtrt/Ulh9crV/b84MvJq+8xw8=
15,-8,hvWHgJa9eLQD8YI7qZfE07r+OLY=,Pb+/BJqweCciP+HGW+6TO/B8qmI=
13,-7,hvWHgJa9eLQD8YI7qZfE07r+OLY=,Pb+/BJqweCciP+HGW+6TO/B8qmI=
14,-8,hvWHgJa9eLQD8YI7qZfE07r+OLY=,Pb+/BJqweCciP+HGW+6TO/B8qmI=
15,-9,hvWHgJa9eLQD8YI7qZfE07r+OLY=,vmKtrt/Ulh9crV/b84MvJq+8xw8=
14,-9,hvWHgJa9eLQD8YI7qZfE07r+OLY=,vmKtrt/Ulh9crV/b84MvJq+8xw8=
13,-8,hvWHgJa9eLQD8YI7qZfE07r+OLY=,Pb+/BJqweCciP+HGW+6TO/B8qmI=
13,-9,hvWHgJa9eLQD8YI7qZfE07r+OLY=,vmKtrt/Ulh9crV/b84MvJq+8xw8=
13,-12,hvWHgJa9eLQD8YI7qZfE07r+OLY=,vmKtrt/Ulh9crV/b84MvJq+8xw8=
15,-10,hvWHgJa9eLQD8YI7qZfE07r+OLY=,vmKtrt/Ulh9crV/b84MvJq+8xw8=
13,-14,hvWHgJa9eLQD8YI7qZfE07r+OLY=,vmKtrt/Ulh9crV/b84MvJq+8xw8=
13,-10,hvWHgJa9eLQD8YI7qZfE07r+OLY=,vmKtrt/Ulh9crV/b84MvJq+8xw8=
15,-6,hvWHgJa9eLQD8YI7qZfE07r+OLY=,Pb+/BJqweCciP+HGW+6TO/B8qmI=
14,-6,hvWHgJa9eLQD8YI7qZfE07r+OLY=,Pb+/BJqweCciP+HGW+6TO/B8qmI=
13,-6,hvWHgJa9eLQD8YI7qZfE07r+OLY=,Pb+/BJqweCciP+HGW+6TO/B8qmI=
14,-11,hvWHgJa9eLQD8YI7qZfE07r+OLY=,vmKtrt/Ulh9crV/b84MvJq+8xw8=
14,-10,hvWHgJa9eLQD8YI7qZfE07r+OLY=,vmKtrt/Ulh9crV/b84MvJq+8xw8=
15,-16,hvWHgJa9eLQD8YI7qZfE07r+OLY=,vmKtrt/Ulh9crV/b84MvJq+8xw8=
14,-13,hvWHgJa9eLQD8YI7qZfE07r+OLY=,vmKtrt/Ulh9crV/b84MvJq+8xw8=
13,-13,hvWHgJa9eLQD8YI7qZfE07r+OLY=,vmKtrt/Ulh9crV/b84MvJq+8xw8=
13,-11,hvWHgJa9eLQD8YI7qZfE07r+OLY=,vmKtrt/Ulh9crV/b84MvJq+8xw8=
14,-14,hvWHgJa9eLQD8YI7qZfE07r+OLY=,vmKtrt/Ulh9crV/b84MvJq+8xw8=
14,-16,hvWHgJa9eLQD8YI7qZfE07r+OLY=,vmKtrt/Ulh9crV/b84MvJq+8xw8=
15,-13,hvWHgJa9eLQD8YI7qZfE07r+OLY=,vmKtrt/Ulh9crV/b84MvJq+8xw8=
13,-15,hvWHgJa9eLQD8YI7qZfE07r+OLY=,vmKtrt/Ulh9crV/b84MvJq+8xw8=
15,-15,hvWHgJa9eLQD8YI7qZfE07r+OLY=,vmKtrt/Ulh9crV/b84MvJq+8xw8=
13,-16,hvWHgJa9eLQD8YI7qZfE07r+OLY=,vmKtrt/Ulh9crV/b84MvJq+8xw8=
15,-14,hvWHgJa9eLQD8YI7qZfE07r+OLY=,vmKtrt/Ulh9crV/b84MvJq+8xw8=
14,-15,hvWHgJa9eLQD8YI7qZfE07r+OLY=,vmKtrt/Ulh9crV/b84MvJq+8xw8=
12,-29,JZ4MA52DPn6z7gYKHoHSjlIReYo=,CGse535vTwGExIY8rfV6USNU13Y=
12,-28,JZ4MA52DPn6z7gYKHoHSjlIReYo=,CGse535vTwGExIY8rfV6USNU13Y=
11,-29,JZ4MA52DPn6z7gYKHoHSjlIReYo=,CGse535vTwGExIY8rfV6USNU13Y=
11,-28,JZ4MA52DPn6z7gYKHoHSjlIReYo=,CGse535vTwGExIY8rfV6USNU13Y=
13,-29,xqM75eo6pGDhtCMAZ7pqHZpRqiI=,CGse535vTwGExIY8rfV6USNU13Y=
15,-28,xqM75eo6pGDhtCMAZ7pqHZpRqiI=,CGse535vTwGExIY8rfV6USNU13Y=
14,-29,xqM75eo6pGDhtCMAZ7pqHZpRqiI=,CGse535vTwGExIY8rfV6USNU13Y=
14,-28,xqM75eo6pGDhtCMAZ7pqHZpRqiI=,CGse535vTwGExIY8rfV6USNU13Y=
13,-28,xqM75eo6pGDhtCMAZ7pqHZpRqiI=,CGse535vTwGExIY8rfV6USNU13Y=
15,-29,xqM75eo6pGDhtCMAZ7pqHZpRqiI=,CGse535vTwGExIY8rfV6USNU13Y=
8,-28,xqM75eo6pGDhtCMAZ7pqHZpRqiI=,CGse535vTwGExIY8rfV6USNU13Y=
9,-28,xqM75eo6pGDhtCMAZ7pqHZpRqiI=,CGse535vTwGExIY8rfV6USNU13Y=
10,-29,xqM75eo6pGDhtCMAZ7pqHZpRqiI=,CGse535vTwGExIY8rfV6USNU13Y=
9,-29,xqM75eo6pGDhtCMAZ7pqHZpRqiI=,CGse535vTwGExIY8rfV6USNU13Y=
7,-28,xqM75eo6pGDhtCMAZ7pqHZpRqiI=,0Q0qlQKrptWEeOUbsZhtr7/PwD4=
8,-29,xqM75eo6pGDhtCMAZ7pqHZpRqiI=,CGse535vTwGExIY8rfV6USNU13Y=
7,-29,xqM75eo6pGDhtCMAZ7pqHZpRqiI=,0Q0qlQKrptWEeOUbsZhtr7/PwD4=
6,-29,xqM75eo6pGDhtCMAZ7pqHZpRqiI=,0Q0qlQKrptWEeOUbsZhtr7/PwD4=
10,-28,xqM75eo6pGDhtCMAZ7pqHZpRqiI=,CGse535vTwGExIY8rfV6USNU13Y=
6,-28,xqM75eo6pGDhtCMAZ7pqHZpRqiI=,0Q0qlQKrptWEeOUbsZhtr7/PwD4=
5,-29,xqM75eo6pGDhtCMAZ7pqHZpRqiI=,0Q0qlQKrptWEeOUbsZhtr7/PwD4=
3,-29,xqM75eo6pGDhtCMAZ7pqHZpRqiI=,0Q0qlQKrptWEeOUbsZhtr7/PwD4=
3,-28,xqM75eo6pGDhtCMAZ7pqHZpRqiI=,0Q0qlQKrptWEeOUbsZhtr7/PwD4=
4,-29,xqM75eo6pGDhtCMAZ7pqHZpRqiI=,0Q0qlQKrptWEeOUbsZhtr7/PwD4=
5,-28,xqM75eo6pGDhtCMAZ7pqHZpRqiI=,0Q0qlQKrptWEeOUbsZhtr7/PwD4=
4,-28,xqM75eo6pGDhtCMAZ7pqHZpRqiI=,0Q0qlQKrptWEeOUbsZhtr7/PwD4=
12,-21,xqM75eo6pGDhtCMAZ7pqHZpRqiI=,bC8s3UV7eqw4sNkKylUTMQdjtp8=
12,-22,xqM75eo6pGDhtCMAZ7pqHZpRqiI=,bC8s3UV7eqw4sNkKylUTMQdjtp8=
11,-25,xqM75eo6pGDhtCMAZ7pqHZpRqiI=,CGse535vTwGExIY8rfV6USNU13Y=
12,-27,xqM75eo6pGDhtCMAZ7pqHZpRqiI=,CGse535vTwGExIY8rfV6USNU13Y=
11,-22,xqM75eo6pGDhtCMAZ7pqHZpRqiI=,bC8s3UV7eqw4sNkKylUTMQdjtp8=
12,-26,xqM75eo6pGDhtCMAZ7pqHZpRqiI=,CGse535vTwGExIY8rfV6USNU13Y=
11,-26,xqM75eo6pGDhtCMAZ7pqHZpRqiI=,CGse535vTwGExIY8rfV6USNU13Y=
12,-23,xqM75eo6pGDhtCMAZ7pqHZpRqiI=,bC8s3UV7eqw4sNkKylUTMQdjtp8=
11,-27,xqM75eo6pGDhtCMAZ7pqHZpRqiI=,CGse535vTwGExIY8rfV6USNU13Y=
11,-23,xqM75eo6pGDhtCMAZ7pqHZpRqiI=,bC8s3UV7eqw4sNkKylUTMQdjtp8=
12,-20,xqM75eo6pGDhtCMAZ7pqHZpRqiI=,bC8s3UV7eqw4sNkKylUTMQdjtp8=
12,-25,xqM75eo6pGDhtCMAZ7pqHZpRqiI=,CGse535vTwGExIY8rfV6USNU13Y=
11,-20,xqM75eo6pGDhtCMAZ7pqHZpRqiI=,bC8s3UV7eqw4sNkKylUTMQdjtp8=
11,-24,xqM75eo6pGDhtCMAZ7pqHZpRqiI=,bC8s3UV7eqw4sNkKylUTMQdjtp8=
11,-21,xqM75eo6pGDhtCMAZ7pqHZpRqiI=,bC8s3UV7eqw4sNkKylUTMQdjtp8=
12,-24,xqM75eo6pGDhtCMAZ7pqHZpRqiI=,bC8s3UV7eqw4sNkKylUTMQdjtp8=
15,-25,mTSkIr/fXRox6u1ou9HO83yTfg8=,CGse535vTwGExIY8rfV6USNU13Y=
15,-26,mTSkIr/fXRox6u1ou9HO83yTfg8=,CGse535vTwGExIY8rfV6USNU13Y=
13,-22,mTSkIr/fXRox6u1ou9HO83yTfg8=,bC8s3UV7eqw4sNkKylUTMQdjtp8=
13,-27,mTSkIr/fXRox6u1ou9HO83yTfg8=,CGse535vTwGExIY8rfV6USNU13Y=
14,-26,mTSkIr/fXRox6u1ou9HO83yTfg8=,CGse535vTwGExIY8rfV6USNU13Y=
15,-23,mTSkIr/fXRox6u1ou9HO83yTfg8=,bC8s3UV7eqw4sNkKylUTMQdjtp8=
13,-26,mTSkIr/fXRox6u1ou9HO83yTfg8=,CGse535vTwGExIY8rfV6USNU13Y=
13,-25,mTSkIr/fXRox6u1ou9HO83yTfg8=,CGse535vTwGExIY8rfV6USNU13Y=
14,-25,mTSkIr/fXRox6u1ou9HO83yTfg8=,CGse535vTwGExIY8rfV6USNU13Y=
15,-20,mTSkIr/fXRox6u1ou9HO83yTfg8=,bC8s3UV7eqw4sNkKylUTMQdjtp8=
14,-23,mTSkIr/fXRox6u1ou9HO83yTfg8=,bC8s3UV7eqw4sNkKylUTMQdjtp8=
13,-23,mTSkIr/fXRox6u1ou9HO83yTfg8=,bC8s3UV7eqw4sNkKylUTMQdjtp8=
15,-27,mTSkIr/fXRox6u1ou9HO83yTfg8=,CGse535vTwGExIY8rfV6USNU13Y=
14,-22,mTSkIr/fXRox6u1ou9HO83yTfg8=,bC8s3UV7eqw4sNkKylUTMQdjtp8=
14,-20,mTSkIr/fXRox6u1ou9HO83yTfg8=,bC8s3UV7eqw4sNkKylUTMQdjtp8=
14,-27,mTSkIr/fXRox6u1ou9HO83yTfg8=,CGse535vTwGExIY8rfV6USNU13Y=
15,-24,mTSkIr/fXRox6u1ou9HO83yTfg8=,bC8s3UV7eqw4sNkKylUTMQdjtp8=
13,-20,mTSkIr/fXRox6u1ou9HO83yTfg8=,bC8s3UV7eqw4sNkKylUTMQdjtp8=
14,-24,mTSkIr/fXRox6u1ou9HO83yTfg8=,bC8s3UV7eqw4sNkKylUTMQdjtp8=
13,-24,mTSkIr/fXRox6u1ou9HO83yTfg8=,bC8s3UV7eqw4sNkKylUTMQdjtp8=
15,-22,mTSkIr/fXRox6u1ou9HO83yTfg8=,bC8s3UV7eqw4sNkKylUTMQdjtp8=
15,-21,mTSkIr/fXRox6u1ou9HO83yTfg8=,bC8s3UV7eqw4sNkKylUTMQdjtp8=
14,-21,mTSkIr/fXRox6u1ou9HO83yTfg8=,bC8s3UV7eqw4sNkKylUTMQdjtp8=
13,-21,mTSkIr/fXRox6u1ou9HO83yTfg8=,bC8s3UV7eqw4sNkKylUTMQdjtp8=
9,-27,mTSkIr/fXRox6u1ou9HO83yTfg8=,CGse535vTwGExIY8rfV6USNU13Y=
8,-27,mTSkIr/fXRox6u1ou9HO83yTfg8=,CGse535vTwGExIY8rfV6USNU13Y=
7,-27,mTSkIr/fXRox6u1ou9HO83yTfg8=,0Q0qlQKrptWEeOUbsZhtr7/PwD4=
7,-22,mTSkIr/fXRox6u1ou9HO83yTfg8=,a7K4Yi8NCAnFyF8zeP6cKZ1hmJ8=
10,-25,mTSkIr/fXRox6u1ou9HO83yTfg8=,CGse535vTwGExIY8rfV6USNU13Y=
9,-25,mTSkIr/fXRox6u1ou9HO83yTfg8=,CGse535vTwGExIY8rfV6USNU13Y=
10,-27,mTSkIr/fXRox6u1ou9HO83yTfg8=,CGse535vTwGExIY8rfV6USNU13Y=
6,-22,mTSkIr/fXRox6u1ou9HO83yTfg8=,a7K4Yi8NCAnFyF8zeP6cKZ1hmJ8=
6,-27,mTSkIr/fXRox6u1ou9HO83yTfg8=,0Q0qlQKrptWEeOUbsZhtr7/PwD4=
7,-23,mTSkIr/fXRox6u1ou9HO83yTfg8=,a7K4Yi8NCAnFyF8zeP6cKZ1hmJ8=
8,-25,mTSkIr/fXRox6u1ou9HO83yTfg8=,CGse535vTwGExIY8rfV6USNU13Y=
5,-27,mTSkIr/fXRox6u1ou9HO83yTfg8=,0Q0qlQKrptWEeOUbsZhtr7/PwD4=
7,-25,mTSkIr/fXRox6u1ou9HO83yTfg8=,0Q0qlQKrptWEeOUbsZhtr7/PwD4=
4,-27,mTSkIr/fXRox6u1ou9HO83yTfg8=,0Q0qlQKrptWEeOUbsZhtr7/PwD4=
9,-22,mTSkIr/fXRox6u1ou9HO83yTfg8=,bC8s3UV7eqw4sNkKylUTMQdjtp8=
5,-22,mTSkIr/fXRox6u1ou9HO83yTfg8=,a7K4Yi8NCAnFyF8zeP6cKZ1hmJ8=
3,-27,mTSkIr/fXRox6u1ou9HO83yTfg8=,0Q0qlQKrptWEeOUbsZhtr7/PwD4=
3,-21,mTSkIr/fXRox6u1ou9HO83yTfg8=,a7K4Yi8NCAnFyF8zeP6cKZ1hmJ8=
10,-22,mTSkIr/fXRox6u1ou9HO83yTfg8=,bC8s3UV7eqw4sNkKylUTMQdjtp8=
6,-23,mTSkIr/fXRox6u1ou9HO83yTfg8=,a7K4Yi8NCAnFyF8zeP6cKZ1hmJ8=
4,-22,mTSkIr/fXRox6u1ou9HO83yTfg8=,a7K4Yi8NCAnFyF8zeP6cKZ1hmJ8=
5,-23,mTSkIr/fXRox6u1ou9HO83yTfg8=,a7K4Yi8NCAnFyF8zeP6cKZ1hmJ8=
7,-26,mTSkIr/fXRox6u1ou9HO83yTfg8=,0Q0qlQKrptWEeOUbsZhtr7/PwD4=
3,-22,mTSkIr/fXRox6u1ou9HO83yTfg8=,a7K4Yi8NCAnFyF8zeP6cKZ1hmJ8=
8,-22,mTSkIr/fXRox6u1ou9HO83yTfg8=,bC8s3UV7eqw4sNkKylUTMQdjtp8=
4,-23,mTSkIr/fXRox6u1ou9HO83yTfg8=,a7K4Yi8NCAnFyF8zeP6cKZ1hmJ8=
6,-26,mTSkIr/fXRox6u1ou9HO83yTfg8=,0Q0qlQKrptWEeOUbsZhtr7/PwD4=
8,-24,mTSkIr/fXRox6u1ou9HO83yTfg8=,bC8s3UV7eqw4sNkKylUTMQdjtp8=
5,-26,mTSkIr/fXRox6u1ou9HO83yTfg8=,0Q0qlQKrptWEeOUbsZhtr7/PwD4=
10,-21,mTSkIr/fXRox6u1ou9HO83yTfg8=,bC8s3UV7eqw4sNkKylUTMQdjtp8=
4,-26,mTSkIr/fXRox6u1ou9HO83yTfg8=,0Q0qlQKrptWEeOUbsZhtr7/PwD4=
3,-26,mTSkIr/fXRox6u1ou9HO83yTfg8=,0Q0qlQKrptWEeOUbsZhtr7/PwD4=
9,-21,mTSkIr/fXRox6u1ou9HO83yTfg8=,bC8s3UV7eqw4sNkKylUTMQdjtp8=
7,-20,mTSkIr/fXRox6u1ou9HO83yTfg8=,a7K4Yi8NCAnFyF8zeP6cKZ1hmJ8=
5,-25,mTSkIr/fXRox6u1ou9HO83yTfg8=,0Q0qlQKrptWEeOUbsZhtr7/PwD4=
6,-25,mTSkIr/fXRox6u1ou9HO83yTfg8=,0Q0qlQKrptWEeOUbsZhtr7/PwD4=
6,-20,mTSkIr/fXRox6u1ou9HO83yTfg8=,a7K4Yi8NCAnFyF8zeP6cKZ1hmJ8=
9,-24,mTSkIr/fXRox6u1ou9HO83yTfg8=,bC8s3UV7eqw4sNkKylUTMQdjtp8=
3,-23,mTSkIr/fXRox6u1ou9HO83yTfg8=,a7K4Yi8NCAnFyF8zeP6cKZ1hmJ8=
4,-25,mTSkIr/fXRox6u1ou9HO83yTfg8=,0Q0qlQKrptWEeOUbsZhtr7/PwD4=
7,-21,mTSkIr/fXRox6u1ou9HO83yTfg8=,a7K4Yi8NCAnFyF8zeP6cKZ1hmJ8=
6,-21,mTSkIr/fXRox6u1ou9HO83yTfg8=,a7K4Yi8NCAnFyF8zeP6cKZ1hmJ8=
3,-25,mTSkIr/fXRox6u1ou9HO83yTfg8=,0Q0qlQKrptWEeOUbsZhtr7/PwD4=
10,-24,mTSkIr/fXRox6u1ou9HO83yTfg8=,bC8s3UV7eqw4sNkKylUTMQdjtp8=
6,-24,mTSkIr/fXRox6u1ou9HO83yTfg8=,a7K4Yi8NCAnFyF8zeP6cKZ1hmJ8=
8,-21,mTSkIr/fXRox6u1ou9HO83yTfg8=,bC8s3UV7eqw4sNkKylUTMQdjtp8=
10,-23,mTSkIr/fXRox6u1ou9HO83yTfg8=,bC8s3UV7eqw4sNkKylUTMQdjtp8=
5,-24,mTSkIr/fXRox6u1ou9HO83yTfg8=,a7K4Yi8NCAnFyF8zeP6cKZ1hmJ8=
4,-20,mTSkIr/fXRox6u1ou9HO83yTfg8=,a7K4Yi8NCAnFyF8zeP6cKZ1hmJ8=
4,-24,mTSkIr/fXRox6u1ou9HO83yTfg8=,a7K4Yi8NCAnFyF8zeP6cKZ1hmJ8=
7,-24,mTSkIr/fXRox6u1ou9HO83yTfg8=,a7K4Yi8NCAnFyF8zeP6cKZ1hmJ8=
9,-23,mTSkIr/fXRox6u1ou9HO83yTfg8=,bC8s3UV7eqw4sNkKylUTMQdjtp8=
8,-23,mTSkIr/fXRox6u1ou9HO83yTfg8=,bC8s3UV7eqw4sNkKylUTMQdjtp8=
10,-26,mTSkIr/fXRox6u1ou9HO83yTfg8=,CGse535vTwGExIY8rfV6USNU13Y=
9,-26,mTSkIr/fXRox6u1ou9HO83yTfg8=,CGse535vTwGExIY8rfV6USNU13Y=
3,-24,mTSkIr/fXRox6u1ou9HO83yTfg8=,a7K4Yi8NCAnFyF8zeP6cKZ1hmJ8=
3,-20,mTSkIr/fXRox6u1ou9HO83yTfg8=,a7K4Yi8NCAnFyF8zeP6cKZ1hmJ8=
10,-20,mTSkIr/fXRox6u1ou9HO83yTfg8=,bC8s3UV7eqw4sNkKylUTMQdjtp8=
5,-20,mTSkIr/fXRox6u1ou9HO83yTfg8=,a7K4Yi8NCAnFyF8zeP6cKZ1hmJ8=
9,-20,mTSkIr/fXRox6u1ou9HO83yTfg8=,bC8s3UV7eqw4sNkKylUTMQdjtp8=
8,-26,mTSkIr/fXRox6u1ou9HO83yTfg8=,CGse535vTwGExIY8rfV6USNU13Y=
8,-20,mTSkIr/fXRox6u1ou9HO83yTfg8=,bC8s3UV7eqw4sNkKylUTMQdjtp8=
5,-21,mTSkIr/fXRox6u1ou9HO83yTfg8=,a7K4Yi8NCAnFyF8zeP6cKZ1hmJ8=
4,-21,mTSkIr/fXRox6u1ou9HO83yTfg8=,a7K4Yi8NCAnFyF8zeP6cKZ1hmJ8=
2,-21,mTSkIr/fXRox6u1ou9HO83yTfg8=,a7K4Yi8NCAnFyF8zeP6cKZ1hmJ8=
1,-21,mTSkIr/fXRox6u1ou9HO83yTfg8=,a7K4Yi8NCAnFyF8zeP6cKZ1hmJ8=
0,-20,mTSkIr/fXRox6u1ou9HO83yTfg8=,a7K4Yi8NCAnFyF8zeP6cKZ1hmJ8=
2,-20,mTSkIr/fXRox6u1ou9HO83yTfg8=,a7K4Yi8NCAnFyF8zeP6cKZ1hmJ8=
1,-20,mTSkIr/fXRox6u1ou9HO83yTfg8=,a7K4Yi8NCAnFyF8zeP6cKZ1hmJ8=
0,-21,mTSkIr/fXRox6u1ou9HO83yTfg8=,a7K4Yi8NCAnFyF8zeP6cKZ1hmJ8=
6,-17,mTSkIr/fXRox6u1ou9HO83yTfg8=,a7K4Yi8NCAnFyF8zeP6cKZ1hmJ8=
7,-18,mTSkIr/fXRox6u1ou9HO83yTfg8=,a7K4Yi8NCAnFyF8zeP6cKZ1hmJ8=
6,-19,mTSkIr/fXRox6u1ou9HO83yTfg8=,a7K4Yi8NCAnFyF8zeP6cKZ1hmJ8=
7,-17,mTSkIr/fXRox6u1ou9HO83yTfg8=,a7K4Yi8NCAnFyF8zeP6cKZ1hmJ8=
6,-18,mTSkIr/fXRox6u1ou9HO83yTfg8=,a7K4Yi8NCAnFyF8zeP6cKZ1hmJ8=
7,-19,mTSkIr/fXRox6u1ou9HO83yTfg8=,a7K4Yi8NCAnFyF8zeP6cKZ1hmJ8=
3,-18,mTSkIr/fXRox6u1ou9HO83yTfg8=,a7K4Yi8NCAnFyF8zeP6cKZ1hmJ8=
4,-18,mTSkIr/fXRox6u1ou9HO83yTfg8=,a7K4Yi8NCAnFyF8zeP6cKZ1hmJ8=
8,-19,mTSkIr/fXRox6u1ou9HO83yTfg8=,bC8s3UV7eqw4sNkKylUTMQdjtp8=
11,-17,mTSkIr/fXRox6u1ou9HO83yTfg8=,bC8s3UV7eqw4sNkKylUTMQdjtp8=
9,-17,mTSkIr/fXRox6u1ou9HO83yTfg8=,bC8s3UV7eqw4sNkKylUTMQdjtp8=
4,-19,mTSkIr/fXRox6u1ou9HO83yTfg8=,a7K4Yi8NCAnFyF8zeP6cKZ1hmJ8=
12,-17,mTSkIr/fXRox6u1ou9HO83yTfg8=,bC8s3UV7eqw4sNkKylUTMQdjtp8=
3,-19,mTSkIr/fXRox6u1ou9HO83yTfg8=,a7K4Yi8NCAnFyF8zeP6cKZ1hmJ8=
8,-17,mTSkIr/fXRox6u1ou9HO83yTfg8=,bC8s3UV7eqw4sNkKylUTMQdjtp8=
9,-18,mTSkIr/fXRox6u1ou9HO83yTfg8=,bC8s3UV7eqw4sNkKylUTMQdjtp8=
11,-18,mTSkIr/fXRox6u1ou9HO83yTfg8=,bC8s3UV7eqw4sNkKylUTMQdjtp8=
9,-19,mTSkIr/fXRox6u1ou9HO83yTfg8=,bC8s3UV7eqw4sNkKylUTMQdjtp8=
12,-18,mTSkIr/fXRox6u1ou9HO83yTfg8=,bC8s3UV7eqw4sNkKylUTMQdjtp8=
10,-18,mTSkIr/fXRox6u1ou9HO83yTfg8=,bC8s3UV7eqw4sNkKylUTMQdjtp8=
8,-18,mTSkIr/fXRox6u1ou9HO83yTfg8=,bC8s3UV7eqw4sNkKylUTMQdjtp8=
5,-17,mTSkIr/fXRox6u1ou9HO83yTfg8=,a7K4Yi8NCAnFyF8zeP6cKZ1hmJ8=
5,-19,mTSkIr/fXRox6u1ou9HO83yTfg8=,a7K4Yi8NCAnFyF8zeP6cKZ1hmJ8=
10,-19,mTSkIr/fXRox6u1ou9HO83yTfg8=,bC8s3UV7eqw4sNkKylUTMQdjtp8=
11,-19,mTSkIr/fXRox6u1ou9HO83yTfg8=,bC8s3UV7eqw4sNkKylUTMQdjtp8=
3,-17,mTSkIr/fXRox6u1ou9HO83yTfg8=,a7K4Yi8NCAnFyF8zeP6cKZ1hmJ8=
10,-17,mTSkIr/fXRox6u1ou9HO83yTfg8=,bC8s3UV7eqw4sNkKylUTMQdjtp8=
12,-19,mTSkIr/fXRox6u1ou9HO83yTfg8=,bC8s3UV7eqw4sNkKylUTMQdjtp8=
5,-18,mTSkIr/fXRox6u1ou9HO83yTfg8=,a7K4Yi8NCAnFyF8zeP6cKZ1hmJ8=
4,-17,mTSkIr/fXRox6u1ou9HO83yTfg8=,a7K4Yi8NCAnFyF8zeP6cKZ1hmJ8=
0,-28,mTSkIr/fXRox6u1ou9HO83yTfg8=,0Q0qlQKrptWEeOUbsZhtr7/PwD4=
2,-24,mTSkIr/fXRox6u1ou9HO83yTfg8=,a7K4Yi8NCAnFyF8zeP6cKZ1hmJ8=
0,-27,mTSkIr/fXRox6u1ou9HO83yTfg8=,0Q0qlQKrptWEeOUbsZhtr7/PwD4=
1,-27,mTSkIr/fXRox6u1ou9HO83yTfg8=,0Q0qlQKrptWEeOUbsZhtr7/PwD4=
0,-24,mTSkIr/fXRox6u1ou9HO83yTfg8=,a7K4Yi8NCAnFyF8zeP6cKZ1hmJ8=
1,-24,mTSkIr/fXRox6u1ou9HO83yTfg8=,a7K4Yi8NCAnFyF8zeP6cKZ1hmJ8=
1,-25,mTSkIr/fXRox6u1ou9HO83yTfg8=,0Q0qlQKrptWEeOUbsZhtr7/PwD4=
2,-29,mTSkIr/fXRox6u1ou9HO83yTfg8=,0Q0qlQKrptWEeOUbsZhtr7/PwD4=
2,-28,mTSkIr/fXRox6u1ou9HO83yTfg8=,0Q0qlQKrptWEeOUbsZhtr7/PwD4=
1,-28,mTSkIr/fXRox6u1ou9HO83yTfg8=,0Q0qlQKrptWEeOUbsZhtr7/PwD4=
2,-27,mTSkIr/fXRox6u1ou9HO83yTfg8=,0Q0qlQKrptWEeOUbsZhtr7/PwD4=
2,-25,mTSkIr/fXRox6u1ou9HO83yTfg8=,0Q0qlQKrptWEeOUbsZhtr7/PwD4=
0,-29,mTSkIr/fXRox6u1ou9HO83yTfg8=,0Q0qlQKrptWEeOUbsZhtr7/PwD4=
0,-25,mTSkIr/fXRox6u1ou9HO83yTfg8=,0Q0qlQKrptWEeOUbsZhtr7/PwD4=
0,-26,mTSkIr/fXRox6u1ou9HO83yTfg8=,0Q0qlQKrptWEeOUbsZhtr7/PwD4=
1,-22,mTSkIr/fXRox6u1ou9HO83yTfg8=,a7K4Yi8NCAnFyF8zeP6cKZ1hmJ8=
0,-22,mTSkIr/fXRox6u1ou9HO83yTfg8=,a7K4Yi8NCAnFyF8zeP6cKZ1hmJ8=
1,-29,mTSkIr/fXRox6u1ou9HO83yTfg8=,0Q0qlQKrptWEeOUbsZhtr7/PwD4=
1,-26,mTSkIr/fXRox6u1ou9HO83yTfg8=,0Q0qlQKrptWEeOUbsZhtr7/PwD4=
2,-26,mTSkIr/fXRox6u1ou9HO83yTfg8=,0Q0qlQKrptWEeOUbsZhtr7/PwD4=
2,-22,mTSkIr/fXRox6u1ou9HO83yTfg8=,a7K4Yi8NCAnFyF8zeP6cKZ1hmJ8=
2,-23,mTSkIr/fXRox6u1ou9HO83yTfg8=,a7K4Yi8NCAnFyF8zeP6cKZ1hmJ8=
1,-23,mTSkIr/fXRox6u1ou9HO83yTfg8=,a7K4Yi8NCAnFyF8zeP6cKZ1hmJ8=
0,-23,mTSkIr/fXRox6u1ou9HO83yTfg8=,a7K4Yi8NCAnFyF8zeP6cKZ1hmJ8=
11,-32,mTSkIr/fXRox6u1ou9HO83yTfg8=,CGse535vTwGExIY8rfV6USNU13Y=
14,-30,mTSkIr/fXRox6u1ou9HO83yTfg8=,CGse535vTwGExIY8rfV6USNU13Y=
15,-17,mTSkIr/fXRox6u1ou9HO83yTfg8=,bC8s3UV7eqw4sNkKylUTMQdjtp8=
13,-19,mTSkIr/fXRox6u1ou9HO83yTfg8=,bC8s3UV7eqw4sNkKylUTMQdjtp8=
15,-30,mTSkIr/fXRox6u1ou9HO83yTfg8=,CGse535vTwGExIY8rfV6USNU13Y=
12,-30,mTSkIr/fXRox6u1ou9HO83yTfg8=,CGse535vTwGExIY8rfV6USNU13Y=
14,-31,mTSkIr/fXRox6u1ou9HO83yTfg8=,CGse535vTwGExIY8rfV6USNU13Y=
15,-31,mTSkIr/fXRox6u1ou9HO83yTfg8=,CGse535vTwGExIY8rfV6USNU13Y=
14,-17,mTSkIr/fXRox6u1ou9HO83yTfg8=,bC8s3UV7eqw4sNkKylUTMQdjtp8=
12,-32,mTSkIr/fXRox6u1ou9HO83yTfg8=,CGse535vTwGExIY8rfV6USNU13Y=
11,-30,mTSkIr/fXRox6u1ou9HO83yTfg8=,CGse535vTwGExIY8rfV6USNU13Y=
13,-30,mTSkIr/fXRox6u1ou9HO83yTfg8=,CGse535vTwGExIY8rfV6USNU13Y=
15,-18,mTSkIr/fXRox6u1ou9HO83yTfg8=,bC8s3UV7eqw4sNkKylUTMQdjtp8=
14,-19,mTSkIr/fXRox6u1ou9HO83yTfg8=,bC8s3UV7eqw4sNkKylUTMQdjtp8=
13,-17,mTSkIr/fXRox6u1ou9HO83yTfg8=,bC8s3UV7eqw4sNkKylUTMQdjtp8=
12,-31,nVao668EFcs6K4PJHNsfamA8m4s=,CGse535vTwGExIY8rfV6USNU13Y=
13,-31,nVao668EFcs6K4PJHNsfamA8m4s=,CGse535vTwGExIY8rfV6USNU13Y=
14,-32,nVao668EFcs6K4PJHNsfamA8m4s=,CGse535vTwGExIY8rfV6USNU13Y=
15,-32,nVao668EFcs6K4PJHNsfamA8m4s=,CGse535vTwGExIY8rfV6USNU13Y=
13,-32,nVao668EFcs6K4PJHNsfamA8m4s=,CGse535vTwGExIY8rfV6USNU13Y=
11,-31,nVao668EFcs6K4PJHNsfamA8m4s=,CGse535vTwGExIY8rfV6USNU13Y=
14,-18,nVao668EFcs6K4PJHNsfamA8m4s=,bC8s3UV7eqw4sNkKylUTMQdjtp8=
15,-19,nVao668EFcs6K4PJHNsfamA8m4s=,bC8s3UV7eqw4sNkKylUTMQdjtp8=
13,-18,nVao668EFcs6K4PJHNsfamA8m4s=,bC8s3UV7eqw4sNkKylUTMQdjtp8=
10,-30,nVao668EFcs6K4PJHNsfamA8m4s=,CGse535vTwGExIY8rfV6USNU13Y=
0,-32,nVao668EFcs6K4PJHNsfamA8m4s=,0Q0qlQKrptWEeOUbsZhtr7/PwD4=
9,-30,nVao668EFcs6K4PJHNsfamA8m4s=,CGse535vTwGExIY8rfV6USNU13Y=
7,-32,nVao668EFcs6K4PJHNsfamA8m4s=,0Q0qlQKrptWEeOUbsZhtr7/PwD4=
0,-31,nVao668EFcs6K4PJHNsfamA8m4s=,0Q0qlQKrptWEeOUbsZhtr7/PwD4=
1,-31,nVao668EFcs6K4PJHNsfamA8m4s=,0Q0qlQKrptWEeOUbsZhtr7/PwD4=
8,-30,nVao668EFcs6K4PJHNsfamA8m4s=,CGse535vTwGExIY8rfV6USNU13Y=
10,-31,nVao668EFcs6K4PJHNsfamA8m4s=,CGse535vTwGExIY8rfV6USNU13Y=
2,-17,nVao668EFcs6K4PJHNsfamA8m4s=,a7K4Yi8NCAnFyF8zeP6cKZ1hmJ8=
7,-30,nVao668EFcs6K4PJHNsfamA8m4s=,0Q0qlQKrptWEeOUbsZhtr7/PwD4=
9,-31,nVao668EFcs6K4PJHNsfamA8m4s=,CGse535vTwGExIY8rfV6USNU13Y=
6,-30,nVao668EFcs6K4PJHNsfamA8m4s=,0Q0qlQKrptWEeOUbsZhtr7/PwD4=
0,-18,nVao668EFcs6K4PJHNsfamA8m4s=,a7K4Yi8NCAnFyF8zeP6cKZ1hmJ8=
2,-18,nVao668EFcs6K4PJHNsfamA8m4s=,a7K4Yi8NCAnFyF8zeP6cKZ1hmJ8=
1,-17,nVao668EFcs6K4PJHNsfamA8m4s=,a7K4Yi8NCAnFyF8zeP6cKZ1hmJ8=
8,-31,nVao668EFcs6K4PJHNsfamA8m4s=,CGse535vTwGExIY8rfV6USNU13Y=
5,-30,nVao668EFcs6K4PJHNsfamA8m4s=,0Q0qlQKrptWEeOUbsZhtr7/PwD4=
1,-18,nVao668EFcs6K4PJHNsfamA8m4s=,a7K4Yi8NCAnFyF8zeP6cKZ1hmJ8=
6,-32,nVao668EFcs6K4PJHNsfamA8m4s=,0Q0qlQKrptWEeOUbsZhtr7/PwD4=
9,-32,nVao668EFcs6K4PJHNsfamA8m4s=,CGse535vTwGExIY8rfV6USNU13Y=
8,-32,nVao668EFcs6K4PJHNsfamA8m4s=,CGse535vTwGExIY8rfV6USNU13Y=
10,-32,nVao668EFcs6K4PJHNsfamA8m4s=,CGse535vTwGExIY8rfV6USNU13Y=
0,-17,nVao668EFcs6K4PJHNsfamA8m4s=,a7K4Yi8NCAnFyF8zeP6cKZ1hmJ8=
4,-32,nVao668EFcs6K4PJHNsfamA8m4s=,0Q0qlQKrptWEeOUbsZhtr7/PwD4=
4,-30,nVao668EFcs6K4PJHNsfamA8m4s=,0Q0qlQKrptWEeOUbsZhtr7/PwD4=
6,-31,nVao668EFcs6K4PJHNsfamA8m4s=,0Q0qlQKrptWEeOUbsZhtr7/PwD4=
3,-30,nVao668EFcs6K4PJHNsfamA8m4s=,0Q0qlQKrptWEeOUbsZhtr7/PwD4=
2,-19,nVao668EFcs6K4PJHNsfamA8m4s=,a7K4Yi8NCAnFyF8zeP6cKZ1hmJ8=
5,-31,nVao668EFcs6K4PJHNsfamA8m4s=,0Q0qlQKrptWEeOUbsZhtr7/PwD4=
5,-32,nVao668EFcs6K4PJHNsfamA8m4s=,0Q0qlQKrptWEeOUbsZhtr7/PwD4=
2,-30,nVao668EFcs6K4PJHNsfamA8m4s=,0Q0qlQKrptWEeOUbsZhtr7/PwD4=
7,-31,nVao668EFcs6K4PJHNsfamA8m4s=,0Q0qlQKrptWEeOUbsZhtr7/PwD4=
0,-30,nVao668EFcs6K4PJHNsfamA8m4s=,0Q0qlQKrptWEeOUbsZhtr7/PwD4=
4,-31,nVao668EFcs6K4PJHNsfamA8m4s=,0Q0qlQKrptWEeOUbsZhtr7/PwD4=
3,-32,nVao668EFcs6K4PJHNsfamA8m4s=,0Q0qlQKrptWEeOUbsZhtr7/PwD4=
1,-30,nVao668EFcs6K4PJHNsfamA8m4s=,0Q0qlQKrptWEeOUbsZhtr7/PwD4=
3,-31,nVao668EFcs6K4PJHNsfamA8m4s=,0Q0qlQKrptWEeOUbsZhtr7/PwD4=
2,-31,nVao668EFcs6K4PJHNsfamA8m4s=,0Q0qlQKrptWEeOUbsZhtr7/PwD4=
1,-32,nVao668EFcs6K4PJHNsfamA8m4s=,0Q0qlQKrptWEeOUbsZhtr7/PwD4=
0,-19,nVao668EFcs6K4PJHNsfamA8m4s=,a7K4Yi8NCAnFyF8zeP6cKZ1hmJ8=
2,-32,nVao668EFcs6K4PJHNsfamA8m4s=,0Q0qlQKrptWEeOUbsZhtr7/PwD4=
1,-19,nVao668EFcs6K4PJHNsfamA8m4s=,a7K4Yi8NCAnFyF8zeP6cKZ1hmJ8=
19,-5,9ij+puKJyAtylw7BjaXi/scj+ec=,/rPdSszj9UykETlaHU5AAryt3E4=
20,-5,9ij+puKJyAtylw7BjaXi/scj+ec=,/rPdSszj9UykETlaHU5AAryt3E4=
20,-4,9ij+puKJyAtylw7BjaXi/scj+ec=,/rPdSszj9UykETlaHU5AAryt3E4=
19,-4,9ij+puKJyAtylw7BjaXi/scj+ec=,/rPdSszj9UykETlaHU5AAryt3E4=
27,-12,9ij+puKJyAtylw7BjaXi/scj+ec=,kXmHh1ifMWqr8FDeke2uafA03TQ=
28,-12,9ij+puKJyAtylw7BjaXi/scj+ec=,kXmHh1ifMWqr8FDeke2uafA03TQ=
28,-13,9ij+puKJyAtylw7BjaXi/scj+ec=,kXmHh1ifMWqr8FDeke2uafA03TQ=
27,-13,9ij+puKJyAtylw7BjaXi/scj+ec=,kXmHh1ifMWqr8FDeke2uafA03TQ=
27,-5,9ij+puKJyAtylw7BjaXi/scj+ec=,YVpeLcDWKZGY3Us5sbxoh+HC6Mo=
28,-5,9ij+puKJyAtylw7BjaXi/scj+ec=,YVpeLcDWKZGY3Us5sbxoh+HC6Mo=
27,-9,9ij+puKJyAtylw7BjaXi/scj+ec=,kXmHh1ifMWqr8FDeke2uafA03TQ=
27,-1,9ij+puKJyAtylw7BjaXi/scj+ec=,YVpeLcDWKZGY3Us5sbxoh+HC6Mo=
27,-4,9ij+puKJyAtylw7BjaXi/scj+ec=,YVpeLcDWKZGY3Us5sbxoh+HC6Mo=
21,-4,9ij+puKJyAtylw7BjaXi/scj+ec=,/rPdSszj9UykETlaHU5AAryt3E4=
26,-4,9ij+puKJyAtylw7BjaXi/scj+ec=,YVpeLcDWKZGY3Us5sbxoh+HC6Mo=
25,-4,wB3CYfPu3xlF5CIrJPJR7MEMJKo=,YVpeLcDWKZGY3Us5sbxoh+HC6Mo=
24,-4,wB3CYfPu3xlF5CIrJPJR7MEMJKo=,YVpeLcDWKZGY3Us5sbxoh+HC6Mo=
31,-5,wB3CYfPu3xlF5CIrJPJR7MEMJKo=,YVpeLcDWKZGY3Us5sbxoh+HC6Mo=
26,-5,wB3CYfPu3xlF5CIrJPJR7MEMJKo=,YVpeLcDWKZGY3Us5sbxoh+HC6Mo=
25,-5,wB3CYfPu3xlF5CIrJPJR7MEMJKo=,YVpeLcDWKZGY3Us5sbxoh+HC6Mo=
30,-5,wB3CYfPu3xlF5CIrJPJR7MEMJKo=,YVpeLcDWKZGY3Us5sbxoh+HC6Mo=
24,-5,wB3CYfPu3xlF5CIrJPJR7MEMJKo=,YVpeLcDWKZGY3Us5sbxoh+HC6Mo=
22,-5,wB3CYfPu3xlF5CIrJPJR7MEMJKo=,/rPdSszj9UykETlaHU5AAryt3E4=
29,-5,wB3CYfPu3xlF5CIrJPJR7MEMJKo=,YVpeLcDWKZGY3Us5sbxoh+HC6Mo=
21,-5,wB3CYfPu3xlF5CIrJPJR7MEMJKo=,/rPdSszj9UykETlaHU5AAryt3E4=
27,-11,wB3CYfPu3xlF5CIrJPJR7MEMJKo=,kXmHh1ifMWqr8FDeke2uafA03TQ=
28,-8,wB3CYfPu3xlF5CIrJPJR7MEMJKo=,YVpeLcDWKZGY3Us5sbxoh+HC6Mo=
23,-5,wB3CYfPu3xlF5CIrJPJR7MEMJKo=,/rPdSszj9UykETlaHU5AAryt3E4=
27,-8,wB3CYfPu3xlF5CIrJPJR7MEMJKo=,YVpeLcDWKZGY3Us5sbxoh+HC6Mo=
28,-3,wB3CYfPu3xlF5CIrJPJR7MEMJKo=,YVpeLcDWKZGY3Us5sbxoh+HC6Mo=
28,-10,wB3CYfPu3xlF5CIrJPJR7MEMJKo=,kXmHh1ifMWqr8FDeke2uafA03TQ=
27,-10,wB3CYfPu3xlF5CIrJPJR7MEMJKo=,kXmHh1ifMWqr8FDeke2uafA03TQ=
28,-2,wB3CYfPu3xlF5CIrJPJR7MEMJKo=,YVpeLcDWKZGY3Us5sbxoh+HC6Mo=
27,-3,wB3CYfPu3xlF5CIrJPJR7MEMJKo=,YVpeLcDWKZGY3Us5sbxoh+HC6Mo=
27,-2,wB3CYfPu3xlF5CIrJPJR7MEMJKo=,YVpeLcDWKZGY3Us5sbxoh+HC6Mo=
31,-4,wB3CYfPu3xlF5CIrJPJR7MEMJKo=,YVpeLcDWKZGY3Us5sbxoh+HC6Mo=
30,-4,wB3CYfPu3xlF5CIrJPJR7MEMJKo=,YVpeLcDWKZGY3Us5sbxoh+HC6Mo=
28,-7,wB3CYfPu3xlF5CIrJPJR7MEMJKo=,YVpeLcDWKZGY3Us5sbxoh+HC6Mo=
27,-7,wB3CYfPu3xlF5CIrJPJR7MEMJKo=,YVpeLcDWKZGY3Us5sbxoh+HC6Mo=
29,-4,wB3CYfPu3xlF5CIrJPJR7MEMJKo=,YVpeLcDWKZGY3Us5sbxoh+HC6Mo=
28,-4,wB3CYfPu3xlF5CIrJPJR7MEMJKo=,YVpeLcDWKZGY3Us5sbxoh+HC6Mo=
28,-6,wB3CYfPu3xlF5CIrJPJR7MEMJKo=,YVpeLcDWKZGY3Us5sbxoh+HC6Mo=
28,-11,wB3CYfPu3xlF5CIrJPJR7MEMJKo=,kXmHh1ifMWqr8FDeke2uafA03TQ=
28,-9,wB3CYfPu3xlF5CIrJPJR7MEMJKo=,kXmHh1ifMWqr8FDeke2uafA03TQ=
28,-1,wB3CYfPu3xlF5CIrJPJR7MEMJKo=,YVpeLcDWKZGY3Us5sbxoh+HC6Mo=
27,-6,wB3CYfPu3xlF5CIrJPJR7MEMJKo=,YVpeLcDWKZGY3Us5sbxoh+HC6Mo=
23,-4,wB3CYfPu3xlF5CIrJPJR7MEMJKo=,/rPdSszj9UykETlaHU5AAryt3E4=
22,-4,wB3CYfPu3xlF5CIrJPJR7MEMJKo=,/rPdSszj9UykETlaHU5AAryt3E4=
29,-11,wB3CYfPu3xlF5CIrJPJR7MEMJKo=,kXmHh1ifMWqr8FDeke2uafA03TQ=
30,-11,wB3CYfPu3xlF5CIrJPJR7MEMJKo=,kXmHh1ifMWqr8FDeke2uafA03TQ=
29,-12,wB3CYfPu3xlF5CIrJPJR7MEMJKo=,kXmHh1ifMWqr8FDeke2uafA03TQ=
31,-13,wB3CYfPu3xlF5CIrJPJR7MEMJKo=,kXmHh1ifMWqr8FDeke2uafA03TQ=
30,-13,wB3CYfPu3xlF5CIrJPJR7MEMJKo=,kXmHh1ifMWqr8FDeke2uafA03TQ=
29,-13,wB3CYfPu3xlF5CIrJPJR7MEMJKo=,kXmHh1ifMWqr8FDeke2uafA03TQ=
31,-10,wB3CYfPu3xlF5CIrJPJR7MEMJKo=,kXmHh1ifMWqr8FDeke2uafA03TQ=
31,-8,wB3CYfPu3xlF5CIrJPJR7MEMJKo=,YVpeLcDWKZGY3Us5sbxoh+HC6Mo=
30,-10,wB3CYfPu3xlF5CIrJPJR7MEMJKo=,kXmHh1ifMWqr8FDeke2uafA03TQ=
30,-8,wB3CYfPu3xlF5CIrJPJR7MEMJKo=,YVpeLcDWKZGY3Us5sbxoh+HC6Mo=
29,-8,wB3CYfPu3xlF5CIrJPJR7MEMJKo=,YVpeLcDWKZGY3Us5sbxoh+HC6Mo=
31,-7,wB3CYfPu3xlF5CIrJPJR7MEMJKo=,YVpeLcDWKZGY3Us5sbxoh+HC6Mo=
29,-10,wB3CYfPu3xlF5CIrJPJR7MEMJKo=,kXmHh1ifMWqr8FDeke2uafA03TQ=
31,-9,wB3CYfPu3xlF5CIrJPJR7MEMJKo=,kXmHh1ifMWqr8FDeke2uafA03TQ=
30,-9,wB3CYfPu3xlF5CIrJPJR7MEMJKo=,kXmHh1ifMWqr8FDeke2uafA03TQ=
30,-7,wB3CYfPu3xlF5CIrJPJR7MEMJKo=,YVpeLcDWKZGY3Us5sbxoh+HC6Mo=
29,-7,wB3CYfPu3xlF5CIrJPJR7MEMJKo=,YVpeLcDWKZGY3Us5sbxoh+HC6Mo=
31,-6,wB3CYfPu3xlF5CIrJPJR7MEMJKo=,YVpeLcDWKZGY3Us5sbxoh+HC6Mo=
31,-12,wB3CYfPu3xlF5CIrJPJR7MEMJKo=,kXmHh1ifMWqr8FDeke2uafA03TQ=
30,-12,wB3CYfPu3xlF5CIrJPJR7MEMJKo=,kXmHh1ifMWqr8FDeke2uafA03TQ=
31,-11,wB3CYfPu3xlF5CIrJPJR7MEMJKo=,kXmHh1ifMWqr8FDeke2uafA03TQ=
29,-9,wB3CYfPu3xlF5CIrJPJR7MEMJKo=,kXmHh1ifMWqr8FDeke2uafA03TQ=
30,-6,wB3CYfPu3xlF5CIrJPJR7MEMJKo=,YVpeLcDWKZGY3Us5sbxoh+HC6Mo=
29,-6,wB3CYfPu3xlF5CIrJPJR7MEMJKo=,YVpeLcDWKZGY3Us5sbxoh+HC6Mo=
16,-5,wB3CYfPu3xlF5CIrJPJR7MEMJKo=,/rPdSszj9UykETlaHU5AAryt3E4=
17,-5,wB3CYfPu3xlF5CIrJPJR7MEMJKo=,/rPdSszj9UykETlaHU5AAryt3E4=
18,-5,wB3CYfPu3xlF5CIrJPJR7MEMJKo=,/rPdSszj9UykETlaHU5AAryt3E4=
16,-4,wB3CYfPu3xlF5CIrJPJR7MEMJKo=,/rPdSszj9UykETlaHU5AAryt3E4=
18,-4,wB3CYfPu3xlF5CIrJPJR7MEMJKo=,/rPdSszj9UykETlaHU5AAryt3E4=
17,-4,wB3CYfPu3xlF5CIrJPJR7MEMJKo=,/rPdSszj9UykETlaHU5AAryt3E4=
27,-15,wB3CYfPu3xlF5CIrJPJR7MEMJKo=,kXmHh1ifMWqr8FDeke2uafA03TQ=
28,-15,wB3CYfPu3xlF5CIrJPJR7MEMJKo=,kXmHh1ifMWqr8FDeke2uafA03TQ=
27,-14,wB3CYfPu3xlF5CIrJPJR7MEMJKo=,kXmHh1ifMWqr8FDeke2uafA03TQ=
28,-14,wB3CYfPu3xlF5CIrJPJR7MEMJKo=,kXmHh1ifMWqr8FDeke2uafA03TQ=
28,-16,wB3CYfPu3xlF5CIrJPJR7MEMJKo=,kXmHh1ifMWqr8FDeke2uafA03TQ=
27,-16,wB3CYfPu3xlF5CIrJPJR7MEMJKo=,kXmHh1ifMWqr8FDeke2uafA03TQ=
24,-2,wB3CYfPu3xlF5CIrJPJR7MEMJKo=,YVpeLcDWKZGY3Us5sbxoh+HC6Mo=
22,-2,wB3CYfPu3xlF5CIrJPJR7MEMJKo=,/rPdSszj9UykETlaHU5AAryt3E4=
23,-2,wB3CYfPu3xlF5CIrJPJR7MEMJKo=,/rPdSszj9UykETlaHU5AAryt3E4=
25,-2,wB3CYfPu3xlF5CIrJPJR7MEMJKo=,YVpeLcDWKZGY3Us5sbxoh+HC6Mo=
26,-2,wB3CYfPu3xlF5CIrJPJR7MEMJKo=,YVpeLcDWKZGY3Us5sbxoh+HC6Mo=
24,-3,wB3CYfPu3xlF5CIrJPJR7MEMJKo=,YVpeLcDWKZGY3Us5sbxoh+HC6Mo=
19,-3,wB3CYfPu3xlF5CIrJPJR7MEMJKo=,/rPdSszj9UykETlaHU5AAryt3E4=
19,-1,wB3CYfPu3xlF5CIrJPJR7MEMJKo=,/rPdSszj9UykETlaHU5AAryt3E4=
20,-3,wB3CYfPu3xlF5CIrJPJR7MEMJKo=,/rPdSszj9UykETlaHU5AAryt3E4=
21,-3,wB3CYfPu3xlF5CIrJPJR7MEMJKo=,/rPdSszj9UykETlaHU5AAryt3E4=
22,-3,wB3CYfPu3xlF5CIrJPJR7MEMJKo=,/rPdSszj9UykETlaHU5AAryt3E4=
26,-3,wB3CYfPu3xlF5CIrJPJR7MEMJKo=,YVpeLcDWKZGY3Us5sbxoh+HC6Mo=
23,-3,wB3CYfPu3xlF5CIrJPJR7MEMJKo=,/rPdSszj9UykETlaHU5AAryt3E4=
25,-3,wB3CYfPu3xlF5CIrJPJR7MEMJKo=,YVpeLcDWKZGY3Us5sbxoh+HC6Mo=
19,-2,wB3CYfPu3xlF5CIrJPJR7MEMJKo=,/rPdSszj9UykETlaHU5AAryt3E4=
20,-1,wB3CYfPu3xlF5CIrJPJR7MEMJKo=,/rPdSszj9UykETlaHU5AAryt3E4=
21,-1,wB3CYfPu3xlF5CIrJPJR7MEMJKo=,/rPdSszj9UykETlaHU5AAryt3E4=
24,-1,wB3CYfPu3xlF5CIrJPJR7MEMJKo=,YVpeLcDWKZGY3Us5sbxoh+HC6Mo=
22,-1,wB3CYfPu3xlF5CIrJPJR7MEMJKo=,/rPdSszj9UykETlaHU5AAryt3E4=
23,-1,wB3CYfPu3xlF5CIrJPJR7MEMJKo=,/rPdSszj9UykETlaHU5AAryt3E4=
25,-1,wB3CYfPu3xlF5CIrJPJR7MEMJKo=,YVpeLcDWKZGY3Us5sbxoh+HC6Mo=
26,-1,wB3CYfPu3xlF5CIrJPJR7MEMJKo=,YVpeLcDWKZGY3Us5sbxoh+HC6Mo=
20,-2,wB3CYfPu3xlF5CIrJPJR7MEMJKo=,/rPdSszj9UykETlaHU5AAryt3E4=
21,-2,wB3CYfPu3xlF5CIrJPJR7MEMJKo=,/rPdSszj9UykETlaHU5AAryt3E4=
29,-1,wB3CYfPu3xlF5CIrJPJR7MEMJKo=,YVpeLcDWKZGY3Us5sbxoh+HC6Mo=
30,-1,wB3CYfPu3xlF5CIrJPJR7MEMJKo=,YVpeLcDWKZGY3Us5sbxoh+HC6Mo=
30,-2,wB3CYfPu3xlF5CIrJPJR7MEMJKo=,YVpeLcDWKZGY3Us5sbxoh+HC6Mo=
31,-1,wB3CYfPu3xlF5CIrJPJR7MEMJKo=,YVpeLcDWKZGY3Us5sbxoh+HC6Mo=
31,-3,wB3CYfPu3xlF5CIrJPJR7MEMJKo=,YVpeLcDWKZGY3Us5sbxoh+HC6Mo=
30,-3,wB3CYfPu3xlF5CIrJPJR7MEMJKo=,YVpeLcDWKZGY3Us5sbxoh+HC6Mo=
29,-3,wB3CYfPu3xlF5CIrJPJR7MEMJKo=,YVpeLcDWKZGY3Us5sbxoh+HC6Mo=
29,-2,wB3CYfPu3xlF5CIrJPJR7MEMJKo=,YVpeLcDWKZGY3Us5sbxoh+HC6Mo=
31,-2,wB3CYfPu3xlF5CIrJPJR7MEMJKo=,YVpeLcDWKZGY3Us5sbxoh+HC6Mo=
16,-1,wB3CYfPu3xlF5CIrJPJR7MEMJKo=,/rPdSszj9UykETlaHU5AAryt3E4=
17,-1,wB3CYfPu3xlF5CIrJPJR7MEMJKo=,/rPdSszj9UykETlaHU5AAryt3E4=
16,-3,wB3CYfPu3xlF5CIrJPJR7MEMJKo=,/rPdSszj9UykETlaHU5AAryt3E4=
18,-2,wB3CYfPu3xlF5CIrJPJR7MEMJKo=,/rPdSszj9UykETlaHU5AAryt3E4=
17,-2,wB3CYfPu3xlF5CIrJPJR7MEMJKo=,/rPdSszj9UykETlaHU5AAryt3E4=
17,-3,wB3CYfPu3xlF5CIrJPJR7MEMJKo=,/rPdSszj9UykETlaHU5AAryt3E4=
16,-2,wB3CYfPu3xlF5CIrJPJR7MEMJKo=,/rPdSszj9UykETlaHU5AAryt3E4=
18,-1,wB3CYfPu3xlF5CIrJPJR7MEMJKo=,/rPdSszj9UykETlaHU5AAryt3E4=
18,-3,wB3CYfPu3xlF5CIrJPJR7MEMJKo=,/rPdSszj9UykETlaHU5AAryt3E4=
29,-15,wB3CYfPu3xlF5CIrJPJR7MEMJKo=,kXmHh1ifMWqr8FDeke2uafA03TQ=
30,-15,wB3CYfPu3xlF5CIrJPJR7MEMJKo=,kXmHh1ifMWqr8FDeke2uafA03TQ=
31,-15,wB3CYfPu3xlF5CIrJPJR7MEMJKo=,kXmHh1ifMWqr8FDeke2uafA03TQ=
31,-16,wB3CYfPu3xlF5CIrJPJR7MEMJKo=,kXmHh1ifMWqr8FDeke2uafA03TQ=
30,-16,wB3CYfPu3xlF5CIrJPJR7MEMJKo=,kXmHh1ifMWqr8FDeke2uafA03TQ=
31,-14,wB3CYfPu3xlF5CIrJPJR7MEMJKo=,kXmHh1ifMWqr8FDeke2uafA03TQ=
30,-14,wB3CYfPu3xlF5CIrJPJR7MEMJKo=,kXmHh1ifMWqr8FDeke2uafA03TQ=
29,-14,wB3CYfPu3xlF5CIrJPJR7MEMJKo=,kXmHh1ifMWqr8FDeke2uafA03TQ=
29,-16,wB3CYfPu3xlF5CIrJPJR7MEMJKo=,kXmHh1ifMWqr8FDeke2uafA03TQ=
19,-6,wB3CYfPu3xlF5CIrJPJR7MEMJKo=,/rPdSszj9UykETlaHU5AAryt3E4=
26,-9,wB3CYfPu3xlF5CIrJPJR7MEMJKo=,kXmHh1ifMWqr8FDeke2uafA03TQ=
21,-6,wB3CYfPu3xlF5CIrJPJR7MEMJKo=,/rPdSszj9UykETlaHU5AAryt3E4=
20,-6,wB3CYfPu3xlF5CIrJPJR7MEMJKo=,/rPdSszj9UykETlaHU5AAryt3E4=
18,-6,wB3CYfPu3xlF5CIrJPJR7MEMJKo=,/rPdSszj9UykETlaHU5AAryt3E4=
17,-6,wB3CYfPu3xlF5CIrJPJR7MEMJKo=,/rPdSszj9UykETlaHU5AAryt3E4=
16,-6,wB3CYfPu3xlF5CIrJPJR7MEMJKo=,/rPdSszj9UykETlaHU5AAryt3E4=
25,-13,wB3CYfPu3xlF5CIrJPJR7MEMJKo=,kXmHh1ifMWqr8FDeke2uafA03TQ=
25,-9,wB3CYfPu3xlF5CIrJPJR7MEMJKo=,kXmHh1ifMWqr8FDeke2uafA03TQ=
24,-13,wB3CYfPu3xlF5CIrJPJR7MEMJKo=,kXmHh1ifMWqr8FDeke2uafA03TQ=
24,-9,wB3CYfPu3xlF5CIrJPJR7MEMJKo=,kXmHh1ifMWqr8FDeke2uafA03TQ=
26,-13,wB3CYfPu3xlF5CIrJPJR7MEMJKo=,kXmHh1ifMWqr8FDeke2uafA03TQ=
20,-7,wB3CYfPu3xlF5CIrJPJR7MEMJKo=,/rPdSszj9UykETlaHU5AAryt3E4=
19,-7,wB3CYfPu3xlF5CIrJPJR7MEMJKo=,/rPdSszj9UykETlaHU5AAryt3E4=
21,-7,wB3CYfPu3xlF5CIrJPJR7MEMJKo=,/rPdSszj9UykETlaHU5AAryt3E4=
18,-7,wB3CYfPu3xlF5CIrJPJR7MEMJKo=,/rPdSszj9UykETlaHU5AAryt3E4=
19,-14,wB3CYfPu3xlF5CIrJPJR7MEMJKo=,CPY2HZOAuVrtS8xGH0fB0RG6N2I=
18,-14,wB3CYfPu3xlF5CIrJPJR7MEMJKo=,CPY2HZOAuVrtS8xGH0fB0RG6N2I=
17,-7,wB3CYfPu3xlF5CIrJPJR7MEMJKo=,/rPdSszj9UykETlaHU5AAryt3E4=
16,-7,wB3CYfPu3xlF5CIrJPJR7MEMJKo=,/rPdSszj9UykETlaHU5AAryt3E4=
21,-14,wB3CYfPu3xlF5CIrJPJR7MEMJKo=,CPY2HZOAuVrtS8xGH0fB0RG6N2I=
22,-14,wB3CYfPu3xlF5CIrJPJR7MEMJKo=,CPY2HZOAuVrtS8xGH0fB0RG6N2I=
24,-12,wB3CYfPu3xlF5CIrJPJR7MEMJKo=,kXmHh1ifMWqr8FDeke2uafA03TQ=
23,-15,wB3CYfPu3xlF5CIrJPJR7MEMJKo=,CPY2HZOAuVrtS8xGH0fB0RG6N2I=
23,-14,wB3CYfPu3xlF5CIrJPJR7MEMJKo=,CPY2HZOAuVrtS8xGH0fB0RG6N2I=
17,-14,wB3CYfPu3xlF5CIrJPJR7MEMJKo=,CPY2HZOAuVrtS8xGH0fB0RG6N2I=
22,-15,wB3CYfPu3xlF5CIrJPJR7MEMJKo=,CPY2HZOAuVrtS8xGH0fB0RG6N2I=
26,-16,wB3CYfPu3xlF5CIrJPJR7MEMJKo=,kXmHh1ifMWqr8FDeke2uafA03TQ=
16,-16,wB3CYfPu3xlF5CIrJPJR7MEMJKo=,CPY2HZOAuVrtS8xGH0fB0RG6N2I=
23,-7,wB3CYfPu3xlF5CIrJPJR7MEMJKo=,/rPdSszj9UykETlaHU5AAryt3E4=
21,-8,wB3CYfPu3xlF5CIrJPJR7MEMJKo=,/rPdSszj9UykETlaHU5AAryt3E4=
20,-8,wB3CYfPu3xlF5CIrJPJR7MEMJKo=,/rPdSszj9UykETlaHU5AAryt3E4=
25,-16,wB3CYfPu3xlF5CIrJPJR7MEMJKo=,kXmHh1ifMWqr8FDeke2uafA03TQ=
19,-8,wB3CYfPu3xlF5CIrJPJR7MEMJKo=,/rPdSszj9UykETlaHU5AAryt3E4=
22,-7,wB3CYfPu3xlF5CIrJPJR7MEMJKo=,/rPdSszj9UykETlaHU5AAryt3E4=
16,-8,wB3CYfPu3xlF5CIrJPJR7MEMJKo=,/rPdSszj9UykETlaHU5AAryt3E4=
25,-12,wB3CYfPu3xlF5CIrJPJR7MEMJKo=,kXmHh1ifMWqr8FDeke2uafA03TQ=
17,-8,wB3CYfPu3xlF5CIrJPJR7MEMJKo=,/rPdSszj9UykETlaHU5AAryt3E4=
16,-14,wB3CYfPu3xlF5CIrJPJR7MEMJKo=,CPY2HZOAuVrtS8xGH0fB0RG6N2I=
18,-8,wB3CYfPu3xlF5CIrJPJR7MEMJKo=,/rPdSszj9UykETlaHU5AAryt3E4=
25,-14,wB3CYfPu3xlF5CIrJPJR7MEMJKo=,kXmHh1ifMWqr8FDeke2uafA03TQ=
26,-14,wB3CYfPu3xlF5CIrJPJR7MEMJKo=,kXmHh1ifMWqr8FDeke2uafA03TQ=
22,-8,wB3CYfPu3xlF5CIrJPJR7MEMJKo=,/rPdSszj9UykETlaHU5AAryt3E4=
20,-9,wB3CYfPu3xlF5CIrJPJR7MEMJKo=,CPY2HZOAuVrtS8xGH0fB0RG6N2I=
23,-8,wB3CYfPu3xlF5CIrJPJR7MEMJKo=,/rPdSszj9UykETlaHU5AAryt3E4=
19,-9,wB3CYfPu3xlF5CIrJPJR7MEMJKo=,CPY2HZOAuVrtS8xGH0fB0RG6N2I=
21,-9,wB3CYfPu3xlF5CIrJPJR7MEMJKo=,CPY2HZOAuVrtS8xGH0fB0RG6N2I=
25,-6,wB3CYfPu3xlF5CIrJPJR7MEMJKo=,YVpeLcDWKZGY3Us5sbxoh+HC6Mo=
24,-14,wB3CYfPu3xlF5CIrJPJR7MEMJKo=,kXmHh1ifMWqr8FDeke2uafA03TQ=
20,-14,wB3CYfPu3xlF5CIrJPJR7MEMJKo=,CPY2HZOAuVrtS8xGH0fB0RG6N2I=
16,-9,wB3CYfPu3xlF5CIrJPJR7MEMJKo=,CPY2HZOAuVrtS8xGH0fB0RG6N2I=
26,-11,wB3CYfPu3xlF5CIrJPJR7MEMJKo=,kXmHh1ifMWqr8FDeke2uafA03TQ=
23,-9,wB3CYfPu3xlF5CIrJPJR7MEMJKo=,CPY2HZOAuVrtS8xGH0fB0RG6N2I=
17,-9,wB3CYfPu3xlF5CIrJPJR7MEMJKo=,CPY2HZOAuVrtS8xGH0fB0RG6N2I=
25,-11,wB3CYfPu3xlF5CIrJPJR7MEMJKo=,kXmHh1ifMWqr8FDeke2uafA03TQ=
17,-16,wB3CYfPu3xlF5CIrJPJR7MEMJKo=,CPY2HZOAuVrtS8xGH0fB0RG6N2I=
24,-15,wB3CYfPu3xlF5CIrJPJR7MEMJKo=,kXmHh1ifMWqr8FDeke2uafA03TQ=
21,-15,wB3CYfPu3xlF5CIrJPJR7MEMJKo=,CPY2HZOAuVrtS8xGH0fB0RG6N2I=
23,-10,wB3CYfPu3xlF5CIrJPJR7MEMJKo=,CPY2HZOAuVrtS8xGH0fB0RG6N2I=
16,-13,wB3CYfPu3xlF5CIrJPJR7MEMJKo=,CPY2HZOAuVrtS8xGH0fB0RG6N2I=
18,-9,wB3CYfPu3xlF5CIrJPJR7MEMJKo=,CPY2HZOAuVrtS8xGH0fB0RG6N2I=
20,-15,wB3CYfPu3xlF5CIrJPJR7MEMJKo=,CPY2HZOAuVrtS8xGH0fB0RG6N2I=
22,-9,wB3CYfPu3xlF5CIrJPJR7MEMJKo=,CPY2HZOAuVrtS8xGH0fB0RG6N2I=
24,-6,wB3CYfPu3xlF5CIrJPJR7MEMJKo=,YVpeLcDWKZGY3Us5sbxoh+HC6Mo=
20,-10,wB3CYfPu3xlF5CIrJPJR7MEMJKo=,CPY2HZOAuVrtS8xGH0fB0RG6N2I=
19,-15,wB3CYfPu3xlF5CIrJPJR7MEMJKo=,CPY2HZOAuVrtS8xGH0fB0RG6N2I=
24,-16,wB3CYfPu3xlF5CIrJPJR7MEMJKo=,kXmHh1ifMWqr8FDeke2uafA03TQ=
18,-10,wB3CYfPu3xlF5CIrJPJR7MEMJKo=,CPY2HZOAuVrtS8xGH0fB0RG6N2I=
17,-10,wB3CYfPu3xlF5CIrJPJR7MEMJKo=,CPY2HZOAuVrtS8xGH0fB0RG6N2I=
16,-10,wB3CYfPu3xlF5CIrJPJR7MEMJKo=,CPY2HZOAuVrtS8xGH0fB0RG6N2I=
26,-8,wB3CYfPu3xlF5CIrJPJR7MEMJKo=,YVpeLcDWKZGY3Us5sbxoh+HC6Mo=
26,-10,wB3CYfPu3xlF5CIrJPJR7MEMJKo=,kXmHh1ifMWqr8FDeke2uafA03TQ=
17,-13,wB3CYfPu3xlF5CIrJPJR7MEMJKo=,CPY2HZOAuVrtS8xGH0fB0RG6N2I=
22,-6,wB3CYfPu3xlF5CIrJPJR7MEMJKo=,/rPdSszj9UykETlaHU5AAryt3E4=
22,-10,wB3CYfPu3xlF5CIrJPJR7MEMJKo=,CPY2HZOAuVrtS8xGH0fB0RG6N2I=
25,-8,wB3CYfPu3xlF5CIrJPJR7MEMJKo=,YVpeLcDWKZGY3Us5sbxoh+HC6Mo=
21,-10,wB3CYfPu3xlF5CIrJPJR7MEMJKo=,CPY2HZOAuVrtS8xGH0fB0RG6N2I=
23,-11,wB3CYfPu3xlF5CIrJPJR7MEMJKo=,CPY2HZOAuVrtS8xGH0fB0RG6N2I=
18,-15,wB3CYfPu3xlF5CIrJPJR7MEMJKo=,CPY2HZOAuVrtS8xGH0fB0RG6N2I=
25,-15,wB3CYfPu3xlF5CIrJPJR7MEMJKo=,kXmHh1ifMWqr8FDeke2uafA03TQ=
24,-11,wB3CYfPu3xlF5CIrJPJR7MEMJKo=,kXmHh1ifMWqr8FDeke2uafA03TQ=
25,-10,wB3CYfPu3xlF5CIrJPJR7MEMJKo=,kXmHh1ifMWqr8FDeke2uafA03TQ=
26,-15,wB3CYfPu3xlF5CIrJPJR7MEMJKo=,kXmHh1ifMWqr8FDeke2uafA03TQ=
19,-10,wB3CYfPu3xlF5CIrJPJR7MEMJKo=,CPY2HZOAuVrtS8xGH0fB0RG6N2I=
23,-6,wB3CYfPu3xlF5CIrJPJR7MEMJKo=,/rPdSszj9UykETlaHU5AAryt3E4=
18,-13,wB3CYfPu3xlF5CIrJPJR7MEMJKo=,CPY2HZOAuVrtS8xGH0fB0RG6N2I=
17,-15,wB3CYfPu3xlF5CIrJPJR7MEMJKo=,CPY2HZOAuVrtS8xGH0fB0RG6N2I=
26,-6,wB3CYfPu3xlF5CIrJPJR7MEMJKo=,YVpeLcDWKZGY3Us5sbxoh+HC6Mo=
24,-8,wB3CYfPu3xlF5CIrJPJR7MEMJKo=,YVpeLcDWKZGY3Us5sbxoh+HC6Mo=
18,-11,wB3CYfPu3xlF5CIrJPJR7MEMJKo=,CPY2HZOAuVrtS8xGH0fB0RG6N2I=
17,-11,wB3CYfPu3xlF5CIrJPJR7MEMJKo=,CPY2HZOAuVrtS8xGH0fB0RG6N2I=
19,-11,wB3CYfPu3xlF5CIrJPJR7MEMJKo=,CPY2HZOAuVrtS8xGH0fB0RG6N2I=
16,-11,wB3CYfPu3xlF5CIrJPJR7MEMJKo=,CPY2HZOAuVrtS8xGH0fB0RG6N2I=
16,-15,wB3CYfPu3xlF5CIrJPJR7MEMJKo=,CPY2HZOAuVrtS8xGH0fB0RG6N2I=
22,-16,wB3CYfPu3xlF5CIrJPJR7MEMJKo=,CPY2HZOAuVrtS8xGH0fB0RG6N2I=
19,-13,wB3CYfPu3xlF5CIrJPJR7MEMJKo=,CPY2HZOAuVrtS8xGH0fB0RG6N2I=
22,-11,wB3CYfPu3xlF5CIrJPJR7MEMJKo=,CPY2HZOAuVrtS8xGH0fB0RG6N2I=
23,-12,wB3CYfPu3xlF5CIrJPJR7MEMJKo=,CPY2HZOAuVrtS8xGH0fB0RG6N2I=
24,-10,wB3CYfPu3xlF5CIrJPJR7MEMJKo=,kXmHh1ifMWqr8FDeke2uafA03TQ=
20,-11,wB3CYfPu3xlF5CIrJPJR7MEMJKo=,CPY2HZOAuVrtS8xGH0fB0RG6N2I=
21,-16,wB3CYfPu3xlF5CIrJPJR7MEMJKo=,CPY2HZOAuVrtS8xGH0fB0RG6N2I=
20,-13,wB3CYfPu3xlF5CIrJPJR7MEMJKo=,CPY2HZOAuVrtS8xGH0fB0RG6N2I=
26,-12,wB3CYfPu3xlF5CIrJPJR7MEMJKo=,kXmHh1ifMWqr8FDeke2uafA03TQ=
26,-7,wB3CYfPu3xlF5CIrJPJR7MEMJKo=,YVpeLcDWKZGY3Us5sbxoh+HC6Mo=
21,-12,wB3CYfPu3xlF5CIrJPJR7MEMJKo=,CPY2HZOAuVrtS8xGH0fB0RG6N2I=
22,-12,wB3CYfPu3xlF5CIrJPJR7MEMJKo=,CPY2HZOAuVrtS8xGH0fB0RG6N2I=
17,-12,wB3CYfPu3xlF5CIrJPJR7MEMJKo=,CPY2HZOAuVrtS8xGH0fB0RG6N2I=
16,-12,wB3CYfPu3xlF5CIrJPJR7MEMJKo=,CPY2HZOAuVrtS8xGH0fB0RG6N2I=
23,-13,wB3CYfPu3xlF5CIrJPJR7MEMJKo=,CPY2HZOAuVrtS8xGH0fB0RG6N2I=
20,-12,wB3CYfPu3xlF5CIrJPJR7MEMJKo=,CPY2HZOAuVrtS8xGH0fB0RG6N2I=
25,-7,wB3CYfPu3xlF5CIrJPJR7MEMJKo=,YVpeLcDWKZGY3Us5sbxoh+HC6Mo=
20,-16,wB3CYfPu3xlF5CIrJPJR7MEMJKo=,CPY2HZOAuVrtS8xGH0fB0RG6N2I=
23,-16,wB3CYfPu3xlF5CIrJPJR7MEMJKo=,CPY2HZOAuVrtS8xGH0fB0RG6N2I=
22,-13,wB3CYfPu3xlF5CIrJPJR7MEMJKo=,CPY2HZOAuVrtS8xGH0fB0RG6N2I=
18,-12,wB3CYfPu3xlF5CIrJPJR7MEMJKo=,CPY2HZOAuVrtS8xGH0fB0RG6N2I=
21,-11,wB3CYfPu3xlF5CIrJPJR7MEMJKo=,CPY2HZOAuVrtS8xGH0fB0RG6N2I=
18,-16,wB3CYfPu3xlF5CIrJPJR7MEMJKo=,CPY2HZOAuVrtS8xGH0fB0RG6N2I=
19,-16,wB3CYfPu3xlF5CIrJPJR7MEMJKo=,CPY2HZOAuVrtS8xGH0fB0RG6N2I=
19,-12,wB3CYfPu3xlF5CIrJPJR7MEMJKo=,CPY2HZOAuVrtS8xGH0fB0RG6N2I=
24,-7,wB3CYfPu3xlF5CIrJPJR7MEMJKo=,YVpeLcDWKZGY3Us5sbxoh+HC6Mo=
21,-13,wB3CYfPu3xlF5CIrJPJR7MEMJKo=,CPY2HZOAuVrtS8xGH0fB0RG6N2I=
19,-29,yYovljIQPeC60SGniTZ9RoTu41o=,Z6qDXF/buMTqFRPhf96hv/g81RI=
20,-29,yYovljIQPeC60SGniTZ9RoTu41o=,Z6qDXF/buMTqFRPhf96hv/g81RI=
19,-28,yYovljIQPeC60SGniTZ9RoTu41o=,Z6qDXF/buMTqFRPhf96hv/g81RI=
20,-28,yYovljIQPeC60SGniTZ9RoTu41o=,Z6qDXF/buMTqFRPhf96hv/g81RI=
19,-32,yYovljIQPeC60SGniTZ9RoTu41o=,Z6qDXF/buMTqFRPhf96hv/g81RI=
20,-32,yYovljIQPeC60SGniTZ9RoTu41o=,Z6qDXF/buMTqFRPhf96hv/g81RI=
20,-30,yYovljIQPeC60SGniTZ9RoTu41o=,Z6qDXF/buMTqFRPhf96hv/g81RI=
19,-30,yYovljIQPeC60SGniTZ9RoTu41o=,Z6qDXF/buMTqFRPhf96hv/g81RI=
20,-31,yYovljIQPeC60SGniTZ9RoTu41o=,Z6qDXF/buMTqFRPhf96hv/g81RI=
19,-31,yYovljIQPeC60SGniTZ9RoTu41o=,Z6qDXF/buMTqFRPhf96hv/g81RI=
22,-30,yYovljIQPeC60SGniTZ9RoTu41o=,Z6qDXF/buMTqFRPhf96hv/g81RI=
23,-30,yYovljIQPeC60SGniTZ9RoTu41o=,Z6qDXF/buMTqFRPhf96hv/g81RI=
21,-29,yYovljIQPeC60SGniTZ9RoTu41o=,Z6qDXF/buMTqFRPhf96hv/g81RI=
28,-30,yYovljIQPeC60SGniTZ9RoTu41o=,FWgmHXV+FiqUz8Js6bIbMavKMNo=
22,-29,yYovljIQPeC60SGniTZ9RoTu41o=,Z6qDXF/buMTqFRPhf96hv/g81RI=
21,-30,yYovljIQPeC60SGniTZ9RoTu41o=,Z6qDXF/buMTqFRPhf96hv/g81RI=
23,-29,yYovljIQPeC60SGniTZ9RoTu41o=,Z6qDXF/buMTqFRPhf96hv/g81RI=
27,-30,yYovljIQPeC60SGniTZ9RoTu41o=,FWgmHXV+FiqUz8Js6bIbMavKMNo=
24,-29,yYovljIQPeC60SGniTZ9RoTu41o=,FWgmHXV+FiqUz8Js6bIbMavKMNo=
25,-29,yYovljIQPeC60SGniTZ9RoTu41o=,FWgmHXV+FiqUz8Js6bIbMavKMNo=
26,-29,yYovljIQPeC60SGniTZ9RoTu41o=,FWgmHXV+FiqUz8Js6bIbMavKMNo=
27,-29,yYovljIQPeC60SGniTZ9RoTu41o=,FWgmHXV+FiqUz8Js6bIbMavKMNo=
26,-30,yYovljIQPeC60SGniTZ9RoTu41o=,FWgmHXV+FiqUz8Js6bIbMavKMNo=
25,-30,yYovljIQPeC60SGniTZ9RoTu41o=,FWgmHXV+FiqUz8Js6bIbMavKMNo=
24,-30,yYovljIQPeC60SGniTZ9RoTu41o=,FWgmHXV+FiqUz8Js6bIbMavKMNo=
23,-31,yYovljIQPeC60SGniTZ9RoTu41o=,Z6qDXF/buMTqFRPhf96hv/g81RI=
28,-31,yYovljIQPeC60SGniTZ9RoTu41o=,FWgmHXV+FiqUz8Js6bIbMavKMNo=
27,-31,yYovljIQPeC60SGniTZ9RoTu41o=,FWgmHXV+FiqUz8Js6bIbMavKMNo=
22,-31,yYovljIQPeC60SGniTZ9RoTu41o=,Z6qDXF/buMTqFRPhf96hv/g81RI=
21,-31,yYovljIQPeC60SGniTZ9RoTu41o=,Z6qDXF/buMTqFRPhf96hv/g81RI=
26,-31,yYovljIQPeC60SGniTZ9RoTu41o=,FWgmHXV+FiqUz8Js6bIbMavKMNo=
25,-31,yYovljIQPeC60SGniTZ9RoTu41o=,FWgmHXV+FiqUz8Js6bIbMavKMNo=
24,-31,yYovljIQPeC60SGniTZ9RoTu41o=,FWgmHXV+FiqUz8Js6bIbMavKMNo=
28,-28,yYovljIQPeC60SGniTZ9RoTu41o=,FWgmHXV+FiqUz8Js6bIbMavKMNo=
27,-28,yYovljIQPeC60SGniTZ9RoTu41o=,FWgmHXV+FiqUz8Js6bIbMavKMNo=
26,-28,yYovljIQPeC60SGniTZ9RoTu41o=,FWgmHXV+FiqUz8Js6bIbMavKMNo=
28,-32,yYovljIQPeC60SGniTZ9RoTu41o=,FWgmHXV+FiqUz8Js6bIbMavKMNo=
27,-32,yYovljIQPeC60SGniTZ9RoTu41o=,FWgmHXV+FiqUz8Js6bIbMavKMNo=
25,-28,yYovljIQPeC60SGniTZ9RoTu41o=,FWgmHXV+FiqUz8Js6bIbMavKMNo=
26,-32,yYovljIQPeC60SGniTZ9RoTu41o=,FWgmHXV+FiqUz8Js6bIbMavKMNo=
24,-28,yYovljIQPeC60SGniTZ9RoTu41o=,FWgmHXV+FiqUz8Js6bIbMavKMNo=
25,-32,yYovljIQPeC60SGniTZ9RoTu41o=,FWgmHXV+FiqUz8Js6bIbMavKMNo=
24,-32,yYovljIQPeC60SGniTZ9RoTu41o=,FWgmHXV+FiqUz8Js6bIbMavKMNo=
23,-32,yYovljIQPeC60SGniTZ9RoTu41o=,Z6qDXF/buMTqFRPhf96hv/g81RI=
22,-32,yYovljIQPeC60SGniTZ9RoTu41o=,Z6qDXF/buMTqFRPhf96hv/g81RI=
21,-32,yYovljIQPeC60SGniTZ9RoTu41o=,Z6qDXF/buMTqFRPhf96hv/g81RI=
23,-28,yYovljIQPeC60SGniTZ9RoTu41o=,Z6qDXF/buMTqFRPhf96hv/g81RI=
22,-28,yYovljIQPeC60SGniTZ9RoTu41o=,Z6qDXF/buMTqFRPhf96hv/g81RI=
28,-29,yYovljIQPeC60SGniTZ9RoTu41o=,FWgmHXV+FiqUz8Js6bIbMavKMNo=
21,-28,yYovljIQPeC60SGniTZ9RoTu41o=,Z6qDXF/buMTqFRPhf96hv/g81RI=
29,-29,RhQrjDoOYqtJPK2T3wYM3BYY0vQ=,FWgmHXV+FiqUz8Js6bIbMavKMNo=
31,-28,RhQrjDoOYqtJPK2T3wYM3BYY0vQ=,FWgmHXV+FiqUz8Js6bIbMavKMNo=
30,-29,RhQrjDoOYqtJPK2T3wYM3BYY0vQ=,FWgmHXV+FiqUz8Js6bIbMavKMNo=
31,-29,RhQrjDoOYqtJPK2T3wYM3BYY0vQ=,FWgmHXV+FiqUz8Js6bIbMavKMNo=
29,-28,RhQrjDoOYqtJPK2T3wYM3BYY0vQ=,FWgmHXV+FiqUz8Js6bIbMavKMNo=
30,-28,RhQrjDoOYqtJPK2T3wYM3BYY0vQ=,FWgmHXV+FiqUz8Js6bIbMavKMNo=
27,-20,RhQrjDoOYqtJPK2T3wYM3BYY0vQ=,0ArDyntixZMc4UDse1e/cGGx954=
30,-25,RhQrjDoOYqtJPK2T3wYM3BYY0vQ=,FWgmHXV+FiqUz8Js6bIbMavKMNo=
31,-25,RhQrjDoOYqtJPK2T3wYM3BYY0vQ=,FWgmHXV+FiqUz8Js6bIbMavKMNo=
27,-17,RhQrjDoOYqtJPK2T3wYM3BYY0vQ=,0ArDyntixZMc4UDse1e/cGGx954=
27,-27,RhQrjDoOYqtJPK2T3wYM3BYY0vQ=,FWgmHXV+FiqUz8Js6bIbMavKMNo=
29,-18,RhQrjDoOYqtJPK2T3wYM3BYY0vQ=,0ArDyntixZMc4UDse1e/cGGx954=
28,-18,RhQrjDoOYqtJPK2T3wYM3BYY0vQ=,0ArDyntixZMc4UDse1e/cGGx954=
27,-18,RhQrjDoOYqtJPK2T3wYM3BYY0vQ=,0ArDyntixZMc4UDse1e/cGGx954=
28,-17,RhQrjDoOYqtJPK2T3wYM3BYY0vQ=,0ArDyntixZMc4UDse1e/cGGx954=
29,-25,RhQrjDoOYqtJPK2T3wYM3BYY0vQ=,FWgmHXV+FiqUz8Js6bIbMavKMNo=
31,-24,RhQrjDoOYqtJPK2T3wYM3BYY0vQ=,0ArDyntixZMc4UDse1e/cGGx954=
31,-26,RhQrjDoOYqtJPK2T3wYM3BYY0vQ=,FWgmHXV+FiqUz8Js6bIbMavKMNo=
31,-19,RhQrjDoOYqtJPK2T3wYM3BYY0vQ=,0ArDyntixZMc4UDse1e/cGGx954=
31,-23,RhQrjDoOYqtJPK2T3wYM3BYY0vQ=,0ArDyntixZMc4UDse1e/cGGx954=
31,-17,RhQrjDoOYqtJPK2T3wYM3BYY0vQ=,0ArDyntixZMc4UDse1e/cGGx954=
30,-26,RhQrjDoOYqtJPK2T3wYM3BYY0vQ=,FWgmHXV+FiqUz8Js6bIbMavKMNo=
29,-17,RhQrjDoOYqtJPK2T3wYM3BYY0vQ=,0ArDyntixZMc4UDse1e/cGGx954=
28,-27,RhQrjDoOYqtJPK2T3wYM3BYY0vQ=,FWgmHXV+FiqUz8Js6bIbMavKMNo=
30,-24,RhQrjDoOYqtJPK2T3wYM3BYY0vQ=,0ArDyntixZMc4UDse1e/cGGx954=
29,-27,RhQrjDoOYqtJPK2T3wYM3BYY0vQ=,FWgmHXV+FiqUz8Js6bIbMavKMNo=
30,-27,RhQrjDoOYqtJPK2T3wYM3BYY0vQ=,FWgmHXV+FiqUz8Js6bIbMavKMNo=
28,-20,RhQrjDoOYqtJPK2T3wYM3BYY0vQ=,0ArDyntixZMc4UDse1e/cGGx954=
29,-26,RhQrjDoOYqtJPK2T3wYM3BYY0vQ=,FWgmHXV+FiqUz8Js6bIbMavKMNo=
31,-21,RhQrjDoOYqtJPK2T3wYM3BYY0vQ=,0ArDyntixZMc4UDse1e/cGGx954=
29,-23,RhQrjDoOYqtJPK2T3wYM3BYY0vQ=,0ArDyntixZMc4UDse1e/cGGx954=
28,-25,RhQrjDoOYqtJPK2T3wYM3BYY0vQ=,FWgmHXV+FiqUz8Js6bIbMavKMNo=
30,-19,RhQrjDoOYqtJPK2T3wYM3BYY0vQ=,0ArDyntixZMc4UDse1e/cGGx954=
30,-23,RhQrjDoOYqtJPK2T3wYM3BYY0vQ=,0ArDyntixZMc4UDse1e/cGGx954=
28,-23,RhQrjDoOYqtJPK2T3wYM3BYY0vQ=,0ArDyntixZMc4UDse1e/cGGx954=
30,-22,RhQrjDoOYqtJPK2T3wYM3BYY0vQ=,0ArDyntixZMc4UDse1e/cGGx954=
31,-22,RhQrjDoOYqtJPK2T3wYM3BYY0vQ=,0ArDyntixZMc4UDse1e/cGGx954=
27,-23,RhQrjDoOYqtJPK2T3wYM3BYY0vQ=,0ArDyntixZMc4UDse1e/cGGx954=
30,-17,RhQrjDoOYqtJPK2T3wYM3BYY0vQ=,0ArDyntixZMc4UDse1e/cGGx954=
27,-25,RhQrjDoOYqtJPK2T3wYM3BYY0vQ=,FWgmHXV+FiqUz8Js6bIbMavKMNo=
31,-27,RhQrjDoOYqtJPK2T3wYM3BYY0vQ=,FWgmHXV+FiqUz8Js6bIbMavKMNo=
29,-20,RhQrjDoOYqtJPK2T3wYM3BYY0vQ=,0ArDyntixZMc4UDse1e/cGGx954=
29,-24,RhQrjDoOYqtJPK2T3wYM3BYY0vQ=,0ArDyntixZMc4UDse1e/cGGx954=
30,-20,RhQrjDoOYqtJPK2T3wYM3BYY0vQ=,0ArDyntixZMc4UDse1e/cGGx954=
30,-21,RhQrjDoOYqtJPK2T3wYM3BYY0vQ=,0ArDyntixZMc4UDse1e/cGGx954=
29,-19,RhQrjDoOYqtJPK2T3wYM3BYY0vQ=,0ArDyntixZMc4UDse1e/cGGx954=
28,-24,RhQrjDoOYqtJPK2T3wYM3BYY0vQ=,0ArDyntixZMc4UDse1e/cGGx954=
27,-24,RhQrjDoOYqtJPK2T3wYM3BYY0vQ=,0ArDyntixZMc4UDse1e/cGGx954=
28,-26,RhQrjDoOYqtJPK2T3wYM3BYY0vQ=,FWgmHXV+FiqUz8Js6bIbMavKMNo=
27,-26,RhQrjDoOYqtJPK2T3wYM3BYY0vQ=,FWgmHXV+FiqUz8Js6bIbMavKMNo=
28,-19,RhQrjDoOYqtJPK2T3wYM3BYY0vQ=,0ArDyntixZMc4UDse1e/cGGx954=
27,-19,RhQrjDoOYqtJPK2T3wYM3BYY0vQ=,0ArDyntixZMc4UDse1e/cGGx954=
29,-21,RhQrjDoOYqtJPK2T3wYM3BYY0vQ=,0ArDyntixZMc4UDse1e/cGGx954=
28,-21,RhQrjDoOYqtJPK2T3wYM3BYY0vQ=,0ArDyntixZMc4UDse1e/cGGx954=
29,-22,RhQrjDoOYqtJPK2T3wYM3BYY0vQ=,0ArDyntixZMc4UDse1e/cGGx954=
27,-21,RhQrjDoOYqtJPK2T3wYM3BYY0vQ=,0ArDyntixZMc4UDse1e/cGGx954=
28,-22,RhQrjDoOYqtJPK2T3wYM3BYY0vQ=,0ArDyntixZMc4UDse1e/cGGx954=
31,-18,RhQrjDoOYqtJPK2T3wYM3BYY0vQ=,0ArDyntixZMc4UDse1e/cGGx954=
27,-22,RhQrjDoOYqtJPK2T3wYM3BYY0vQ=,0ArDyntixZMc4UDse1e/cGGx954=
30,-18,RhQrjDoOYqtJPK2T3wYM3BYY0vQ=,0ArDyntixZMc4UDse1e/cGGx954=
31,-20,RhQrjDoOYqtJPK2T3wYM3BYY0vQ=,0ArDyntixZMc4UDse1e/cGGx954=
29,-30,RhQrjDoOYqtJPK2T3wYM3BYY0vQ=,FWgmHXV+FiqUz8Js6bIbMavKMNo=
31,-31,RhQrjDoOYqtJPK2T3wYM3BYY0vQ=,FWgmHXV+FiqUz8Js6bIbMavKMNo=
29,-31,RhQrjDoOYqtJPK2T3wYM3BYY0vQ=,FWgmHXV+FiqUz8Js6bIbMavKMNo=
30,-31,RhQrjDoOYqtJPK2T3wYM3BYY0vQ=,FWgmHXV+FiqUz8Js6bIbMavKMNo=
31,-32,RhQrjDoOYqtJPK2T3wYM3BYY0vQ=,FWgmHXV+FiqUz8Js6bIbMavKMNo=
29,-32,RhQrjDoOYqtJPK2T3wYM3BYY0vQ=,FWgmHXV+FiqUz8Js6bIbMavKMNo=
31,-30,RhQrjDoOYqtJPK2T3wYM3BYY0vQ=,FWgmHXV+FiqUz8Js6bIbMavKMNo=
30,-32,RhQrjDoOYqtJPK2T3wYM3BYY0vQ=,FWgmHXV+FiqUz8Js6bIbMavKMNo=
30,-30,RhQrjDoOYqtJPK2T3wYM3BYY0vQ=,FWgmHXV+FiqUz8Js6bIbMavKMNo=
16,-29,UipVCqYj4RKLioFQFH7UPSZ97XI=,Z6qDXF/buMTqFRPhf96hv/g81RI=
16,-32,UipVCqYj4RKLioFQFH7UPSZ97XI=,Z6qDXF/buMTqFRPhf96hv/g81RI=
17,-29,UipVCqYj4RKLioFQFH7UPSZ97XI=,Z6qDXF/buMTqFRPhf96hv/g81RI=
18,-29,UipVCqYj4RKLioFQFH7UPSZ97XI=,Z6qDXF/buMTqFRPhf96hv/g81RI=
16,-28,UipVCqYj4RKLioFQFH7UPSZ97XI=,Z6qDXF/buMTqFRPhf96hv/g81RI=
17,-28,UipVCqYj4RKLioFQFH7UPSZ97XI=,Z6qDXF/buMTqFRPhf96hv/g81RI=
18,-28,UipVCqYj4RKLioFQFH7UPSZ97XI=,Z6qDXF/buMTqFRPhf96hv/g81RI=
18,-30,UipVCqYj4RKLioFQFH7UPSZ97XI=,Z6qDXF/buMTqFRPhf96hv/g81RI=
17,-30,UipVCqYj4RKLioFQFH7UPSZ97XI=,Z6qDXF/buMTqFRPhf96hv/g81RI=
18,-31,UipVCqYj4RKLioFQFH7UPSZ97XI=,Z6qDXF/buMTqFRPhf96hv/g81RI=
17,-31,UipVCqYj4RKLioFQFH7UPSZ97XI=,Z6qDXF/buMTqFRPhf96hv/g81RI=
16,-30,UipVCqYj4RKLioFQFH7UPSZ97XI=,Z6qDXF/buMTqFRPhf96hv/g81RI=
18,-32,UipVCqYj4RKLioFQFH7UPSZ97XI=,Z6qDXF/buMTqFRPhf96hv/g81RI=
17,-32,UipVCqYj4RKLioFQFH7UPSZ97XI=,Z6qDXF/buMTqFRPhf96hv/g81RI=
16,-31,UipVCqYj4RKLioFQFH7UPSZ97XI=,Z6qDXF/buMTqFRPhf96hv/g81RI=
26,-27,UipVCqYj4RKLioFQFH7UPSZ97XI=,FWgmHXV+FiqUz8Js6bIbMavKMNo=
26,-20,UipVCqYj4RKLioFQFH7UPSZ97XI=,0ArDyntixZMc4UDse1e/cGGx954=
22,-17,UipVCqYj4RKLioFQFH7UPSZ97XI=,jXYADwihZfcnz70DCqgOsWfY07c=
21,-18,UipVCqYj4RKLioFQFH7UPSZ97XI=,jXYADwihZfcnz70DCqgOsWfY07c=
23,-17,UipVCqYj4RKLioFQFH7UPSZ97XI=,jXYADwihZfcnz70DCqgOsWfY07c=
21,-22,UipVCqYj4RKLioFQFH7UPSZ97XI=,jXYADwihZfcnz70DCqgOsWfY07c=
25,-27,UipVCqYj4RKLioFQFH7UPSZ97XI=,FWgmHXV+FiqUz8Js6bIbMavKMNo=
18,-22,UipVCqYj4RKLioFQFH7UPSZ97XI=,jXYADwihZfcnz70DCqgOsWfY07c=
24,-27,UipVCqYj4RKLioFQFH7UPSZ97XI=,FWgmHXV+FiqUz8Js6bIbMavKMNo=
25,-20,UipVCqYj4RKLioFQFH7UPSZ97XI=,0ArDyntixZMc4UDse1e/cGGx954=
19,-22,UipVCqYj4RKLioFQFH7UPSZ97XI=,jXYADwihZfcnz70DCqgOsWfY07c=
21,-20,UipVCqYj4RKLioFQFH7UPSZ97XI=,jXYADwihZfcnz70DCqgOsWfY07c=
22,-20,UipVCqYj4RKLioFQFH7UPSZ97XI=,jXYADwihZfcnz70DCqgOsWfY07c=
20,-20,UipVCqYj4RKLioFQFH7UPSZ97XI=,jXYADwihZfcnz70DCqgOsWfY07c=
23,-20,UipVCqYj4RKLioFQFH7UPSZ97XI=,jXYADwihZfcnz70DCqgOsWfY07c=
24,-25,UipVCqYj4RKLioFQFH7UPSZ97XI=,FWgmHXV+FiqUz8Js6bIbMavKMNo=
26,-21,UipVCqYj4RKLioFQFH7UPSZ97XI=,0ArDyntixZMc4UDse1e/cGGx954=
20,-22,UipVCqYj4RKLioFQFH7UPSZ97XI=,jXYADwihZfcnz70DCqgOsWfY07c=
19,-20,UipVCqYj4RKLioFQFH7UPSZ97XI=,jXYADwihZfcnz70DCqgOsWfY07c=
25,-21,UipVCqYj4RKLioFQFH7UPSZ97XI=,0ArDyntixZMc4UDse1e/cGGx954=
19,-18,UipVCqYj4RKLioFQFH7UPSZ97XI=,jXYADwihZfcnz70DCqgOsWfY07c=
22,-18,UipVCqYj4RKLioFQFH7UPSZ97XI=,jXYADwihZfcnz70DCqgOsWfY07c=
17,-22,UipVCqYj4RKLioFQFH7UPSZ97XI=,jXYADwihZfcnz70DCqgOsWfY07c=
23,-23,UipVCqYj4RKLioFQFH7UPSZ97XI=,jXYADwihZfcnz70DCqgOsWfY07c=
22,-23,UipVCqYj4RKLioFQFH7UPSZ97XI=,jXYADwihZfcnz70DCqgOsWfY07c=
25,-22,UipVCqYj4RKLioFQFH7UPSZ97XI=,0ArDyntixZMc4UDse1e/cGGx954=
20,-18,UipVCqYj4RKLioFQFH7UPSZ97XI=,jXYADwihZfcnz70DCqgOsWfY07c=
24,-23,UipVCqYj4RKLioFQFH7UPSZ97XI=,0ArDyntixZMc4UDse1e/cGGx954=
21,-23,UipVCqYj4RKLioFQFH7UPSZ97XI=,jXYADwihZfcnz70DCqgOsWfY07c=
18,-18,UipVCqYj4RKLioFQFH7UPSZ97XI=,jXYADwihZfcnz70DCqgOsWfY07c=
17,-18,UipVCqYj4RKLioFQFH7UPSZ97XI=,jXYADwihZfcnz70DCqgOsWfY07c=
18,-20,UipVCqYj4RKLioFQFH7UPSZ97XI=,jXYADwihZfcnz70DCqgOsWfY07c=
20,-23,UipVCqYj4RKLioFQFH7UPSZ97XI=,jXYADwihZfcnz70DCqgOsWfY07c=
19,-23,UipVCqYj4RKLioFQFH7UPSZ97XI=,jXYADwihZfcnz70DCqgOsWfY07c=
16,-22,UipVCqYj4RKLioFQFH7UPSZ97XI=,jXYADwihZfcnz70DCqgOsWfY07c=
24,-22,UipVCqYj4RKLioFQFH7UPSZ97XI=,0ArDyntixZMc4UDse1e/cGGx954=
22,-24,UipVCqYj4RKLioFQFH7UPSZ97XI=,jXYADwihZfcnz70DCqgOsWfY07c=
26,-18,UipVCqYj4RKLioFQFH7UPSZ97XI=,0ArDyntixZMc4UDse1e/cGGx954=
18,-23,UipVCqYj4RKLioFQFH7UPSZ97XI=,jXYADwihZfcnz70DCqgOsWfY07c=
16,-18,UipVCqYj4RKLioFQFH7UPSZ97XI=,jXYADwihZfcnz70DCqgOsWfY07c=
23,-24,UipVCqYj4RKLioFQFH7UPSZ97XI=,jXYADwihZfcnz70DCqgOsWfY07c=
21,-24,UipVCqYj4RKLioFQFH7UPSZ97XI=,jXYADwihZfcnz70DCqgOsWfY07c=
25,-18,UipVCqYj4RKLioFQFH7UPSZ97XI=,0ArDyntixZMc4UDse1e/cGGx954=
20,-24,UipVCqYj4RKLioFQFH7UPSZ97XI=,jXYADwihZfcnz70DCqgOsWfY07c=
23,-18,UipVCqYj4RKLioFQFH7UPSZ97XI=,jXYADwihZfcnz70DCqgOsWfY07c=
23,-25,UipVCqYj4RKLioFQFH7UPSZ97XI=,Z6qDXF/buMTqFRPhf96hv/g81RI=
16,-19,UipVCqYj4RKLioFQFH7UPSZ97XI=,jXYADwihZfcnz70DCqgOsWfY07c=
22,-21,UipVCqYj4RKLioFQFH7UPSZ97XI=,jXYADwihZfcnz70DCqgOsWfY07c=
16,-24,UipVCqYj4RKLioFQFH7UPSZ97XI=,jXYADwihZfcnz70DCqgOsWfY07c=
22,-25,UipVCqYj4RKLioFQFH7UPSZ97XI=,Z6qDXF/buMTqFRPhf96hv/g81RI=
17,-20,UipVCqYj4RKLioFQFH7UPSZ97XI=,jXYADwihZfcnz70DCqgOsWfY07c=
21,-17,UipVCqYj4RKLioFQFH7UPSZ97XI=,jXYADwihZfcnz70DCqgOsWfY07c=
16,-20,UipVCqYj4RKLioFQFH7UPSZ97XI=,jXYADwihZfcnz70DCqgOsWfY07c=
20,-25,UipVCqYj4RKLioFQFH7UPSZ97XI=,Z6qDXF/buMTqFRPhf96hv/g81RI=
23,-21,UipVCqYj4RKLioFQFH7UPSZ97XI=,jXYADwihZfcnz70DCqgOsWfY07c=
21,-25,UipVCqYj4RKLioFQFH7UPSZ97XI=,Z6qDXF/buMTqFRPhf96hv/g81RI=
16,-23,UipVCqYj4RKLioFQFH7UPSZ97XI=,jXYADwihZfcnz70DCqgOsWfY07c=
17,-19,UipVCqYj4RKLioFQFH7UPSZ97XI=,jXYADwihZfcnz70DCqgOsWfY07c=
19,-24,UipVCqYj4RKLioFQFH7UPSZ97XI=,jXYADwihZfcnz70DCqgOsWfY07c=
20,-17,UipVCqYj4RKLioFQFH7UPSZ97XI=,jXYADwihZfcnz70DCqgOsWfY07c=
19,-21,UipVCqYj4RKLioFQFH7UPSZ97XI=,jXYADwihZfcnz70DCqgOsWfY07c=
26,-17,UipVCqYj4RKLioFQFH7UPSZ97XI=,0ArDyntixZMc4UDse1e/cGGx954=
19,-25,UipVCqYj4RKLioFQFH7UPSZ97XI=,Z6qDXF/buMTqFRPhf96hv/g81RI=
23,-26,UipVCqYj4RKLioFQFH7UPSZ97XI=,Z6qDXF/buMTqFRPhf96hv/g81RI=
22,-26,UipVCqYj4RKLioFQFH7UPSZ97XI=,Z6qDXF/buMTqFRPhf96hv/g81RI=
21,-26,UipVCqYj4RKLioFQFH7UPSZ97XI=,Z6qDXF/buMTqFRPhf96hv/g81RI=
24,-20,UipVCqYj4RKLioFQFH7UPSZ97XI=,0ArDyntixZMc4UDse1e/cGGx954=
18,-19,UipVCqYj4RKLioFQFH7UPSZ97XI=,jXYADwihZfcnz70DCqgOsWfY07c=
17,-24,UipVCqYj4RKLioFQFH7UPSZ97XI=,jXYADwihZfcnz70DCqgOsWfY07c=
20,-26,UipVCqYj4RKLioFQFH7UPSZ97XI=,Z6qDXF/buMTqFRPhf96hv/g81RI=
18,-25,UipVCqYj4RKLioFQFH7UPSZ97XI=,Z6qDXF/buMTqFRPhf96hv/g81RI=
19,-26,UipVCqYj4RKLioFQFH7UPSZ97XI=,Z6qDXF/buMTqFRPhf96hv/g81RI=
18,-26,UipVCqYj4RKLioFQFH7UPSZ97XI=,Z6qDXF/buMTqFRPhf96hv/g81RI=
25,-17,UipVCqYj4RKLioFQFH7UPSZ97XI=,0ArDyntixZMc4UDse1e/cGGx954=
17,-26,UipVCqYj4RKLioFQFH7UPSZ97XI=,Z6qDXF/buMTqFRPhf96hv/g81RI=
17,-25,UipVCqYj4RKLioFQFH7UPSZ97XI=,Z6qDXF/buMTqFRPhf96hv/g81RI=
21,-21,UipVCqYj4RKLioFQFH7UPSZ97XI=,jXYADwihZfcnz70DCqgOsWfY07c=
25,-19,UipVCqYj4RKLioFQFH7UPSZ97XI=,0ArDyntixZMc4UDse1e/cGGx954=
16,-26,UipVCqYj4RKLioFQFH7UPSZ97XI=,Z6qDXF/buMTqFRPhf96hv/g81RI=
23,-27,UipVCqYj4RKLioFQFH7UPSZ97XI=,Z6qDXF/buMTqFRPhf96hv/g81RI=
24,-21,UipVCqYj4RKLioFQFH7UPSZ97XI=,0ArDyntixZMc4UDse1e/cGGx954=
22,-27,UipVCqYj4RKLioFQFH7UPSZ97XI=,Z6qDXF/buMTqFRPhf96hv/g81RI=
21,-27,UipVCqYj4RKLioFQFH7UPSZ97XI=,Z6qDXF/buMTqFRPhf96hv/g81RI=
19,-19,UipVCqYj4RKLioFQFH7UPSZ97XI=,jXYADwihZfcnz70DCqgOsWfY07c=
24,-26,UipVCqYj4RKLioFQFH7UPSZ97XI=,FWgmHXV+FiqUz8Js6bIbMavKMNo=
26,-26,UipVCqYj4RKLioFQFH7UPSZ97XI=,FWgmHXV+FiqUz8Js6bIbMavKMNo=
25,-26,UipVCqYj4RKLioFQFH7UPSZ97XI=,FWgmHXV+FiqUz8Js6bIbMavKMNo=
20,-21,UipVCqYj4RKLioFQFH7UPSZ97XI=,jXYADwihZfcnz70DCqgOsWfY07c=
20,-27,UipVCqYj4RKLioFQFH7UPSZ97XI=,Z6qDXF/buMTqFRPhf96hv/g81RI=
24,-18,UipVCqYj4RKLioFQFH7UPSZ97XI=,0ArDyntixZMc4UDse1e/cGGx954=
19,-27,UipVCqYj4RKLioFQFH7UPSZ97XI=,Z6qDXF/buMTqFRPhf96hv/g81RI=
18,-27,UipVCqYj4RKLioFQFH7UPSZ97XI=,Z6qDXF/buMTqFRPhf96hv/g81RI=
17,-27,UipVCqYj4RKLioFQFH7UPSZ97XI=,Z6qDXF/buMTqFRPhf96hv/g81RI=
23,-19,UipVCqYj4RKLioFQFH7UPSZ97XI=,jXYADwihZfcnz70DCqgOsWfY07c=
26,-25,UipVCqYj4RKLioFQFH7UPSZ97XI=,FWgmHXV+FiqUz8Js6bIbMavKMNo=
16,-17,UipVCqYj4RKLioFQFH7UPSZ97XI=,jXYADwihZfcnz70DCqgOsWfY07c=
24,-19,UipVCqYj4RKLioFQFH7UPSZ97XI=,0ArDyntixZMc4UDse1e/cGGx954=
16,-27,UipVCqYj4RKLioFQFH7UPSZ97XI=,Z6qDXF/buMTqFRPhf96hv/g81RI=
18,-21,UipVCqYj4RKLioFQFH7UPSZ97XI=,jXYADwihZfcnz70DCqgOsWfY07c=
26,-23,UipVCqYj4RKLioFQFH7UPSZ97XI=,0ArDyntixZMc4UDse1e/cGGx954=
25,-25,UipVCqYj4RKLioFQFH7UPSZ97XI=,FWgmHXV+FiqUz8Js6bIbMavKMNo=
24,-17,UipVCqYj4RKLioFQFH7UPSZ97XI=,0ArDyntixZMc4UDse1e/cGGx954=
18,-24,UipVCqYj4RKLioFQFH7UPSZ97XI=,jXYADwihZfcnz70DCqgOsWfY07c=
26,-22,UipVCqYj4RKLioFQFH7UPSZ97XI=,0ArDyntixZMc4UDse1e/cGGx954=
25,-23,UipVCqYj4RKLioFQFH7UPSZ97XI=,0ArDyntixZMc4UDse1e/cGGx954=
17,-23,UipVCqYj4RKLioFQFH7UPSZ97XI=,jXYADwihZfcnz70DCqgOsWfY07c=
25,-24,UipVCqYj4RKLioFQFH7UPSZ97XI=,0ArDyntixZMc4UDse1e/cGGx954=
16,-25,UipVCqYj4RKLioFQFH7UPSZ97XI=,Z6qDXF/buMTqFRPhf96hv/g81RI=
22,-22,UipVCqYj4RKLioFQFH7UPSZ97XI=,jXYADwihZfcnz70DCqgOsWfY07c=
26,-19,UipVCqYj4RKLioFQFH7UPSZ97XI=,0ArDyntixZMc4UDse1e/cGGx954=
24,-24,UipVCqYj4RKLioFQFH7UPSZ97XI=,0ArDyntixZMc4UDse1e/cGGx954=
23,-22,UipVCqYj4RKLioFQFH7UPSZ97XI=,jXYADwihZfcnz70DCqgOsWfY07c=
26,-24,UipVCqYj4RKLioFQFH7UPSZ97XI=,0ArDyntixZMc4UDse1e/cGGx954=
19,-17,UipVCqYj4RKLioFQFH7UPSZ97XI=,jXYADwihZfcnz70DCqgOsWfY07c=
16,-21,UipVCqYj4RKLioFQFH7UPSZ97XI=,jXYADwihZfcnz70DCqgOsWfY07c=
17,-21,UipVCqYj4RKLioFQFH7UPSZ97XI=,jXYADwihZfcnz70DCqgOsWfY07c=
22,-19,UipVCqYj4RKLioFQFH7UPSZ97XI=,jXYADwihZfcnz70DCqgOsWfY07c=
20,-19,UipVCqYj4RKLioFQFH7UPSZ97XI=,jXYADwihZfcnz70DCqgOsWfY07c=
21,-19,UipVCqYj4RKLioFQFH7UPSZ97XI=,jXYADwihZfcnz70DCqgOsWfY07c=
18,-17,UipVCqYj4RKLioFQFH7UPSZ97XI=,jXYADwihZfcnz70DCqgOsWfY07c=
17,-17,UipVCqYj4RKLioFQFH7UPSZ97XI=,jXYADwihZfcnz70DCqgOsWfY07c=
