3,11,hvWHgJa9eLQD8YI7qZfE07r+OLY=,/HWlyCnWPIYA7ZVeLE1AZrucHaY=
4,11,hvWHgJa9eLQD8YI7qZfE07r+OLY=,/HWlyCnWPIYA7ZVeLE1AZrucHaY=
4,12,hvWHgJa9eLQD8YI7qZfE07r+OLY=,/HWlyCnWPIYA7ZVeLE1AZrucHaY=
3,12,hvWHgJa9eLQD8YI7qZfE07r+OLY=,/HWlyCnWPIYA7ZVeLE1AZrucHaY=
12,11,1kwSa5+RfS/Gvt5o3GZ9tl8clDM=,mrksRgdgyKFdA97gfAiRSi/Fkdw=
11,11,1kwSa5+RfS/Gvt5o3GZ9tl8clDM=,mrksRgdgyKFdA97gfAiRSi/Fkdw=
13,11,1kwSa5+RfS/Gvt5o3GZ9tl8clDM=,mrksRgdgyKFdA97gfAiRSi/Fkdw=
10,11,1kwSa5+RfS/Gvt5o3GZ9tl8clDM=,mrksRgdgyKFdA97gfAiRSi/Fkdw=
9,11,1kwSa5+RfS/Gvt5o3GZ9tl8clDM=,mrksRgdgyKFdA97gfAiRSi/Fkdw=
7,12,1kwSa5+RfS/Gvt5o3GZ9tl8clDM=,/HWlyCnWPIYA7ZVeLE1AZrucHaY=
6,12,1kwSa5+RfS/Gvt5o3GZ9tl8clDM=,/HWlyCnWPIYA7ZVeLE1AZrucHaY=
5,12,1kwSa5+RfS/Gvt5o3GZ9tl8clDM=,/HWlyCnWPIYA7ZVeLE1AZrucHaY=
8,11,1kwSa5+RfS/Gvt5o3GZ9tl8clDM=,mrksRgdgyKFdA97gfAiRSi/Fkdw=
7,11,1kwSa5+RfS/Gvt5o3GZ9tl8clDM=,/HWlyCnWPIYA7ZVeLE1AZrucHaY=
12,15,1kwSa5+RfS/Gvt5o3GZ9tl8clDM=,mrksRgdgyKFdA97gfAiRSi/Fkdw=
11,15,1kwSa5+RfS/Gvt5o3GZ9tl8clDM=,mrksRgdgyKFdA97gfAiRSi/Fkdw=
6,11,1kwSa5+RfS/Gvt5o3GZ9tl8clDM=,/HWlyCnWPIYA7ZVeLE1AZrucHaY=
5,11,1kwSa5+RfS/Gvt5o3GZ9tl8clDM=,/HWlyCnWPIYA7ZVeLE1AZrucHaY=
12,14,1kwSa5+RfS/Gvt5o3GZ9tl8clDM=,mrksRgdgyKFdA97gfAiRSi/Fkdw=
11,14,1kwSa5+RfS/Gvt5o3GZ9tl8clDM=,mrksRgdgyKFdA97gfAiRSi/Fkdw=
12,13,1kwSa5+RfS/Gvt5o3GZ9tl8clDM=,mrksRgdgyKFdA97gfAiRSi/Fkdw=
11,13,1kwSa5+RfS/Gvt5o3GZ9tl8clDM=,mrksRgdgyKFdA97gfAiRSi/Fkdw=
15,12,1kwSa5+RfS/Gvt5o3GZ9tl8clDM=,mrksRgdgyKFdA97gfAiRSi/Fkdw=
14,12,1kwSa5+RfS/Gvt5o3GZ9tl8clDM=,mrksRgdgyKFdA97gfAiRSi/Fkdw=
13,12,1kwSa5+RfS/Gvt5o3GZ9tl8clDM=,mrksRgdgyKFdA97gfAiRSi/Fkdw=
12,12,1kwSa5+RfS/Gvt5o3GZ9tl8clDM=,mrksRgdgyKFdA97gfAiRSi/Fkdw=
11,12,1kwSa5+RfS/Gvt5o3GZ9tl8clDM=,mrksRgdgyKFdA97gfAiRSi/Fkdw=
10,12,1kwSa5+RfS/Gvt5o3GZ9tl8clDM=,mrksRgdgyKFdA97gfAiRSi/Fkdw=
9,12,1kwSa5+RfS/Gvt5o3GZ9tl8clDM=,mrksRgdgyKFdA97gfAiRSi/Fkdw=
8,12,1kwSa5+RfS/Gvt5o3GZ9tl8clDM=,mrksRgdgyKFdA97gfAiRSi/Fkdw=
15,11,1kwSa5+RfS/Gvt5o3GZ9tl8clDM=,mrksRgdgyKFdA97gfAiRSi/Fkdw=
14,11,1kwSa5+RfS/Gvt5o3GZ9tl8clDM=,mrksRgdgyKFdA97gfAiRSi/Fkdw=
12,3,1kwSa5+RfS/Gvt5o3GZ9tl8clDM=,bvQPzNdGxLzAotncPR3RiEpV4ns=
12,7,1kwSa5+RfS/Gvt5o3GZ9tl8clDM=,bvQPzNdGxLzAotncPR3RiEpV4ns=
13,3,1kwSa5+RfS/Gvt5o3GZ9tl8clDM=,bvQPzNdGxLzAotncPR3RiEpV4ns=
14,3,1kwSa5+RfS/Gvt5o3GZ9tl8clDM=,bvQPzNdGxLzAotncPR3RiEpV4ns=
13,10,1kwSa5+RfS/Gvt5o3GZ9tl8clDM=,mrksRgdgyKFdA97gfAiRSi/Fkdw=
12,5,1kwSa5+RfS/Gvt5o3GZ9tl8clDM=,bvQPzNdGxLzAotncPR3RiEpV4ns=
14,10,1kwSa5+RfS/Gvt5o3GZ9tl8clDM=,mrksRgdgyKFdA97gfAiRSi/Fkdw=
15,3,1kwSa5+RfS/Gvt5o3GZ9tl8clDM=,bvQPzNdGxLzAotncPR3RiEpV4ns=
12,10,1kwSa5+RfS/Gvt5o3GZ9tl8clDM=,mrksRgdgyKFdA97gfAiRSi/Fkdw=
13,7,1kwSa5+RfS/Gvt5o3GZ9tl8clDM=,bvQPzNdGxLzAotncPR3RiEpV4ns=
11,10,1kwSa5+RfS/Gvt5o3GZ9tl8clDM=,mrksRgdgyKFdA97gfAiRSi/Fkdw=
11,7,1kwSa5+RfS/Gvt5o3GZ9tl8clDM=,bvQPzNdGxLzAotncPR3RiEpV4ns=
13,5,1kwSa5+RfS/Gvt5o3GZ9tl8clDM=,bvQPzNdGxLzAotncPR3RiEpV4ns=
15,7,1kwSa5+RfS/Gvt5o3GZ9tl8clDM=,bvQPzNdGxLzAotncPR3RiEpV4ns=
11,3,1kwSa5+RfS/Gvt5o3GZ9tl8clDM=,bvQPzNdGxLzAotncPR3RiEpV4ns=
11,8,1kwSa5+RfS/Gvt5o3GZ9tl8clDM=,mrksRgdgyKFdA97gfAiRSi/Fkdw=
14,5,1kwSa5+RfS/Gvt5o3GZ9tl8clDM=,bvQPzNdGxLzAotncPR3RiEpV4ns=
15,5,1kwSa5+RfS/Gvt5o3GZ9tl8clDM=,bvQPzNdGxLzAotncPR3RiEpV4ns=
12,8,1kwSa5+RfS/Gvt5o3GZ9tl8clDM=,mrksRgdgyKFdA97gfAiRSi/Fkdw=
11,5,1kwSa5+RfS/Gvt5o3GZ9tl8clDM=,bvQPzNdGxLzAotncPR3RiEpV4ns=
15,9,1kwSa5+RfS/Gvt5o3GZ9tl8clDM=,mrksRgdgyKFdA97gfAiRSi/Fkdw=
14,9,1kwSa5+RfS/Gvt5o3GZ9tl8clDM=,mrksRgdgyKFdA97gfAiRSi/Fkdw=
13,8,1kwSa5+RfS/Gvt5o3GZ9tl8clDM=,mrksRgdgyKFdA97gfAiRSi/Fkdw=
14,8,1kwSa5+RfS/Gvt5o3GZ9tl8clDM=,mrksRgdgyKFdA97gfAiRSi/Fkdw=
15,8,1kwSa5+RfS/Gvt5o3GZ9tl8clDM=,mrksRgdgyKFdA97gfAiRSi/Fkdw=
15,10,1kwSa5+RfS/Gvt5o3GZ9tl8clDM=,mrksRgdgyKFdA97gfAiRSi/Fkdw=
11,4,1kwSa5+RfS/Gvt5o3GZ9tl8clDM=,bvQPzNdGxLzAotncPR3RiEpV4ns=
13,9,1kwSa5+RfS/Gvt5o3GZ9tl8clDM=,mrksRgdgyKFdA97gfAiRSi/Fkdw=
15,4,1kwSa5+RfS/Gvt5o3GZ9tl8clDM=,bvQPzNdGxLzAotncPR3RiEpV4ns=
12,4,1kwSa5+RfS/Gvt5o3GZ9tl8clDM=,bvQPzNdGxLzAotncPR3RiEpV4ns=
14,7,1kwSa5+RfS/Gvt5o3GZ9tl8clDM=,bvQPzNdGxLzAotncPR3RiEpV4ns=
11,6,1kwSa5+RfS/Gvt5o3GZ9tl8clDM=,bvQPzNdGxLzAotncPR3RiEpV4ns=
12,9,1kwSa5+RfS/Gvt5o3GZ9tl8clDM=,mrksRgdgyKFdA97gfAiRSi/Fkdw=
12,6,1kwSa5+RfS/Gvt5o3GZ9tl8clDM=,bvQPzNdGxLzAotncPR3RiEpV4ns=
13,6,1kwSa5+RfS/Gvt5o3GZ9tl8clDM=,bvQPzNdGxLzAotncPR3RiEpV4ns=
14,6,1kwSa5+RfS/Gvt5o3GZ9tl8clDM=,bvQPzNdGxLzAotncPR3RiEpV4ns=
15,6,1kwSa5+RfS/Gvt5o3GZ9tl8clDM=,bvQPzNdGxLzAotncPR3RiEpV4ns=
13,4,1kwSa5+RfS/Gvt5o3GZ9tl8clDM=,bvQPzNdGxLzAotncPR3RiEpV4ns=
14,4,1kwSa5+RfS/Gvt5o3GZ9tl8clDM=,bvQPzNdGxLzAotncPR3RiEpV4ns=
11,9,1kwSa5+RfS/Gvt5o3GZ9tl8clDM=,mrksRgdgyKFdA97gfAiRSi/Fkdw=
6,15,1kwSa5+RfS/Gvt5o3GZ9tl8clDM=,/HWlyCnWPIYA7ZVeLE1AZrucHaY=
7,15,1kwSa5+RfS/Gvt5o3GZ9tl8clDM=,/HWlyCnWPIYA7ZVeLE1AZrucHaY=
8,13,1kwSa5+RfS/Gvt5o3GZ9tl8clDM=,mrksRgdgyKFdA97gfAiRSi/Fkdw=
9,13,1kwSa5+RfS/Gvt5o3GZ9tl8clDM=,mrksRgdgyKFdA97gfAiRSi/Fkdw=
5,15,1kwSa5+RfS/Gvt5o3GZ9tl8clDM=,/HWlyCnWPIYA7ZVeLE1AZrucHaY=
4,15,1kwSa5+RfS/Gvt5o3GZ9tl8clDM=,/HWlyCnWPIYA7ZVeLE1AZrucHaY=
3,15,1kwSa5+RfS/Gvt5o3GZ9tl8clDM=,/HWlyCnWPIYA7ZVeLE1AZrucHaY=
7,13,1kwSa5+RfS/Gvt5o3GZ9tl8clDM=,/HWlyCnWPIYA7ZVeLE1AZrucHaY=
6,13,1kwSa5+RfS/Gvt5o3GZ9tl8clDM=,/HWlyCnWPIYA7ZVeLE1AZrucHaY=
5,13,1kwSa5+RfS/Gvt5o3GZ9tl8clDM=,/HWlyCnWPIYA7ZVeLE1AZrucHaY=
4,13,1kwSa5+RfS/Gvt5o3GZ9tl8clDM=,/HWlyCnWPIYA7ZVeLE1AZrucHaY=
3,13,1kwSa5+RfS/Gvt5o3GZ9tl8clDM=,/HWlyCnWPIYA7ZVeLE1AZrucHaY=
7,14,1kwSa5+RfS/Gvt5o3GZ9tl8clDM=,/HWlyCnWPIYA7ZVeLE1AZrucHaY=
6,14,1kwSa5+RfS/Gvt5o3GZ9tl8clDM=,/HWlyCnWPIYA7ZVeLE1AZrucHaY=
5,14,1kwSa5+RfS/Gvt5o3GZ9tl8clDM=,/HWlyCnWPIYA7ZVeLE1AZrucHaY=
4,14,1kwSa5+RfS/Gvt5o3GZ9tl8clDM=,/HWlyCnWPIYA7ZVeLE1AZrucHaY=
3,14,1kwSa5+RfS/Gvt5o3GZ9tl8clDM=,/HWlyCnWPIYA7ZVeLE1AZrucHaY=
10,15,1kwSa5+RfS/Gvt5o3GZ9tl8clDM=,mrksRgdgyKFdA97gfAiRSi/Fkdw=
9,15,1kwSa5+RfS/Gvt5o3GZ9tl8clDM=,mrksRgdgyKFdA97gfAiRSi/Fkdw=
8,15,1kwSa5+RfS/Gvt5o3GZ9tl8clDM=,mrksRgdgyKFdA97gfAiRSi/Fkdw=
10,14,1kwSa5+RfS/Gvt5o3GZ9tl8clDM=,mrksRgdgyKFdA97gfAiRSi/Fkdw=
9,14,1kwSa5+RfS/Gvt5o3GZ9tl8clDM=,mrksRgdgyKFdA97gfAiRSi/Fkdw=
10,13,1kwSa5+RfS/Gvt5o3GZ9tl8clDM=,mrksRgdgyKFdA97gfAiRSi/Fkdw=
2,11,1kwSa5+RfS/Gvt5o3GZ9tl8clDM=,/HWlyCnWPIYA7ZVeLE1AZrucHaY=
0,12,1kwSa5+RfS/Gvt5o3GZ9tl8clDM=,/HWlyCnWPIYA7ZVeLE1AZrucHaY=
8,14,1kwSa5+RfS/Gvt5o3GZ9tl8clDM=,mrksRgdgyKFdA97gfAiRSi/Fkdw=
2,12,1kwSa5+RfS/Gvt5o3GZ9tl8clDM=,/HWlyCnWPIYA7ZVeLE1AZrucHaY=
1,11,1kwSa5+RfS/Gvt5o3GZ9tl8clDM=,/HWlyCnWPIYA7ZVeLE1AZrucHaY=
0,11,1kwSa5+RfS/Gvt5o3GZ9tl8clDM=,/HWlyCnWPIYA7ZVeLE1AZrucHaY=
1,12,1kwSa5+RfS/Gvt5o3GZ9tl8clDM=,/HWlyCnWPIYA7ZVeLE1AZrucHaY=
10,3,1kwSa5+RfS/Gvt5o3GZ9tl8clDM=,bvQPzNdGxLzAotncPR3RiEpV4ns=
0,7,1kwSa5+RfS/Gvt5o3GZ9tl8clDM=,GDf72ftej5Y2gCR1OQTUX10TTko=
9,10,1kwSa5+RfS/Gvt5o3GZ9tl8clDM=,mrksRgdgyKFdA97gfAiRSi/Fkdw=
6,6,1kwSa5+RfS/Gvt5o3GZ9tl8clDM=,GDf72ftej5Y2gCR1OQTUX10TTko=
8,10,1kwSa5+RfS/Gvt5o3GZ9tl8clDM=,mrksRgdgyKFdA97gfAiRSi/Fkdw=
1,8,1kwSa5+RfS/Gvt5o3GZ9tl8clDM=,/HWlyCnWPIYA7ZVeLE1AZrucHaY=
7,6,1kwSa5+RfS/Gvt5o3GZ9tl8clDM=,GDf72ftej5Y2gCR1OQTUX10TTko=
9,3,1kwSa5+RfS/Gvt5o3GZ9tl8clDM=,bvQPzNdGxLzAotncPR3RiEpV4ns=
8,3,1kwSa5+RfS/Gvt5o3GZ9tl8clDM=,bvQPzNdGxLzAotncPR3RiEpV4ns=
10,5,1kwSa5+RfS/Gvt5o3GZ9tl8clDM=,bvQPzNdGxLzAotncPR3RiEpV4ns=
10,7,1kwSa5+RfS/Gvt5o3GZ9tl8clDM=,bvQPzNdGxLzAotncPR3RiEpV4ns=
10,10,1kwSa5+RfS/Gvt5o3GZ9tl8clDM=,mrksRgdgyKFdA97gfAiRSi/Fkdw=
7,10,1kwSa5+RfS/Gvt5o3GZ9tl8clDM=,/HWlyCnWPIYA7ZVeLE1AZrucHaY=
0,8,1kwSa5+RfS/Gvt5o3GZ9tl8clDM=,/HWlyCnWPIYA7ZVeLE1AZrucHaY=
6,10,1kwSa5+RfS/Gvt5o3GZ9tl8clDM=,/HWlyCnWPIYA7ZVeLE1AZrucHaY=
5,10,1kwSa5+RfS/Gvt5o3GZ9tl8clDM=,/HWlyCnWPIYA7ZVeLE1AZrucHaY=
1,5,1kwSa5+RfS/Gvt5o3GZ9tl8clDM=,GDf72ftej5Y2gCR1OQTUX10TTko=
7,7,1kwSa5+RfS/Gvt5o3GZ9tl8clDM=,GDf72ftej5Y2gCR1OQTUX10TTko=
4,10,1kwSa5+RfS/Gvt5o3GZ9tl8clDM=,/HWlyCnWPIYA7ZVeLE1AZrucHaY=
0,5,1kwSa5+RfS/Gvt5o3GZ9tl8clDM=,GDf72ftej5Y2gCR1OQTUX10TTko=
5,6,1kwSa5+RfS/Gvt5o3GZ9tl8clDM=,GDf72ftej5Y2gCR1OQTUX10TTko=
8,7,1kwSa5+RfS/Gvt5o3GZ9tl8clDM=,bvQPzNdGxLzAotncPR3RiEpV4ns=
9,5,1kwSa5+RfS/Gvt5o3GZ9tl8clDM=,bvQPzNdGxLzAotncPR3RiEpV4ns=
9,7,1kwSa5+RfS/Gvt5o3GZ9tl8clDM=,bvQPzNdGxLzAotncPR3RiEpV4ns=
3,10,1kwSa5+RfS/Gvt5o3GZ9tl8clDM=,/HWlyCnWPIYA7ZVeLE1AZrucHaY=
2,10,1kwSa5+RfS/Gvt5o3GZ9tl8clDM=,/HWlyCnWPIYA7ZVeLE1AZrucHaY=
1,10,1kwSa5+RfS/Gvt5o3GZ9tl8clDM=,/HWlyCnWPIYA7ZVeLE1AZrucHaY=
3,6,1kwSa5+RfS/Gvt5o3GZ9tl8clDM=,GDf72ftej5Y2gCR1OQTUX10TTko=
7,4,1kwSa5+RfS/Gvt5o3GZ9tl8clDM=,GDf72ftej5Y2gCR1OQTUX10TTko=
9,9,1kwSa5+RfS/Gvt5o3GZ9tl8clDM=,mrksRgdgyKFdA97gfAiRSi/Fkdw=
0,10,1kwSa5+RfS/Gvt5o3GZ9tl8clDM=,/HWlyCnWPIYA7ZVeLE1AZrucHaY=
7,9,1kwSa5+RfS/Gvt5o3GZ9tl8clDM=,/HWlyCnWPIYA7ZVeLE1AZrucHaY=
8,5,1kwSa5+RfS/Gvt5o3GZ9tl8clDM=,bvQPzNdGxLzAotncPR3RiEpV4ns=
5,7,1kwSa5+RfS/Gvt5o3GZ9tl8clDM=,GDf72ftej5Y2gCR1OQTUX10TTko=
7,5,1kwSa5+RfS/Gvt5o3GZ9tl8clDM=,GDf72ftej5Y2gCR1OQTUX10TTko=
6,7,1kwSa5+RfS/Gvt5o3GZ9tl8clDM=,GDf72ftej5Y2gCR1OQTUX10TTko=
4,6,1kwSa5+RfS/Gvt5o3GZ9tl8clDM=,GDf72ftej5Y2gCR1OQTUX10TTko=
4,7,1kwSa5+RfS/Gvt5o3GZ9tl8clDM=,GDf72ftej5Y2gCR1OQTUX10TTko=
3,4,1kwSa5+RfS/Gvt5o3GZ9tl8clDM=,GDf72ftej5Y2gCR1OQTUX10TTko=
10,9,1kwSa5+RfS/Gvt5o3GZ9tl8clDM=,mrksRgdgyKFdA97gfAiRSi/Fkdw=
6,5,1kwSa5+RfS/Gvt5o3GZ9tl8clDM=,GDf72ftej5Y2gCR1OQTUX10TTko=
2,4,1kwSa5+RfS/Gvt5o3GZ9tl8clDM=,GDf72ftej5Y2gCR1OQTUX10TTko=
6,9,1kwSa5+RfS/Gvt5o3GZ9tl8clDM=,/HWlyCnWPIYA7ZVeLE1AZrucHaY=
3,7,1kwSa5+RfS/Gvt5o3GZ9tl8clDM=,GDf72ftej5Y2gCR1OQTUX10TTko=
1,4,1kwSa5+RfS/Gvt5o3GZ9tl8clDM=,GDf72ftej5Y2gCR1OQTUX10TTko=
10,6,1kwSa5+RfS/Gvt5o3GZ9tl8clDM=,bvQPzNdGxLzAotncPR3RiEpV4ns=
0,4,1kwSa5+RfS/Gvt5o3GZ9tl8clDM=,GDf72ftej5Y2gCR1OQTUX10TTko=
6,4,1kwSa5+RfS/Gvt5o3GZ9tl8clDM=,GDf72ftej5Y2gCR1OQTUX10TTko=
3,2,1kwSa5+RfS/Gvt5o3GZ9tl8clDM=,GDf72ftej5Y2gCR1OQTUX10TTko=
4,2,1kwSa5+RfS/Gvt5o3GZ9tl8clDM=,GDf72ftej5Y2gCR1OQTUX10TTko=
8,8,1kwSa5+RfS/Gvt5o3GZ9tl8clDM=,mrksRgdgyKFdA97gfAiRSi/Fkdw=
2,8,1kwSa5+RfS/Gvt5o3GZ9tl8clDM=,/HWlyCnWPIYA7ZVeLE1AZrucHaY=
3,8,1kwSa5+RfS/Gvt5o3GZ9tl8clDM=,/HWlyCnWPIYA7ZVeLE1AZrucHaY=
4,8,1kwSa5+RfS/Gvt5o3GZ9tl8clDM=,/HWlyCnWPIYA7ZVeLE1AZrucHaY=
5,8,1kwSa5+RfS/Gvt5o3GZ9tl8clDM=,/HWlyCnWPIYA7ZVeLE1AZrucHaY=
6,8,1kwSa5+RfS/Gvt5o3GZ9tl8clDM=,/HWlyCnWPIYA7ZVeLE1AZrucHaY=
7,8,1kwSa5+RfS/Gvt5o3GZ9tl8clDM=,/HWlyCnWPIYA7ZVeLE1AZrucHaY=
5,5,1kwSa5+RfS/Gvt5o3GZ9tl8clDM=,GDf72ftej5Y2gCR1OQTUX10TTko=
7,3,1kwSa5+RfS/Gvt5o3GZ9tl8clDM=,GDf72ftej5Y2gCR1OQTUX10TTko=
2,7,1kwSa5+RfS/Gvt5o3GZ9tl8clDM=,GDf72ftej5Y2gCR1OQTUX10TTko=
8,4,1kwSa5+RfS/Gvt5o3GZ9tl8clDM=,bvQPzNdGxLzAotncPR3RiEpV4ns=
5,9,1kwSa5+RfS/Gvt5o3GZ9tl8clDM=,/HWlyCnWPIYA7ZVeLE1AZrucHaY=
4,1,1kwSa5+RfS/Gvt5o3GZ9tl8clDM=,GDf72ftej5Y2gCR1OQTUX10TTko=
8,9,1kwSa5+RfS/Gvt5o3GZ9tl8clDM=,mrksRgdgyKFdA97gfAiRSi/Fkdw=
4,9,1kwSa5+RfS/Gvt5o3GZ9tl8clDM=,/HWlyCnWPIYA7ZVeLE1AZrucHaY=
3,9,1kwSa5+RfS/Gvt5o3GZ9tl8clDM=,/HWlyCnWPIYA7ZVeLE1AZrucHaY=
9,6,1kwSa5+RfS/Gvt5o3GZ9tl8clDM=,bvQPzNdGxLzAotncPR3RiEpV4ns=
10,4,1kwSa5+RfS/Gvt5o3GZ9tl8clDM=,bvQPzNdGxLzAotncPR3RiEpV4ns=
2,6,1kwSa5+RfS/Gvt5o3GZ9tl8clDM=,GDf72ftej5Y2gCR1OQTUX10TTko=
1,6,1kwSa5+RfS/Gvt5o3GZ9tl8clDM=,GDf72ftej5Y2gCR1OQTUX10TTko=
0,6,1kwSa5+RfS/Gvt5o3GZ9tl8clDM=,GDf72ftej5Y2gCR1OQTUX10TTko=
9,4,1kwSa5+RfS/Gvt5o3GZ9tl8clDM=,bvQPzNdGxLzAotncPR3RiEpV4ns=
5,4,1kwSa5+RfS/Gvt5o3GZ9tl8clDM=,GDf72ftej5Y2gCR1OQTUX10TTko=
4,4,1kwSa5+RfS/Gvt5o3GZ9tl8clDM=,GDf72ftej5Y2gCR1OQTUX10TTko=
9,8,1kwSa5+RfS/Gvt5o3GZ9tl8clDM=,mrksRgdgyKFdA97gfAiRSi/Fkdw=
10,8,1kwSa5+RfS/Gvt5o3GZ9tl8clDM=,mrksRgdgyKFdA97gfAiRSi/Fkdw=
2,5,1kwSa5+RfS/Gvt5o3GZ9tl8clDM=,GDf72ftej5Y2gCR1OQTUX10TTko=
8,6,1kwSa5+RfS/Gvt5o3GZ9tl8clDM=,bvQPzNdGxLzAotncPR3RiEpV4ns=
2,3,1kwSa5+RfS/Gvt5o3GZ9tl8clDM=,GDf72ftej5Y2gCR1OQTUX10TTko=
1,3,1kwSa5+RfS/Gvt5o3GZ9tl8clDM=,GDf72ftej5Y2gCR1OQTUX10TTko=
1,7,1kwSa5+RfS/Gvt5o3GZ9tl8clDM=,GDf72ftej5Y2gCR1OQTUX10TTko=
0,3,1kwSa5+RfS/Gvt5o3GZ9tl8clDM=,GDf72ftej5Y2gCR1OQTUX10TTko=
2,9,1kwSa5+RfS/Gvt5o3GZ9tl8clDM=,/HWlyCnWPIYA7ZVeLE1AZrucHaY=
1,9,1kwSa5+RfS/Gvt5o3GZ9tl8clDM=,/HWlyCnWPIYA7ZVeLE1AZrucHaY=
0,9,1kwSa5+RfS/Gvt5o3GZ9tl8clDM=,/HWlyCnWPIYA7ZVeLE1AZrucHaY=
3,5,1kwSa5+RfS/Gvt5o3GZ9tl8clDM=,GDf72ftej5Y2gCR1OQTUX10TTko=
4,3,1kwSa5+RfS/Gvt5o3GZ9tl8clDM=,GDf72ftej5Y2gCR1OQTUX10TTko=
4,5,1kwSa5+RfS/Gvt5o3GZ9tl8clDM=,GDf72ftej5Y2gCR1OQTUX10TTko=
11,2,1kwSa5+RfS/Gvt5o3GZ9tl8clDM=,bvQPzNdGxLzAotncPR3RiEpV4ns=
10,2,1kwSa5+RfS/Gvt5o3GZ9tl8clDM=,bvQPzNdGxLzAotncPR3RiEpV4ns=
9,2,1kwSa5+RfS/Gvt5o3GZ9tl8clDM=,bvQPzNdGxLzAotncPR3RiEpV4ns=
5,3,1kwSa5+RfS/Gvt5o3GZ9tl8clDM=,GDf72ftej5Y2gCR1OQTUX10TTko=
3,3,1kwSa5+RfS/Gvt5o3GZ9tl8clDM=,GDf72ftej5Y2gCR1OQTUX10TTko=
8,2,1kwSa5+RfS/Gvt5o3GZ9tl8clDM=,bvQPzNdGxLzAotncPR3RiEpV4ns=
11,1,1kwSa5+RfS/Gvt5o3GZ9tl8clDM=,bvQPzNdGxLzAotncPR3RiEpV4ns=
10,1,1kwSa5+RfS/Gvt5o3GZ9tl8clDM=,bvQPzNdGxLzAotncPR3RiEpV4ns=
3,0,1kwSa5+RfS/Gvt5o3GZ9tl8clDM=,GDf72ftej5Y2gCR1OQTUX10TTko=
4,0,1kwSa5+RfS/Gvt5o3GZ9tl8clDM=,GDf72ftej5Y2gCR1OQTUX10TTko=
3,1,1kwSa5+RfS/Gvt5o3GZ9tl8clDM=,GDf72ftej5Y2gCR1OQTUX10TTko=
9,1,1kwSa5+RfS/Gvt5o3GZ9tl8clDM=,bvQPzNdGxLzAotncPR3RiEpV4ns=
6,0,1kwSa5+RfS/Gvt5o3GZ9tl8clDM=,GDf72ftej5Y2gCR1OQTUX10TTko=
6,1,1kwSa5+RfS/Gvt5o3GZ9tl8clDM=,GDf72ftej5Y2gCR1OQTUX10TTko=
11,0,1kwSa5+RfS/Gvt5o3GZ9tl8clDM=,bvQPzNdGxLzAotncPR3RiEpV4ns=
12,1,1kwSa5+RfS/Gvt5o3GZ9tl8clDM=,bvQPzNdGxLzAotncPR3RiEpV4ns=
10,0,1kwSa5+RfS/Gvt5o3GZ9tl8clDM=,bvQPzNdGxLzAotncPR3RiEpV4ns=
7,0,1kwSa5+RfS/Gvt5o3GZ9tl8clDM=,GDf72ftej5Y2gCR1OQTUX10TTko=
12,0,1kwSa5+RfS/Gvt5o3GZ9tl8clDM=,bvQPzNdGxLzAotncPR3RiEpV4ns=
9,0,1kwSa5+RfS/Gvt5o3GZ9tl8clDM=,bvQPzNdGxLzAotncPR3RiEpV4ns=
8,1,1kwSa5+RfS/Gvt5o3GZ9tl8clDM=,bvQPzNdGxLzAotncPR3RiEpV4ns=
7,1,1kwSa5+RfS/Gvt5o3GZ9tl8clDM=,GDf72ftej5Y2gCR1OQTUX10TTko=
5,2,1kwSa5+RfS/Gvt5o3GZ9tl8clDM=,GDf72ftej5Y2gCR1OQTUX10TTko=
12,2,1kwSa5+RfS/Gvt5o3GZ9tl8clDM=,bvQPzNdGxLzAotncPR3RiEpV4ns=
8,0,1kwSa5+RfS/Gvt5o3GZ9tl8clDM=,bvQPzNdGxLzAotncPR3RiEpV4ns=
6,3,1kwSa5+RfS/Gvt5o3GZ9tl8clDM=,GDf72ftej5Y2gCR1OQTUX10TTko=
5,0,1kwSa5+RfS/Gvt5o3GZ9tl8clDM=,GDf72ftej5Y2gCR1OQTUX10TTko=
7,2,1kwSa5+RfS/Gvt5o3GZ9tl8clDM=,GDf72ftej5Y2gCR1OQTUX10TTko=
6,2,1kwSa5+RfS/Gvt5o3GZ9tl8clDM=,GDf72ftej5Y2gCR1OQTUX10TTko=
5,1,1kwSa5+RfS/Gvt5o3GZ9tl8clDM=,GDf72ftej5Y2gCR1OQTUX10TTko=
0,15,1kwSa5+RfS/Gvt5o3GZ9tl8clDM=,/HWlyCnWPIYA7ZVeLE1AZrucHaY=
1,13,1kwSa5+RfS/Gvt5o3GZ9tl8clDM=,/HWlyCnWPIYA7ZVeLE1AZrucHaY=
1,15,1kwSa5+RfS/Gvt5o3GZ9tl8clDM=,/HWlyCnWPIYA7ZVeLE1AZrucHaY=
0,14,1kwSa5+RfS/Gvt5o3GZ9tl8clDM=,/HWlyCnWPIYA7ZVeLE1AZrucHaY=
2,15,1kwSa5+RfS/Gvt5o3GZ9tl8clDM=,/HWlyCnWPIYA7ZVeLE1AZrucHaY=
0,13,1kwSa5+RfS/Gvt5o3GZ9tl8clDM=,/HWlyCnWPIYA7ZVeLE1AZrucHaY=
2,14,1kwSa5+RfS/Gvt5o3GZ9tl8clDM=,/HWlyCnWPIYA7ZVeLE1AZrucHaY=
2,13,1kwSa5+RfS/Gvt5o3GZ9tl8clDM=,/HWlyCnWPIYA7ZVeLE1AZrucHaY=
1,14,1kwSa5+RfS/Gvt5o3GZ9tl8clDM=,/HWlyCnWPIYA7ZVeLE1AZrucHaY=
15,2,1kwSa5+RfS/Gvt5o3GZ9tl8clDM=,bvQPzNdGxLzAotncPR3RiEpV4ns=
14,2,1kwSa5+RfS/Gvt5o3GZ9tl8clDM=,bvQPzNdGxLzAotncPR3RiEpV4ns=
15,1,1kwSa5+RfS/Gvt5o3GZ9tl8clDM=,bvQPzNdGxLzAotncPR3RiEpV4ns=
14,1,1kwSa5+RfS/Gvt5o3GZ9tl8clDM=,bvQPzNdGxLzAotncPR3RiEpV4ns=
15,15,1kwSa5+RfS/Gvt5o3GZ9tl8clDM=,mrksRgdgyKFdA97gfAiRSi/Fkdw=
14,15,1kwSa5+RfS/Gvt5o3GZ9tl8clDM=,mrksRgdgyKFdA97gfAiRSi/Fkdw=
13,15,1kwSa5+RfS/Gvt5o3GZ9tl8clDM=,mrksRgdgyKFdA97gfAiRSi/Fkdw=
15,14,1kwSa5+RfS/Gvt5o3GZ9tl8clDM=,mrksRgdgyKFdA97gfAiRSi/Fkdw=
15,0,1kwSa5+RfS/Gvt5o3GZ9tl8clDM=,bvQPzNdGxLzAotncPR3RiEpV4ns=
14,14,1kwSa5+RfS/Gvt5o3GZ9tl8clDM=,mrksRgdgyKFdA97gfAiRSi/Fkdw=
13,14,1kwSa5+RfS/Gvt5o3GZ9tl8clDM=,mrksRgdgyKFdA97gfAiRSi/Fkdw=
15,13,1kwSa5+RfS/Gvt5o3GZ9tl8clDM=,mrksRgdgyKFdA97gfAiRSi/Fkdw=
14,13,1kwSa5+RfS/Gvt5o3GZ9tl8clDM=,mrksRgdgyKFdA97gfAiRSi/Fkdw=
14,0,1kwSa5+RfS/Gvt5o3GZ9tl8clDM=,bvQPzNdGxLzAotncPR3RiEpV4ns=
13,2,1kwSa5+RfS/Gvt5o3GZ9tl8clDM=,bvQPzNdGxLzAotncPR3RiEpV4ns=
13,13,1kwSa5+RfS/Gvt5o3GZ9tl8clDM=,mrksRgdgyKFdA97gfAiRSi/Fkdw=
13,0,1kwSa5+RfS/Gvt5o3GZ9tl8clDM=,bvQPzNdGxLzAotncPR3RiEpV4ns=
13,1,1kwSa5+RfS/Gvt5o3GZ9tl8clDM=,bvQPzNdGxLzAotncPR3RiEpV4ns=
1,2,1kwSa5+RfS/Gvt5o3GZ9tl8clDM=,GDf72ftej5Y2gCR1OQTUX10TTko=
1,1,1kwSa5+RfS/Gvt5o3GZ9tl8clDM=,GDf72ftej5Y2gCR1OQTUX10TTko=
0,2,1kwSa5+RfS/Gvt5o3GZ9tl8clDM=,GDf72ftej5Y2gCR1OQTUX10TTko=
2,1,1kwSa5+RfS/Gvt5o3GZ9tl8clDM=,GDf72ftej5Y2gCR1OQTUX10TTko=
0,1,1kwSa5+RfS/Gvt5o3GZ9tl8clDM=,GDf72ftej5Y2gCR1OQTUX10TTko=
1,0,1kwSa5+RfS/Gvt5o3GZ9tl8clDM=,GDf72ftej5Y2gCR1OQTUX10TTko=
2,0,1kwSa5+RfS/Gvt5o3GZ9tl8clDM=,GDf72ftej5Y2gCR1OQTUX10TTko=
0,0,1kwSa5+RfS/Gvt5o3GZ9tl8clDM=,GDf72ftej5Y2gCR1OQTUX10TTko=
2,2,1kwSa5+RfS/Gvt5o3GZ9tl8clDM=,GDf72ftej5Y2gCR1OQTUX10TTko=
