35,-29,VfVta1w36vWTHzeC+naUxkzjt0I=,FSqhhEy77HQqpMeyNtZ2jZZK0e4=
35,-28,VfVta1w36vWTHzeC+naUxkzjt0I=,FSqhhEy77HQqpMeyNtZ2jZZK0e4=
36,-28,VfVta1w36vWTHzeC+naUxkzjt0I=,FSqhhEy77HQqpMeyNtZ2jZZK0e4=
36,-29,VfVta1w36vWTHzeC+naUxkzjt0I=,FSqhhEy77HQqpMeyNtZ2jZZK0e4=
37,-29,VfVta1w36vWTHzeC+naUxkzjt0I=,FSqhhEy77HQqpMeyNtZ2jZZK0e4=
37,-28,VfVta1w36vWTHzeC+naUxkzjt0I=,FSqhhEy77HQqpMeyNtZ2jZZK0e4=
39,-29,VfVta1w36vWTHzeC+naUxkzjt0I=,FSqhhEy77HQqpMeyNtZ2jZZK0e4=
38,-29,VfVta1w36vWTHzeC+naUxkzjt0I=,FSqhhEy77HQqpMeyNtZ2jZZK0e4=
39,-28,VfVta1w36vWTHzeC+naUxkzjt0I=,FSqhhEy77HQqpMeyNtZ2jZZK0e4=
38,-28,VfVta1w36vWTHzeC+naUxkzjt0I=,FSqhhEy77HQqpMeyNtZ2jZZK0e4=
32,-28,VfVta1w36vWTHzeC+naUxkzjt0I=,FSqhhEy77HQqpMeyNtZ2jZZK0e4=
34,-29,VfVta1w36vWTHzeC+naUxkzjt0I=,FSqhhEy77HQqpMeyNtZ2jZZK0e4=
34,-28,VfVta1w36vWTHzeC+naUxkzjt0I=,FSqhhEy77HQqpMeyNtZ2jZZK0e4=
33,-28,VfVta1w36vWTHzeC+naUxkzjt0I=,FSqhhEy77HQqpMeyNtZ2jZZK0e4=
33,-29,VfVta1w36vWTHzeC+naUxkzjt0I=,FSqhhEy77HQqpMeyNtZ2jZZK0e4=
32,-29,VfVta1w36vWTHzeC+naUxkzjt0I=,FSqhhEy77HQqpMeyNtZ2jZZK0e4=
32,-32,VfVta1w36vWTHzeC+naUxkzjt0I=,FSqhhEy77HQqpMeyNtZ2jZZK0e4=
33,-30,VfVta1w36vWTHzeC+naUxkzjt0I=,FSqhhEy77HQqpMeyNtZ2jZZK0e4=
32,-30,VfVta1w36vWTHzeC+naUxkzjt0I=,FSqhhEy77HQqpMeyNtZ2jZZK0e4=
36,-31,VfVta1w36vWTHzeC+naUxkzjt0I=,FSqhhEy77HQqpMeyNtZ2jZZK0e4=
36,-30,VfVta1w36vWTHzeC+naUxkzjt0I=,FSqhhEy77HQqpMeyNtZ2jZZK0e4=
35,-30,VfVta1w36vWTHzeC+naUxkzjt0I=,FSqhhEy77HQqpMeyNtZ2jZZK0e4=
34,-30,VfVta1w36vWTHzeC+naUxkzjt0I=,FSqhhEy77HQqpMeyNtZ2jZZK0e4=
32,-31,VfVta1w36vWTHzeC+naUxkzjt0I=,FSqhhEy77HQqpMeyNtZ2jZZK0e4=
35,-31,VfVta1w36vWTHzeC+naUxkzjt0I=,FSqhhEy77HQqpMeyNtZ2jZZK0e4=
34,-31,VfVta1w36vWTHzeC+naUxkzjt0I=,FSqhhEy77HQqpMeyNtZ2jZZK0e4=
33,-31,VfVta1w36vWTHzeC+naUxkzjt0I=,FSqhhEy77HQqpMeyNtZ2jZZK0e4=
36,-32,VfVta1w36vWTHzeC+naUxkzjt0I=,FSqhhEy77HQqpMeyNtZ2jZZK0e4=
35,-32,VfVta1w36vWTHzeC+naUxkzjt0I=,FSqhhEy77HQqpMeyNtZ2jZZK0e4=
34,-32,VfVta1w36vWTHzeC+naUxkzjt0I=,FSqhhEy77HQqpMeyNtZ2jZZK0e4=
33,-32,VfVta1w36vWTHzeC+naUxkzjt0I=,FSqhhEy77HQqpMeyNtZ2jZZK0e4=
37,-32,VfVta1w36vWTHzeC+naUxkzjt0I=,FSqhhEy77HQqpMeyNtZ2jZZK0e4=
38,-32,VfVta1w36vWTHzeC+naUxkzjt0I=,FSqhhEy77HQqpMeyNtZ2jZZK0e4=
39,-32,VfVta1w36vWTHzeC+naUxkzjt0I=,FSqhhEy77HQqpMeyNtZ2jZZK0e4=
39,-31,VfVta1w36vWTHzeC+naUxkzjt0I=,FSqhhEy77HQqpMeyNtZ2jZZK0e4=
39,-30,VfVta1w36vWTHzeC+naUxkzjt0I=,FSqhhEy77HQqpMeyNtZ2jZZK0e4=
37,-31,VfVta1w36vWTHzeC+naUxkzjt0I=,FSqhhEy77HQqpMeyNtZ2jZZK0e4=
38,-31,VfVta1w36vWTHzeC+naUxkzjt0I=,FSqhhEy77HQqpMeyNtZ2jZZK0e4=
37,-30,VfVta1w36vWTHzeC+naUxkzjt0I=,FSqhhEy77HQqpMeyNtZ2jZZK0e4=
38,-30,VfVta1w36vWTHzeC+naUxkzjt0I=,FSqhhEy77HQqpMeyNtZ2jZZK0e4=
37,-18,VfVta1w36vWTHzeC+naUxkzjt0I=,Y4cV+vjhvkqIMwoMCHxTyVYyyXc=
39,-18,VfVta1w36vWTHzeC+naUxkzjt0I=,Y4cV+vjhvkqIMwoMCHxTyVYyyXc=
35,-25,VfVta1w36vWTHzeC+naUxkzjt0I=,FSqhhEy77HQqpMeyNtZ2jZZK0e4=
38,-18,VfVta1w36vWTHzeC+naUxkzjt0I=,Y4cV+vjhvkqIMwoMCHxTyVYyyXc=
34,-25,VfVta1w36vWTHzeC+naUxkzjt0I=,FSqhhEy77HQqpMeyNtZ2jZZK0e4=
38,-17,9ij+puKJyAtylw7BjaXi/scj+ec=,Y4cV+vjhvkqIMwoMCHxTyVYyyXc=
39,-22,9ij+puKJyAtylw7BjaXi/scj+ec=,Y4cV+vjhvkqIMwoMCHxTyVYyyXc=
33,-25,9ij+puKJyAtylw7BjaXi/scj+ec=,FSqhhEy77HQqpMeyNtZ2jZZK0e4=
38,-22,9ij+puKJyAtylw7BjaXi/scj+ec=,Y4cV+vjhvkqIMwoMCHxTyVYyyXc=
37,-22,9ij+puKJyAtylw7BjaXi/scj+ec=,Y4cV+vjhvkqIMwoMCHxTyVYyyXc=
32,-24,9ij+puKJyAtylw7BjaXi/scj+ec=,Y4cV+vjhvkqIMwoMCHxTyVYyyXc=
33,-24,9ij+puKJyAtylw7BjaXi/scj+ec=,Y4cV+vjhvkqIMwoMCHxTyVYyyXc=
39,-19,9ij+puKJyAtylw7BjaXi/scj+ec=,Y4cV+vjhvkqIMwoMCHxTyVYyyXc=
38,-19,9ij+puKJyAtylw7BjaXi/scj+ec=,Y4cV+vjhvkqIMwoMCHxTyVYyyXc=
36,-22,9ij+puKJyAtylw7BjaXi/scj+ec=,Y4cV+vjhvkqIMwoMCHxTyVYyyXc=
39,-26,9ij+puKJyAtylw7BjaXi/scj+ec=,FSqhhEy77HQqpMeyNtZ2jZZK0e4=
35,-22,9ij+puKJyAtylw7BjaXi/scj+ec=,Y4cV+vjhvkqIMwoMCHxTyVYyyXc=
38,-26,9ij+puKJyAtylw7BjaXi/scj+ec=,FSqhhEy77HQqpMeyNtZ2jZZK0e4=
39,-25,9ij+puKJyAtylw7BjaXi/scj+ec=,FSqhhEy77HQqpMeyNtZ2jZZK0e4=
34,-22,9ij+puKJyAtylw7BjaXi/scj+ec=,Y4cV+vjhvkqIMwoMCHxTyVYyyXc=
37,-17,9ij+puKJyAtylw7BjaXi/scj+ec=,Y4cV+vjhvkqIMwoMCHxTyVYyyXc=
37,-19,9ij+puKJyAtylw7BjaXi/scj+ec=,Y4cV+vjhvkqIMwoMCHxTyVYyyXc=
32,-25,9ij+puKJyAtylw7BjaXi/scj+ec=,FSqhhEy77HQqpMeyNtZ2jZZK0e4=
37,-26,9ij+puKJyAtylw7BjaXi/scj+ec=,FSqhhEy77HQqpMeyNtZ2jZZK0e4=
33,-21,9ij+puKJyAtylw7BjaXi/scj+ec=,Y4cV+vjhvkqIMwoMCHxTyVYyyXc=
36,-19,9ij+puKJyAtylw7BjaXi/scj+ec=,Y4cV+vjhvkqIMwoMCHxTyVYyyXc=
33,-22,9ij+puKJyAtylw7BjaXi/scj+ec=,Y4cV+vjhvkqIMwoMCHxTyVYyyXc=
35,-26,9ij+puKJyAtylw7BjaXi/scj+ec=,FSqhhEy77HQqpMeyNtZ2jZZK0e4=
36,-26,9ij+puKJyAtylw7BjaXi/scj+ec=,FSqhhEy77HQqpMeyNtZ2jZZK0e4=
34,-26,9ij+puKJyAtylw7BjaXi/scj+ec=,FSqhhEy77HQqpMeyNtZ2jZZK0e4=
33,-26,9ij+puKJyAtylw7BjaXi/scj+ec=,FSqhhEy77HQqpMeyNtZ2jZZK0e4=
39,-17,9ij+puKJyAtylw7BjaXi/scj+ec=,Y4cV+vjhvkqIMwoMCHxTyVYyyXc=
32,-21,9ij+puKJyAtylw7BjaXi/scj+ec=,Y4cV+vjhvkqIMwoMCHxTyVYyyXc=
32,-20,9ij+puKJyAtylw7BjaXi/scj+ec=,Y4cV+vjhvkqIMwoMCHxTyVYyyXc=
39,-23,9ij+puKJyAtylw7BjaXi/scj+ec=,Y4cV+vjhvkqIMwoMCHxTyVYyyXc=
38,-23,9ij+puKJyAtylw7BjaXi/scj+ec=,Y4cV+vjhvkqIMwoMCHxTyVYyyXc=
38,-21,9ij+puKJyAtylw7BjaXi/scj+ec=,Y4cV+vjhvkqIMwoMCHxTyVYyyXc=
39,-21,9ij+puKJyAtylw7BjaXi/scj+ec=,Y4cV+vjhvkqIMwoMCHxTyVYyyXc=
37,-23,9ij+puKJyAtylw7BjaXi/scj+ec=,Y4cV+vjhvkqIMwoMCHxTyVYyyXc=
37,-21,9ij+puKJyAtylw7BjaXi/scj+ec=,Y4cV+vjhvkqIMwoMCHxTyVYyyXc=
39,-27,9ij+puKJyAtylw7BjaXi/scj+ec=,FSqhhEy77HQqpMeyNtZ2jZZK0e4=
36,-23,9ij+puKJyAtylw7BjaXi/scj+ec=,Y4cV+vjhvkqIMwoMCHxTyVYyyXc=
38,-27,9ij+puKJyAtylw7BjaXi/scj+ec=,FSqhhEy77HQqpMeyNtZ2jZZK0e4=
36,-18,9ij+puKJyAtylw7BjaXi/scj+ec=,Y4cV+vjhvkqIMwoMCHxTyVYyyXc=
37,-27,9ij+puKJyAtylw7BjaXi/scj+ec=,FSqhhEy77HQqpMeyNtZ2jZZK0e4=
35,-23,9ij+puKJyAtylw7BjaXi/scj+ec=,Y4cV+vjhvkqIMwoMCHxTyVYyyXc=
36,-21,9ij+puKJyAtylw7BjaXi/scj+ec=,Y4cV+vjhvkqIMwoMCHxTyVYyyXc=
34,-23,9ij+puKJyAtylw7BjaXi/scj+ec=,Y4cV+vjhvkqIMwoMCHxTyVYyyXc=
33,-23,9ij+puKJyAtylw7BjaXi/scj+ec=,Y4cV+vjhvkqIMwoMCHxTyVYyyXc=
35,-21,9ij+puKJyAtylw7BjaXi/scj+ec=,Y4cV+vjhvkqIMwoMCHxTyVYyyXc=
36,-27,9ij+puKJyAtylw7BjaXi/scj+ec=,FSqhhEy77HQqpMeyNtZ2jZZK0e4=
32,-26,9ij+puKJyAtylw7BjaXi/scj+ec=,FSqhhEy77HQqpMeyNtZ2jZZK0e4=
35,-27,9ij+puKJyAtylw7BjaXi/scj+ec=,FSqhhEy77HQqpMeyNtZ2jZZK0e4=
34,-27,9ij+puKJyAtylw7BjaXi/scj+ec=,FSqhhEy77HQqpMeyNtZ2jZZK0e4=
34,-21,9ij+puKJyAtylw7BjaXi/scj+ec=,Y4cV+vjhvkqIMwoMCHxTyVYyyXc=
32,-22,9ij+puKJyAtylw7BjaXi/scj+ec=,Y4cV+vjhvkqIMwoMCHxTyVYyyXc=
32,-23,9ij+puKJyAtylw7BjaXi/scj+ec=,Y4cV+vjhvkqIMwoMCHxTyVYyyXc=
33,-27,9ij+puKJyAtylw7BjaXi/scj+ec=,FSqhhEy77HQqpMeyNtZ2jZZK0e4=
32,-27,9ij+puKJyAtylw7BjaXi/scj+ec=,FSqhhEy77HQqpMeyNtZ2jZZK0e4=
38,-25,9ij+puKJyAtylw7BjaXi/scj+ec=,FSqhhEy77HQqpMeyNtZ2jZZK0e4=
39,-20,9ij+puKJyAtylw7BjaXi/scj+ec=,Y4cV+vjhvkqIMwoMCHxTyVYyyXc=
32,-18,9ij+puKJyAtylw7BjaXi/scj+ec=,Y4cV+vjhvkqIMwoMCHxTyVYyyXc=
37,-25,9ij+puKJyAtylw7BjaXi/scj+ec=,FSqhhEy77HQqpMeyNtZ2jZZK0e4=
34,-24,9ij+puKJyAtylw7BjaXi/scj+ec=,Y4cV+vjhvkqIMwoMCHxTyVYyyXc=
33,-20,9ij+puKJyAtylw7BjaXi/scj+ec=,Y4cV+vjhvkqIMwoMCHxTyVYyyXc=
34,-20,9ij+puKJyAtylw7BjaXi/scj+ec=,Y4cV+vjhvkqIMwoMCHxTyVYyyXc=
35,-20,9ij+puKJyAtylw7BjaXi/scj+ec=,Y4cV+vjhvkqIMwoMCHxTyVYyyXc=
35,-24,9ij+puKJyAtylw7BjaXi/scj+ec=,Y4cV+vjhvkqIMwoMCHxTyVYyyXc=
32,-19,9ij+puKJyAtylw7BjaXi/scj+ec=,Y4cV+vjhvkqIMwoMCHxTyVYyyXc=
39,-24,9ij+puKJyAtylw7BjaXi/scj+ec=,Y4cV+vjhvkqIMwoMCHxTyVYyyXc=
38,-20,9ij+puKJyAtylw7BjaXi/scj+ec=,Y4cV+vjhvkqIMwoMCHxTyVYyyXc=
36,-25,9ij+puKJyAtylw7BjaXi/scj+ec=,FSqhhEy77HQqpMeyNtZ2jZZK0e4=
38,-24,9ij+puKJyAtylw7BjaXi/scj+ec=,Y4cV+vjhvkqIMwoMCHxTyVYyyXc=
37,-24,9ij+puKJyAtylw7BjaXi/scj+ec=,Y4cV+vjhvkqIMwoMCHxTyVYyyXc=
36,-24,9ij+puKJyAtylw7BjaXi/scj+ec=,Y4cV+vjhvkqIMwoMCHxTyVYyyXc=
37,-20,9ij+puKJyAtylw7BjaXi/scj+ec=,Y4cV+vjhvkqIMwoMCHxTyVYyyXc=
36,-20,9ij+puKJyAtylw7BjaXi/scj+ec=,Y4cV+vjhvkqIMwoMCHxTyVYyyXc=
33,-18,9ij+puKJyAtylw7BjaXi/scj+ec=,Y4cV+vjhvkqIMwoMCHxTyVYyyXc=
34,-18,9ij+puKJyAtylw7BjaXi/scj+ec=,Y4cV+vjhvkqIMwoMCHxTyVYyyXc=
33,-19,9ij+puKJyAtylw7BjaXi/scj+ec=,Y4cV+vjhvkqIMwoMCHxTyVYyyXc=
34,-19,9ij+puKJyAtylw7BjaXi/scj+ec=,Y4cV+vjhvkqIMwoMCHxTyVYyyXc=
35,-18,9ij+puKJyAtylw7BjaXi/scj+ec=,Y4cV+vjhvkqIMwoMCHxTyVYyyXc=
36,-17,9ij+puKJyAtylw7BjaXi/scj+ec=,Y4cV+vjhvkqIMwoMCHxTyVYyyXc=
35,-19,9ij+puKJyAtylw7BjaXi/scj+ec=,Y4cV+vjhvkqIMwoMCHxTyVYyyXc=
35,-17,9ij+puKJyAtylw7BjaXi/scj+ec=,Y4cV+vjhvkqIMwoMCHxTyVYyyXc=
34,-17,9ij+puKJyAtylw7BjaXi/scj+ec=,Y4cV+vjhvkqIMwoMCHxTyVYyyXc=
32,-17,9ij+puKJyAtylw7BjaXi/scj+ec=,Y4cV+vjhvkqIMwoMCHxTyVYyyXc=
33,-17,9ij+puKJyAtylw7BjaXi/scj+ec=,Y4cV+vjhvkqIMwoMCHxTyVYyyXc=
38,-10,9ij+puKJyAtylw7BjaXi/scj+ec=,+XZ9DsXehxw1yLA6vITFJv9D+cw=
39,-10,9ij+puKJyAtylw7BjaXi/scj+ec=,+XZ9DsXehxw1yLA6vITFJv9D+cw=
35,-12,9ij+puKJyAtylw7BjaXi/scj+ec=,+XZ9DsXehxw1yLA6vITFJv9D+cw=
34,-12,9ij+puKJyAtylw7BjaXi/scj+ec=,+XZ9DsXehxw1yLA6vITFJv9D+cw=
39,-11,9ij+puKJyAtylw7BjaXi/scj+ec=,+XZ9DsXehxw1yLA6vITFJv9D+cw=
34,-13,9ij+puKJyAtylw7BjaXi/scj+ec=,+XZ9DsXehxw1yLA6vITFJv9D+cw=
38,-11,9ij+puKJyAtylw7BjaXi/scj+ec=,+XZ9DsXehxw1yLA6vITFJv9D+cw=
33,-13,9ij+puKJyAtylw7BjaXi/scj+ec=,+XZ9DsXehxw1yLA6vITFJv9D+cw=
39,-9,9ij+puKJyAtylw7BjaXi/scj+ec=,+XZ9DsXehxw1yLA6vITFJv9D+cw=
37,-11,9ij+puKJyAtylw7BjaXi/scj+ec=,+XZ9DsXehxw1yLA6vITFJv9D+cw=
36,-11,9ij+puKJyAtylw7BjaXi/scj+ec=,+XZ9DsXehxw1yLA6vITFJv9D+cw=
35,-11,9ij+puKJyAtylw7BjaXi/scj+ec=,+XZ9DsXehxw1yLA6vITFJv9D+cw=
38,-9,9ij+puKJyAtylw7BjaXi/scj+ec=,+XZ9DsXehxw1yLA6vITFJv9D+cw=
37,-9,9ij+puKJyAtylw7BjaXi/scj+ec=,+XZ9DsXehxw1yLA6vITFJv9D+cw=
32,-13,9ij+puKJyAtylw7BjaXi/scj+ec=,+XZ9DsXehxw1yLA6vITFJv9D+cw=
34,-11,9ij+puKJyAtylw7BjaXi/scj+ec=,+XZ9DsXehxw1yLA6vITFJv9D+cw=
37,-10,9ij+puKJyAtylw7BjaXi/scj+ec=,+XZ9DsXehxw1yLA6vITFJv9D+cw=
32,-11,9ij+puKJyAtylw7BjaXi/scj+ec=,+XZ9DsXehxw1yLA6vITFJv9D+cw=
36,-10,9ij+puKJyAtylw7BjaXi/scj+ec=,+XZ9DsXehxw1yLA6vITFJv9D+cw=
35,-10,9ij+puKJyAtylw7BjaXi/scj+ec=,+XZ9DsXehxw1yLA6vITFJv9D+cw=
33,-11,9ij+puKJyAtylw7BjaXi/scj+ec=,+XZ9DsXehxw1yLA6vITFJv9D+cw=
39,-12,9ij+puKJyAtylw7BjaXi/scj+ec=,+XZ9DsXehxw1yLA6vITFJv9D+cw=
38,-12,9ij+puKJyAtylw7BjaXi/scj+ec=,+XZ9DsXehxw1yLA6vITFJv9D+cw=
33,-12,9ij+puKJyAtylw7BjaXi/scj+ec=,+XZ9DsXehxw1yLA6vITFJv9D+cw=
32,-12,9ij+puKJyAtylw7BjaXi/scj+ec=,+XZ9DsXehxw1yLA6vITFJv9D+cw=
36,-9,9ij+puKJyAtylw7BjaXi/scj+ec=,+XZ9DsXehxw1yLA6vITFJv9D+cw=
35,-9,9ij+puKJyAtylw7BjaXi/scj+ec=,+XZ9DsXehxw1yLA6vITFJv9D+cw=
34,-10,9ij+puKJyAtylw7BjaXi/scj+ec=,+XZ9DsXehxw1yLA6vITFJv9D+cw=
39,-13,9ij+puKJyAtylw7BjaXi/scj+ec=,+XZ9DsXehxw1yLA6vITFJv9D+cw=
38,-13,9ij+puKJyAtylw7BjaXi/scj+ec=,+XZ9DsXehxw1yLA6vITFJv9D+cw=
34,-9,9ij+puKJyAtylw7BjaXi/scj+ec=,+XZ9DsXehxw1yLA6vITFJv9D+cw=
33,-10,9ij+puKJyAtylw7BjaXi/scj+ec=,+XZ9DsXehxw1yLA6vITFJv9D+cw=
32,-10,9ij+puKJyAtylw7BjaXi/scj+ec=,+XZ9DsXehxw1yLA6vITFJv9D+cw=
37,-13,9ij+puKJyAtylw7BjaXi/scj+ec=,+XZ9DsXehxw1yLA6vITFJv9D+cw=
36,-13,9ij+puKJyAtylw7BjaXi/scj+ec=,+XZ9DsXehxw1yLA6vITFJv9D+cw=
35,-13,9ij+puKJyAtylw7BjaXi/scj+ec=,+XZ9DsXehxw1yLA6vITFJv9D+cw=
33,-9,9ij+puKJyAtylw7BjaXi/scj+ec=,+XZ9DsXehxw1yLA6vITFJv9D+cw=
32,-9,9ij+puKJyAtylw7BjaXi/scj+ec=,+XZ9DsXehxw1yLA6vITFJv9D+cw=
37,-12,9ij+puKJyAtylw7BjaXi/scj+ec=,+XZ9DsXehxw1yLA6vITFJv9D+cw=
36,-12,9ij+puKJyAtylw7BjaXi/scj+ec=,+XZ9DsXehxw1yLA6vITFJv9D+cw=
32,-14,9ij+puKJyAtylw7BjaXi/scj+ec=,+XZ9DsXehxw1yLA6vITFJv9D+cw=
38,-15,9ij+puKJyAtylw7BjaXi/scj+ec=,+XZ9DsXehxw1yLA6vITFJv9D+cw=
37,-15,9ij+puKJyAtylw7BjaXi/scj+ec=,+XZ9DsXehxw1yLA6vITFJv9D+cw=
33,-14,9ij+puKJyAtylw7BjaXi/scj+ec=,+XZ9DsXehxw1yLA6vITFJv9D+cw=
39,-15,9ij+puKJyAtylw7BjaXi/scj+ec=,+XZ9DsXehxw1yLA6vITFJv9D+cw=
39,-14,9ij+puKJyAtylw7BjaXi/scj+ec=,+XZ9DsXehxw1yLA6vITFJv9D+cw=
32,-15,9ij+puKJyAtylw7BjaXi/scj+ec=,+XZ9DsXehxw1yLA6vITFJv9D+cw=
38,-14,9ij+puKJyAtylw7BjaXi/scj+ec=,+XZ9DsXehxw1yLA6vITFJv9D+cw=
39,-16,9ij+puKJyAtylw7BjaXi/scj+ec=,+XZ9DsXehxw1yLA6vITFJv9D+cw=
36,-15,9ij+puKJyAtylw7BjaXi/scj+ec=,+XZ9DsXehxw1yLA6vITFJv9D+cw=
37,-16,9ij+puKJyAtylw7BjaXi/scj+ec=,+XZ9DsXehxw1yLA6vITFJv9D+cw=
37,-14,9ij+puKJyAtylw7BjaXi/scj+ec=,+XZ9DsXehxw1yLA6vITFJv9D+cw=
38,-16,9ij+puKJyAtylw7BjaXi/scj+ec=,+XZ9DsXehxw1yLA6vITFJv9D+cw=
36,-14,9ij+puKJyAtylw7BjaXi/scj+ec=,+XZ9DsXehxw1yLA6vITFJv9D+cw=
34,-14,9ij+puKJyAtylw7BjaXi/scj+ec=,+XZ9DsXehxw1yLA6vITFJv9D+cw=
33,-15,9ij+puKJyAtylw7BjaXi/scj+ec=,+XZ9DsXehxw1yLA6vITFJv9D+cw=
35,-14,9ij+puKJyAtylw7BjaXi/scj+ec=,+XZ9DsXehxw1yLA6vITFJv9D+cw=
35,-15,9ij+puKJyAtylw7BjaXi/scj+ec=,+XZ9DsXehxw1yLA6vITFJv9D+cw=
34,-15,9ij+puKJyAtylw7BjaXi/scj+ec=,+XZ9DsXehxw1yLA6vITFJv9D+cw=
35,-16,9ij+puKJyAtylw7BjaXi/scj+ec=,+XZ9DsXehxw1yLA6vITFJv9D+cw=
36,-16,9ij+puKJyAtylw7BjaXi/scj+ec=,+XZ9DsXehxw1yLA6vITFJv9D+cw=
34,-16,9ij+puKJyAtylw7BjaXi/scj+ec=,+XZ9DsXehxw1yLA6vITFJv9D+cw=
32,-16,9ij+puKJyAtylw7BjaXi/scj+ec=,+XZ9DsXehxw1yLA6vITFJv9D+cw=
33,-16,9ij+puKJyAtylw7BjaXi/scj+ec=,+XZ9DsXehxw1yLA6vITFJv9D+cw=
