-6,-14,Yn9IdE/h8ffE3g2b8Ou5hvDq1EI=,Po5s7bU8SUgSBjhVnoX6C7D9CWk=
-5,-14,Yn9IdE/h8ffE3g2b8Ou5hvDq1EI=,Po5s7bU8SUgSBjhVnoX6C7D9CWk=
-6,-12,Yn9IdE/h8ffE3g2b8Ou5hvDq1EI=,yQTdfoGb1E6lQIP67ScLICEeCMQ=
-3,-13,Yn9IdE/h8ffE3g2b8Ou5hvDq1EI=,qTVe54pbHxuvNFKT2PoQv/P+oy8=
-5,-13,Yn9IdE/h8ffE3g2b8Ou5hvDq1EI=,Po5s7bU8SUgSBjhVnoX6C7D9CWk=
-6,-13,Yn9IdE/h8ffE3g2b8Ou5hvDq1EI=,Po5s7bU8SUgSBjhVnoX6C7D9CWk=
-4,-13,Yn9IdE/h8ffE3g2b8Ou5hvDq1EI=,qTVe54pbHxuvNFKT2PoQv/P+oy8=
-4,-14,Yn9IdE/h8ffE3g2b8Ou5hvDq1EI=,qTVe54pbHxuvNFKT2PoQv/P+oy8=
-4,-12,Yn9IdE/h8ffE3g2b8Ou5hvDq1EI=,6E+caatsRCl4HqUbR7IiSMrTsM8=
-3,-11,Yn9IdE/h8ffE3g2b8Ou5hvDq1EI=,6E+caatsRCl4HqUbR7IiSMrTsM8=
-3,-14,Yn9IdE/h8ffE3g2b8Ou5hvDq1EI=,qTVe54pbHxuvNFKT2PoQv/P+oy8=
-3,-12,Yn9IdE/h8ffE3g2b8Ou5hvDq1EI=,6E+caatsRCl4HqUbR7IiSMrTsM8=
-10,-4,Yn9IdE/h8ffE3g2b8Ou5hvDq1EI=,GtF+fsLhODPd80vXLZNY3PGtcyA=
-9,-4,Yn9IdE/h8ffE3g2b8Ou5hvDq1EI=,GtF+fsLhODPd80vXLZNY3PGtcyA=
-4,-11,Yn9IdE/h8ffE3g2b8Ou5hvDq1EI=,6E+caatsRCl4HqUbR7IiSMrTsM8=
-8,-4,Yn9IdE/h8ffE3g2b8Ou5hvDq1EI=,/lUCIwttW25jP6HptE796SgvAJo=
-8,-5,Yn9IdE/h8ffE3g2b8Ou5hvDq1EI=,m2YggXGQaq/mwAoHGo8kBCD+eDE=
-7,-6,Yn9IdE/h8ffE3g2b8Ou5hvDq1EI=,m2YggXGQaq/mwAoHGo8kBCD+eDE=
-8,-6,Yn9IdE/h8ffE3g2b8Ou5hvDq1EI=,m2YggXGQaq/mwAoHGo8kBCD+eDE=
-10,-3,Yn9IdE/h8ffE3g2b8Ou5hvDq1EI=,GtF+fsLhODPd80vXLZNY3PGtcyA=
-5,-12,Yn9IdE/h8ffE3g2b8Ou5hvDq1EI=,yQTdfoGb1E6lQIP67ScLICEeCMQ=
-9,-3,Yn9IdE/h8ffE3g2b8Ou5hvDq1EI=,GtF+fsLhODPd80vXLZNY3PGtcyA=
-7,-5,Yn9IdE/h8ffE3g2b8Ou5hvDq1EI=,m2YggXGQaq/mwAoHGo8kBCD+eDE=
-7,-4,Yn9IdE/h8ffE3g2b8Ou5hvDq1EI=,/lUCIwttW25jP6HptE796SgvAJo=
-5,-11,Yn9IdE/h8ffE3g2b8Ou5hvDq1EI=,yQTdfoGb1E6lQIP67ScLICEeCMQ=
-8,-3,Yn9IdE/h8ffE3g2b8Ou5hvDq1EI=,/lUCIwttW25jP6HptE796SgvAJo=
-6,-11,Yn9IdE/h8ffE3g2b8Ou5hvDq1EI=,yQTdfoGb1E6lQIP67ScLICEeCMQ=
-7,-3,Yn9IdE/h8ffE3g2b8Ou5hvDq1EI=,/lUCIwttW25jP6HptE796SgvAJo=
-6,-6,Yn9IdE/h8ffE3g2b8Ou5hvDq1EI=,m2YggXGQaq/mwAoHGo8kBCD+eDE=
-5,-6,Yn9IdE/h8ffE3g2b8Ou5hvDq1EI=,m2YggXGQaq/mwAoHGo8kBCD+eDE=
-5,-5,Yn9IdE/h8ffE3g2b8Ou5hvDq1EI=,m2YggXGQaq/mwAoHGo8kBCD+eDE=
-4,-7,Yn9IdE/h8ffE3g2b8Ou5hvDq1EI=,QOwiIy9tos9V4iRzVRAqHktXWjI=
-6,-5,Yn9IdE/h8ffE3g2b8Ou5hvDq1EI=,m2YggXGQaq/mwAoHGo8kBCD+eDE=
-5,-7,Yn9IdE/h8ffE3g2b8Ou5hvDq1EI=,m2YggXGQaq/mwAoHGo8kBCD+eDE=
-6,-7,Yn9IdE/h8ffE3g2b8Ou5hvDq1EI=,m2YggXGQaq/mwAoHGo8kBCD+eDE=
-4,-4,Yn9IdE/h8ffE3g2b8Ou5hvDq1EI=,+layMq6gEyoqeT6a5Alt1IGpdn4=
-4,-8,Yn9IdE/h8ffE3g2b8Ou5hvDq1EI=,QOwiIy9tos9V4iRzVRAqHktXWjI=
-3,-7,Yn9IdE/h8ffE3g2b8Ou5hvDq1EI=,QOwiIy9tos9V4iRzVRAqHktXWjI=
-6,-3,Yn9IdE/h8ffE3g2b8Ou5hvDq1EI=,/lUCIwttW25jP6HptE796SgvAJo=
-5,-3,Yn9IdE/h8ffE3g2b8Ou5hvDq1EI=,/lUCIwttW25jP6HptE796SgvAJo=
-4,-9,Yn9IdE/h8ffE3g2b8Ou5hvDq1EI=,6E+caatsRCl4HqUbR7IiSMrTsM8=
-4,-10,Yn9IdE/h8ffE3g2b8Ou5hvDq1EI=,6E+caatsRCl4HqUbR7IiSMrTsM8=
-3,-10,Yn9IdE/h8ffE3g2b8Ou5hvDq1EI=,6E+caatsRCl4HqUbR7IiSMrTsM8=
-3,-4,Yn9IdE/h8ffE3g2b8Ou5hvDq1EI=,+layMq6gEyoqeT6a5Alt1IGpdn4=
-3,-9,Yn9IdE/h8ffE3g2b8Ou5hvDq1EI=,6E+caatsRCl4HqUbR7IiSMrTsM8=
-3,-8,Yn9IdE/h8ffE3g2b8Ou5hvDq1EI=,QOwiIy9tos9V4iRzVRAqHktXWjI=
-3,-6,Yn9IdE/h8ffE3g2b8Ou5hvDq1EI=,QOwiIy9tos9V4iRzVRAqHktXWjI=
-4,-6,Yn9IdE/h8ffE3g2b8Ou5hvDq1EI=,QOwiIy9tos9V4iRzVRAqHktXWjI=
-5,-4,Yn9IdE/h8ffE3g2b8Ou5hvDq1EI=,/lUCIwttW25jP6HptE796SgvAJo=
-6,-9,Yn9IdE/h8ffE3g2b8Ou5hvDq1EI=,yQTdfoGb1E6lQIP67ScLICEeCMQ=
-6,-4,Yn9IdE/h8ffE3g2b8Ou5hvDq1EI=,/lUCIwttW25jP6HptE796SgvAJo=
-4,-5,Yn9IdE/h8ffE3g2b8Ou5hvDq1EI=,QOwiIy9tos9V4iRzVRAqHktXWjI=
-4,-3,Yn9IdE/h8ffE3g2b8Ou5hvDq1EI=,+layMq6gEyoqeT6a5Alt1IGpdn4=
-3,-5,Yn9IdE/h8ffE3g2b8Ou5hvDq1EI=,QOwiIy9tos9V4iRzVRAqHktXWjI=
-3,-3,Yn9IdE/h8ffE3g2b8Ou5hvDq1EI=,+layMq6gEyoqeT6a5Alt1IGpdn4=
-5,-9,Yn9IdE/h8ffE3g2b8Ou5hvDq1EI=,yQTdfoGb1E6lQIP67ScLICEeCMQ=
-5,-10,Yn9IdE/h8ffE3g2b8Ou5hvDq1EI=,yQTdfoGb1E6lQIP67ScLICEeCMQ=
-6,-8,Yn9IdE/h8ffE3g2b8Ou5hvDq1EI=,m2YggXGQaq/mwAoHGo8kBCD+eDE=
-5,-8,Yn9IdE/h8ffE3g2b8Ou5hvDq1EI=,m2YggXGQaq/mwAoHGo8kBCD+eDE=
-6,-10,Yn9IdE/h8ffE3g2b8Ou5hvDq1EI=,yQTdfoGb1E6lQIP67ScLICEeCMQ=
-2,-1,jw468FvSFAsq06Qj358yL7tz0GY=,+layMq6gEyoqeT6a5Alt1IGpdn4=
-2,-2,jw468FvSFAsq06Qj358yL7tz0GY=,+layMq6gEyoqeT6a5Alt1IGpdn4=
-1,-1,jw468FvSFAsq06Qj358yL7tz0GY=,+layMq6gEyoqeT6a5Alt1IGpdn4=
-1,-2,jw468FvSFAsq06Qj358yL7tz0GY=,+layMq6gEyoqeT6a5Alt1IGpdn4=
-2,-3,jw468FvSFAsq06Qj358yL7tz0GY=,+layMq6gEyoqeT6a5Alt1IGpdn4=
-1,-3,jw468FvSFAsq06Qj358yL7tz0GY=,+layMq6gEyoqeT6a5Alt1IGpdn4=
-2,-4,jw468FvSFAsq06Qj358yL7tz0GY=,+layMq6gEyoqeT6a5Alt1IGpdn4=
-2,-5,jw468FvSFAsq06Qj358yL7tz0GY=,QOwiIy9tos9V4iRzVRAqHktXWjI=
-1,-4,jw468FvSFAsq06Qj358yL7tz0GY=,+layMq6gEyoqeT6a5Alt1IGpdn4=
-1,-5,jw468FvSFAsq06Qj358yL7tz0GY=,QOwiIy9tos9V4iRzVRAqHktXWjI=
-2,-6,jw468FvSFAsq06Qj358yL7tz0GY=,QOwiIy9tos9V4iRzVRAqHktXWjI=
-1,-6,jw468FvSFAsq06Qj358yL7tz0GY=,QOwiIy9tos9V4iRzVRAqHktXWjI=
-4,-15,jw468FvSFAsq06Qj358yL7tz0GY=,qTVe54pbHxuvNFKT2PoQv/P+oy8=
-4,-16,jw468FvSFAsq06Qj358yL7tz0GY=,qTVe54pbHxuvNFKT2PoQv/P+oy8=
-3,-15,jw468FvSFAsq06Qj358yL7tz0GY=,qTVe54pbHxuvNFKT2PoQv/P+oy8=
-6,-16,jw468FvSFAsq06Qj358yL7tz0GY=,Po5s7bU8SUgSBjhVnoX6C7D9CWk=
-5,-16,jw468FvSFAsq06Qj358yL7tz0GY=,Po5s7bU8SUgSBjhVnoX6C7D9CWk=
-6,-15,jw468FvSFAsq06Qj358yL7tz0GY=,Po5s7bU8SUgSBjhVnoX6C7D9CWk=
-5,-15,jw468FvSFAsq06Qj358yL7tz0GY=,Po5s7bU8SUgSBjhVnoX6C7D9CWk=
-3,-16,jw468FvSFAsq06Qj358yL7tz0GY=,qTVe54pbHxuvNFKT2PoQv/P+oy8=
-13,-1,jw468FvSFAsq06Qj358yL7tz0GY=,zcqbNYZui5mDIXK6vTU15ta8GXY=
-14,-1,jw468FvSFAsq06Qj358yL7tz0GY=,zcqbNYZui5mDIXK6vTU15ta8GXY=
-14,-2,jw468FvSFAsq06Qj358yL7tz0GY=,zcqbNYZui5mDIXK6vTU15ta8GXY=
-13,-2,jw468FvSFAsq06Qj358yL7tz0GY=,zcqbNYZui5mDIXK6vTU15ta8GXY=
-11,-1,jw468FvSFAsq06Qj358yL7tz0GY=,GtF+fsLhODPd80vXLZNY3PGtcyA=
-12,-2,jw468FvSFAsq06Qj358yL7tz0GY=,GtF+fsLhODPd80vXLZNY3PGtcyA=
-11,-2,jw468FvSFAsq06Qj358yL7tz0GY=,GtF+fsLhODPd80vXLZNY3PGtcyA=
-12,-1,jw468FvSFAsq06Qj358yL7tz0GY=,GtF+fsLhODPd80vXLZNY3PGtcyA=
-16,-2,jw468FvSFAsq06Qj358yL7tz0GY=,zcqbNYZui5mDIXK6vTU15ta8GXY=
-15,-1,jw468FvSFAsq06Qj358yL7tz0GY=,zcqbNYZui5mDIXK6vTU15ta8GXY=
-16,-1,jw468FvSFAsq06Qj358yL7tz0GY=,zcqbNYZui5mDIXK6vTU15ta8GXY=
-15,-2,jw468FvSFAsq06Qj358yL7tz0GY=,zcqbNYZui5mDIXK6vTU15ta8GXY=
-8,-8,jw468FvSFAsq06Qj358yL7tz0GY=,m2YggXGQaq/mwAoHGo8kBCD+eDE=
-10,-9,jw468FvSFAsq06Qj358yL7tz0GY=,bIGjDeolaoUs6XLaAzfuVZqZie8=
-10,-10,jw468FvSFAsq06Qj358yL7tz0GY=,bIGjDeolaoUs6XLaAzfuVZqZie8=
-7,-7,jw468FvSFAsq06Qj358yL7tz0GY=,m2YggXGQaq/mwAoHGo8kBCD+eDE=
-9,-10,jw468FvSFAsq06Qj358yL7tz0GY=,bIGjDeolaoUs6XLaAzfuVZqZie8=
-8,-7,jw468FvSFAsq06Qj358yL7tz0GY=,m2YggXGQaq/mwAoHGo8kBCD+eDE=
-9,-9,jw468FvSFAsq06Qj358yL7tz0GY=,bIGjDeolaoUs6XLaAzfuVZqZie8=
-7,-8,jw468FvSFAsq06Qj358yL7tz0GY=,m2YggXGQaq/mwAoHGo8kBCD+eDE=
-7,-9,jw468FvSFAsq06Qj358yL7tz0GY=,yQTdfoGb1E6lQIP67ScLICEeCMQ=
-8,-10,jw468FvSFAsq06Qj358yL7tz0GY=,yQTdfoGb1E6lQIP67ScLICEeCMQ=
-8,-9,jw468FvSFAsq06Qj358yL7tz0GY=,yQTdfoGb1E6lQIP67ScLICEeCMQ=
-7,-10,jw468FvSFAsq06Qj358yL7tz0GY=,yQTdfoGb1E6lQIP67ScLICEeCMQ=
-8,-12,jw468FvSFAsq06Qj358yL7tz0GY=,yQTdfoGb1E6lQIP67ScLICEeCMQ=
-8,-13,jw468FvSFAsq06Qj358yL7tz0GY=,Po5s7bU8SUgSBjhVnoX6C7D9CWk=
-7,-14,jw468FvSFAsq06Qj358yL7tz0GY=,Po5s7bU8SUgSBjhVnoX6C7D9CWk=
-8,-14,jw468FvSFAsq06Qj358yL7tz0GY=,Po5s7bU8SUgSBjhVnoX6C7D9CWk=
-9,-11,jw468FvSFAsq06Qj358yL7tz0GY=,bIGjDeolaoUs6XLaAzfuVZqZie8=
-10,-11,jw468FvSFAsq06Qj358yL7tz0GY=,bIGjDeolaoUs6XLaAzfuVZqZie8=
-9,-12,jw468FvSFAsq06Qj358yL7tz0GY=,bIGjDeolaoUs6XLaAzfuVZqZie8=
-10,-12,jw468FvSFAsq06Qj358yL7tz0GY=,bIGjDeolaoUs6XLaAzfuVZqZie8=
-8,-11,jw468FvSFAsq06Qj358yL7tz0GY=,yQTdfoGb1E6lQIP67ScLICEeCMQ=
-7,-13,jw468FvSFAsq06Qj358yL7tz0GY=,Po5s7bU8SUgSBjhVnoX6C7D9CWk=
-9,-1,jw468FvSFAsq06Qj358yL7tz0GY=,GtF+fsLhODPd80vXLZNY3PGtcyA=
-10,-1,jw468FvSFAsq06Qj358yL7tz0GY=,GtF+fsLhODPd80vXLZNY3PGtcyA=
-4,-1,jw468FvSFAsq06Qj358yL7tz0GY=,+layMq6gEyoqeT6a5Alt1IGpdn4=
-4,-2,jw468FvSFAsq06Qj358yL7tz0GY=,+layMq6gEyoqeT6a5Alt1IGpdn4=
-9,-2,jw468FvSFAsq06Qj358yL7tz0GY=,GtF+fsLhODPd80vXLZNY3PGtcyA=
-7,-12,jw468FvSFAsq06Qj358yL7tz0GY=,yQTdfoGb1E6lQIP67ScLICEeCMQ=
-10,-2,jw468FvSFAsq06Qj358yL7tz0GY=,GtF+fsLhODPd80vXLZNY3PGtcyA=
-7,-11,jw468FvSFAsq06Qj358yL7tz0GY=,yQTdfoGb1E6lQIP67ScLICEeCMQ=
-2,-15,jw468FvSFAsq06Qj358yL7tz0GY=,qTVe54pbHxuvNFKT2PoQv/P+oy8=
-8,-1,jw468FvSFAsq06Qj358yL7tz0GY=,/lUCIwttW25jP6HptE796SgvAJo=
-5,-1,jw468FvSFAsq06Qj358yL7tz0GY=,/lUCIwttW25jP6HptE796SgvAJo=
-2,-16,jw468FvSFAsq06Qj358yL7tz0GY=,qTVe54pbHxuvNFKT2PoQv/P+oy8=
-6,-2,jw468FvSFAsq06Qj358yL7tz0GY=,/lUCIwttW25jP6HptE796SgvAJo=
-1,-15,jw468FvSFAsq06Qj358yL7tz0GY=,qTVe54pbHxuvNFKT2PoQv/P+oy8=
-8,-2,jw468FvSFAsq06Qj358yL7tz0GY=,/lUCIwttW25jP6HptE796SgvAJo=
-7,-1,jw468FvSFAsq06Qj358yL7tz0GY=,/lUCIwttW25jP6HptE796SgvAJo=
-7,-2,jw468FvSFAsq06Qj358yL7tz0GY=,/lUCIwttW25jP6HptE796SgvAJo=
-6,-1,jw468FvSFAsq06Qj358yL7tz0GY=,/lUCIwttW25jP6HptE796SgvAJo=
-2,-7,jw468FvSFAsq06Qj358yL7tz0GY=,QOwiIy9tos9V4iRzVRAqHktXWjI=
-2,-8,jw468FvSFAsq06Qj358yL7tz0GY=,QOwiIy9tos9V4iRzVRAqHktXWjI=
-5,-2,jw468FvSFAsq06Qj358yL7tz0GY=,/lUCIwttW25jP6HptE796SgvAJo=
-2,-10,jw468FvSFAsq06Qj358yL7tz0GY=,6E+caatsRCl4HqUbR7IiSMrTsM8=
-1,-7,jw468FvSFAsq06Qj358yL7tz0GY=,QOwiIy9tos9V4iRzVRAqHktXWjI=
-1,-13,jw468FvSFAsq06Qj358yL7tz0GY=,qTVe54pbHxuvNFKT2PoQv/P+oy8=
-1,-16,jw468FvSFAsq06Qj358yL7tz0GY=,qTVe54pbHxuvNFKT2PoQv/P+oy8=
-2,-12,jw468FvSFAsq06Qj358yL7tz0GY=,6E+caatsRCl4HqUbR7IiSMrTsM8=
-1,-14,jw468FvSFAsq06Qj358yL7tz0GY=,qTVe54pbHxuvNFKT2PoQv/P+oy8=
-2,-13,jw468FvSFAsq06Qj358yL7tz0GY=,qTVe54pbHxuvNFKT2PoQv/P+oy8=
-2,-11,jw468FvSFAsq06Qj358yL7tz0GY=,6E+caatsRCl4HqUbR7IiSMrTsM8=
-2,-14,jw468FvSFAsq06Qj358yL7tz0GY=,qTVe54pbHxuvNFKT2PoQv/P+oy8=
-11,-9,jw468FvSFAsq06Qj358yL7tz0GY=,bIGjDeolaoUs6XLaAzfuVZqZie8=
-12,-4,jw468FvSFAsq06Qj358yL7tz0GY=,GtF+fsLhODPd80vXLZNY3PGtcyA=
-12,-9,jw468FvSFAsq06Qj358yL7tz0GY=,bIGjDeolaoUs6XLaAzfuVZqZie8=
-11,-4,jw468FvSFAsq06Qj358yL7tz0GY=,GtF+fsLhODPd80vXLZNY3PGtcyA=
-11,-10,jw468FvSFAsq06Qj358yL7tz0GY=,bIGjDeolaoUs6XLaAzfuVZqZie8=
-12,-10,jw468FvSFAsq06Qj358yL7tz0GY=,bIGjDeolaoUs6XLaAzfuVZqZie8=
-14,-4,jw468FvSFAsq06Qj358yL7tz0GY=,zcqbNYZui5mDIXK6vTU15ta8GXY=
-13,-4,jw468FvSFAsq06Qj358yL7tz0GY=,zcqbNYZui5mDIXK6vTU15ta8GXY=
-14,-3,jw468FvSFAsq06Qj358yL7tz0GY=,zcqbNYZui5mDIXK6vTU15ta8GXY=
-11,-3,jw468FvSFAsq06Qj358yL7tz0GY=,GtF+fsLhODPd80vXLZNY3PGtcyA=
-12,-3,jw468FvSFAsq06Qj358yL7tz0GY=,GtF+fsLhODPd80vXLZNY3PGtcyA=
-13,-3,jw468FvSFAsq06Qj358yL7tz0GY=,zcqbNYZui5mDIXK6vTU15ta8GXY=
-3,-1,jw468FvSFAsq06Qj358yL7tz0GY=,+layMq6gEyoqeT6a5Alt1IGpdn4=
-1,-8,jw468FvSFAsq06Qj358yL7tz0GY=,QOwiIy9tos9V4iRzVRAqHktXWjI=
-3,-2,jw468FvSFAsq06Qj358yL7tz0GY=,+layMq6gEyoqeT6a5Alt1IGpdn4=
-2,-9,jw468FvSFAsq06Qj358yL7tz0GY=,6E+caatsRCl4HqUbR7IiSMrTsM8=
-1,-9,jw468FvSFAsq06Qj358yL7tz0GY=,6E+caatsRCl4HqUbR7IiSMrTsM8=
-15,-3,jw468FvSFAsq06Qj358yL7tz0GY=,zcqbNYZui5mDIXK6vTU15ta8GXY=
-15,-4,jw468FvSFAsq06Qj358yL7tz0GY=,zcqbNYZui5mDIXK6vTU15ta8GXY=
-16,-3,jw468FvSFAsq06Qj358yL7tz0GY=,zcqbNYZui5mDIXK6vTU15ta8GXY=
-16,-4,jw468FvSFAsq06Qj358yL7tz0GY=,zcqbNYZui5mDIXK6vTU15ta8GXY=
-8,-15,jw468FvSFAsq06Qj358yL7tz0GY=,Po5s7bU8SUgSBjhVnoX6C7D9CWk=
-7,-15,jw468FvSFAsq06Qj358yL7tz0GY=,Po5s7bU8SUgSBjhVnoX6C7D9CWk=
-8,-16,jw468FvSFAsq06Qj358yL7tz0GY=,Po5s7bU8SUgSBjhVnoX6C7D9CWk=
-11,-11,jw468FvSFAsq06Qj358yL7tz0GY=,bIGjDeolaoUs6XLaAzfuVZqZie8=
-7,-16,jw468FvSFAsq06Qj358yL7tz0GY=,Po5s7bU8SUgSBjhVnoX6C7D9CWk=
-12,-11,jw468FvSFAsq06Qj358yL7tz0GY=,bIGjDeolaoUs6XLaAzfuVZqZie8=
-12,-12,jw468FvSFAsq06Qj358yL7tz0GY=,bIGjDeolaoUs6XLaAzfuVZqZie8=
-1,-10,jw468FvSFAsq06Qj358yL7tz0GY=,6E+caatsRCl4HqUbR7IiSMrTsM8=
-11,-12,jw468FvSFAsq06Qj358yL7tz0GY=,bIGjDeolaoUs6XLaAzfuVZqZie8=
-1,-12,jw468FvSFAsq06Qj358yL7tz0GY=,6E+caatsRCl4HqUbR7IiSMrTsM8=
-1,-11,jw468FvSFAsq06Qj358yL7tz0GY=,6E+caatsRCl4HqUbR7IiSMrTsM8=
-4,-19,jw468FvSFAsq06Qj358yL7tz0GY=,4YOklB/arCuKR7YBIlBgct8pAZc=
-3,-20,jw468FvSFAsq06Qj358yL7tz0GY=,4YOklB/arCuKR7YBIlBgct8pAZc=
-4,-20,jw468FvSFAsq06Qj358yL7tz0GY=,4YOklB/arCuKR7YBIlBgct8pAZc=
-3,-19,jw468FvSFAsq06Qj358yL7tz0GY=,4YOklB/arCuKR7YBIlBgct8pAZc=
-2,-20,jw468FvSFAsq06Qj358yL7tz0GY=,4YOklB/arCuKR7YBIlBgct8pAZc=
-1,-19,jw468FvSFAsq06Qj358yL7tz0GY=,4YOklB/arCuKR7YBIlBgct8pAZc=
-1,-20,jw468FvSFAsq06Qj358yL7tz0GY=,4YOklB/arCuKR7YBIlBgct8pAZc=
-2,-19,jw468FvSFAsq06Qj358yL7tz0GY=,4YOklB/arCuKR7YBIlBgct8pAZc=
-4,-18,jw468FvSFAsq06Qj358yL7tz0GY=,4YOklB/arCuKR7YBIlBgct8pAZc=
-2,-18,jw468FvSFAsq06Qj358yL7tz0GY=,4YOklB/arCuKR7YBIlBgct8pAZc=
-1,-18,jw468FvSFAsq06Qj358yL7tz0GY=,4YOklB/arCuKR7YBIlBgct8pAZc=
-3,-18,jw468FvSFAsq06Qj358yL7tz0GY=,4YOklB/arCuKR7YBIlBgct8pAZc=
-3,-17,jw468FvSFAsq06Qj358yL7tz0GY=,4YOklB/arCuKR7YBIlBgct8pAZc=
-4,-17,jw468FvSFAsq06Qj358yL7tz0GY=,4YOklB/arCuKR7YBIlBgct8pAZc=
-1,-17,jw468FvSFAsq06Qj358yL7tz0GY=,4YOklB/arCuKR7YBIlBgct8pAZc=
-2,-17,jw468FvSFAsq06Qj358yL7tz0GY=,4YOklB/arCuKR7YBIlBgct8pAZc=
