-5,7,dMtl2PgUA2htuGb59DzceYEVLyg=,knbQe4qhwN4xKB2ki0nznID5Ids=
-4,6,dMtl2PgUA2htuGb59DzceYEVLyg=,dhYp+DTmJAnP8Mk37OO1bLKt5ho=
-3,6,dMtl2PgUA2htuGb59DzceYEVLyg=,dhYp+DTmJAnP8Mk37OO1bLKt5ho=
-4,7,dMtl2PgUA2htuGb59DzceYEVLyg=,dhYp+DTmJAnP8Mk37OO1bLKt5ho=
-3,7,dMtl2PgUA2htuGb59DzceYEVLyg=,dhYp+DTmJAnP8Mk37OO1bLKt5ho=
-5,6,dMtl2PgUA2htuGb59DzceYEVLyg=,knbQe4qhwN4xKB2ki0nznID5Ids=
-6,7,dMtl2PgUA2htuGb59DzceYEVLyg=,knbQe4qhwN4xKB2ki0nznID5Ids=
-6,6,dMtl2PgUA2htuGb59DzceYEVLyg=,knbQe4qhwN4xKB2ki0nznID5Ids=
-1,7,dMtl2PgUA2htuGb59DzceYEVLyg=,dhYp+DTmJAnP8Mk37OO1bLKt5ho=
-2,6,dMtl2PgUA2htuGb59DzceYEVLyg=,dhYp+DTmJAnP8Mk37OO1bLKt5ho=
-1,6,dMtl2PgUA2htuGb59DzceYEVLyg=,dhYp+DTmJAnP8Mk37OO1bLKt5ho=
-2,7,dMtl2PgUA2htuGb59DzceYEVLyg=,dhYp+DTmJAnP8Mk37OO1bLKt5ho=
-12,0,dMtl2PgUA2htuGb59DzceYEVLyg=,XKNfWJxJOtiNA0aAdHkzrAicpMA=
-11,0,dMtl2PgUA2htuGb59DzceYEVLyg=,XKNfWJxJOtiNA0aAdHkzrAicpMA=
-11,1,dMtl2PgUA2htuGb59DzceYEVLyg=,XKNfWJxJOtiNA0aAdHkzrAicpMA=
-12,1,dMtl2PgUA2htuGb59DzceYEVLyg=,XKNfWJxJOtiNA0aAdHkzrAicpMA=
-11,3,dMtl2PgUA2htuGb59DzceYEVLyg=,XKNfWJxJOtiNA0aAdHkzrAicpMA=
-12,3,dMtl2PgUA2htuGb59DzceYEVLyg=,XKNfWJxJOtiNA0aAdHkzrAicpMA=
-11,2,dMtl2PgUA2htuGb59DzceYEVLyg=,XKNfWJxJOtiNA0aAdHkzrAicpMA=
-12,2,dMtl2PgUA2htuGb59DzceYEVLyg=,XKNfWJxJOtiNA0aAdHkzrAicpMA=
-7,6,dMtl2PgUA2htuGb59DzceYEVLyg=,knbQe4qhwN4xKB2ki0nznID5Ids=
-8,6,dMtl2PgUA2htuGb59DzceYEVLyg=,knbQe4qhwN4xKB2ki0nznID5Ids=
-7,7,dMtl2PgUA2htuGb59DzceYEVLyg=,knbQe4qhwN4xKB2ki0nznID5Ids=
-8,7,dMtl2PgUA2htuGb59DzceYEVLyg=,knbQe4qhwN4xKB2ki0nznID5Ids=
-2,4,dMtl2PgUA2htuGb59DzceYEVLyg=,dhYp+DTmJAnP8Mk37OO1bLKt5ho=
-1,3,dMtl2PgUA2htuGb59DzceYEVLyg=,l9V+vOeTDb173oqoGmEv1ZJlOQM=
-1,5,dMtl2PgUA2htuGb59DzceYEVLyg=,dhYp+DTmJAnP8Mk37OO1bLKt5ho=
-2,5,dMtl2PgUA2htuGb59DzceYEVLyg=,dhYp+DTmJAnP8Mk37OO1bLKt5ho=
-1,2,dMtl2PgUA2htuGb59DzceYEVLyg=,l9V+vOeTDb173oqoGmEv1ZJlOQM=
-1,4,dMtl2PgUA2htuGb59DzceYEVLyg=,dhYp+DTmJAnP8Mk37OO1bLKt5ho=
-2,3,dMtl2PgUA2htuGb59DzceYEVLyg=,l9V+vOeTDb173oqoGmEv1ZJlOQM=
-2,2,dMtl2PgUA2htuGb59DzceYEVLyg=,l9V+vOeTDb173oqoGmEv1ZJlOQM=
-1,1,dMtl2PgUA2htuGb59DzceYEVLyg=,l9V+vOeTDb173oqoGmEv1ZJlOQM=
-2,0,dMtl2PgUA2htuGb59DzceYEVLyg=,l9V+vOeTDb173oqoGmEv1ZJlOQM=
-3,4,dMtl2PgUA2htuGb59DzceYEVLyg=,dhYp+DTmJAnP8Mk37OO1bLKt5ho=
-4,4,dMtl2PgUA2htuGb59DzceYEVLyg=,dhYp+DTmJAnP8Mk37OO1bLKt5ho=
-4,5,dMtl2PgUA2htuGb59DzceYEVLyg=,dhYp+DTmJAnP8Mk37OO1bLKt5ho=
-3,5,dMtl2PgUA2htuGb59DzceYEVLyg=,dhYp+DTmJAnP8Mk37OO1bLKt5ho=
-5,5,dMtl2PgUA2htuGb59DzceYEVLyg=,knbQe4qhwN4xKB2ki0nznID5Ids=
-6,5,dMtl2PgUA2htuGb59DzceYEVLyg=,knbQe4qhwN4xKB2ki0nznID5Ids=
-7,5,dMtl2PgUA2htuGb59DzceYEVLyg=,knbQe4qhwN4xKB2ki0nznID5Ids=
-8,5,dMtl2PgUA2htuGb59DzceYEVLyg=,knbQe4qhwN4xKB2ki0nznID5Ids=
-5,4,dMtl2PgUA2htuGb59DzceYEVLyg=,knbQe4qhwN4xKB2ki0nznID5Ids=
-6,4,dMtl2PgUA2htuGb59DzceYEVLyg=,knbQe4qhwN4xKB2ki0nznID5Ids=
-7,4,dMtl2PgUA2htuGb59DzceYEVLyg=,knbQe4qhwN4xKB2ki0nznID5Ids=
-8,4,dMtl2PgUA2htuGb59DzceYEVLyg=,knbQe4qhwN4xKB2ki0nznID5Ids=
-4,1,dMtl2PgUA2htuGb59DzceYEVLyg=,l9V+vOeTDb173oqoGmEv1ZJlOQM=
-5,3,dMtl2PgUA2htuGb59DzceYEVLyg=,z73JxpKJH35mU7jdStgICFZQmSQ=
-4,3,dMtl2PgUA2htuGb59DzceYEVLyg=,l9V+vOeTDb173oqoGmEv1ZJlOQM=
-6,3,dMtl2PgUA2htuGb59DzceYEVLyg=,z73JxpKJH35mU7jdStgICFZQmSQ=
-7,3,dMtl2PgUA2htuGb59DzceYEVLyg=,z73JxpKJH35mU7jdStgICFZQmSQ=
-8,3,dMtl2PgUA2htuGb59DzceYEVLyg=,z73JxpKJH35mU7jdStgICFZQmSQ=
-3,3,dMtl2PgUA2htuGb59DzceYEVLyg=,l9V+vOeTDb173oqoGmEv1ZJlOQM=
-10,0,dMtl2PgUA2htuGb59DzceYEVLyg=,XKNfWJxJOtiNA0aAdHkzrAicpMA=
-4,2,dMtl2PgUA2htuGb59DzceYEVLyg=,l9V+vOeTDb173oqoGmEv1ZJlOQM=
-3,1,dMtl2PgUA2htuGb59DzceYEVLyg=,l9V+vOeTDb173oqoGmEv1ZJlOQM=
-4,0,dMtl2PgUA2htuGb59DzceYEVLyg=,l9V+vOeTDb173oqoGmEv1ZJlOQM=
-2,1,dMtl2PgUA2htuGb59DzceYEVLyg=,l9V+vOeTDb173oqoGmEv1ZJlOQM=
-10,3,dMtl2PgUA2htuGb59DzceYEVLyg=,XKNfWJxJOtiNA0aAdHkzrAicpMA=
-9,3,dMtl2PgUA2htuGb59DzceYEVLyg=,XKNfWJxJOtiNA0aAdHkzrAicpMA=
-10,2,dMtl2PgUA2htuGb59DzceYEVLyg=,XKNfWJxJOtiNA0aAdHkzrAicpMA=
-9,2,dMtl2PgUA2htuGb59DzceYEVLyg=,XKNfWJxJOtiNA0aAdHkzrAicpMA=
-3,0,dMtl2PgUA2htuGb59DzceYEVLyg=,l9V+vOeTDb173oqoGmEv1ZJlOQM=
-9,0,dMtl2PgUA2htuGb59DzceYEVLyg=,XKNfWJxJOtiNA0aAdHkzrAicpMA=
-5,2,dMtl2PgUA2htuGb59DzceYEVLyg=,z73JxpKJH35mU7jdStgICFZQmSQ=
-1,0,dMtl2PgUA2htuGb59DzceYEVLyg=,l9V+vOeTDb173oqoGmEv1ZJlOQM=
-10,1,dMtl2PgUA2htuGb59DzceYEVLyg=,XKNfWJxJOtiNA0aAdHkzrAicpMA=
-6,0,dMtl2PgUA2htuGb59DzceYEVLyg=,z73JxpKJH35mU7jdStgICFZQmSQ=
-5,0,dMtl2PgUA2htuGb59DzceYEVLyg=,z73JxpKJH35mU7jdStgICFZQmSQ=
-3,2,dMtl2PgUA2htuGb59DzceYEVLyg=,l9V+vOeTDb173oqoGmEv1ZJlOQM=
-7,0,dMtl2PgUA2htuGb59DzceYEVLyg=,z73JxpKJH35mU7jdStgICFZQmSQ=
-7,2,dMtl2PgUA2htuGb59DzceYEVLyg=,z73JxpKJH35mU7jdStgICFZQmSQ=
-6,1,dMtl2PgUA2htuGb59DzceYEVLyg=,z73JxpKJH35mU7jdStgICFZQmSQ=
-5,1,dMtl2PgUA2htuGb59DzceYEVLyg=,z73JxpKJH35mU7jdStgICFZQmSQ=
-9,1,dMtl2PgUA2htuGb59DzceYEVLyg=,XKNfWJxJOtiNA0aAdHkzrAicpMA=
-7,1,dMtl2PgUA2htuGb59DzceYEVLyg=,z73JxpKJH35mU7jdStgICFZQmSQ=
-8,2,dMtl2PgUA2htuGb59DzceYEVLyg=,z73JxpKJH35mU7jdStgICFZQmSQ=
-6,2,dMtl2PgUA2htuGb59DzceYEVLyg=,z73JxpKJH35mU7jdStgICFZQmSQ=
-8,1,dMtl2PgUA2htuGb59DzceYEVLyg=,z73JxpKJH35mU7jdStgICFZQmSQ=
-8,0,dMtl2PgUA2htuGb59DzceYEVLyg=,z73JxpKJH35mU7jdStgICFZQmSQ=
