3,-3,PK9KfipdN1kBs8Zs1rGbG2jxCjA=,QwNrQAP2jorRDX3Eac0lD6M91/E=
2,-5,PK9KfipdN1kBs8Zs1rGbG2jxCjA=,tM4HnkW4Spmjd+YC+LiMp0LaxSE=
5,-6,PK9KfipdN1kBs8Zs1rGbG2jxCjA=,vmKtrt/Ulh9crV/b84MvJq+8xw8=
3,-5,PK9KfipdN1kBs8Zs1rGbG2jxCjA=,tM4HnkW4Spmjd+YC+LiMp0LaxSE=
5,-3,PK9KfipdN1kBs8Zs1rGbG2jxCjA=,Pb+/BJqweCciP+HGW+6TO/B8qmI=
5,-5,PK9KfipdN1kBs8Zs1rGbG2jxCjA=,vmKtrt/Ulh9crV/b84MvJq+8xw8=
4,-3,PK9KfipdN1kBs8Zs1rGbG2jxCjA=,Pb+/BJqweCciP+HGW+6TO/B8qmI=
5,-4,PK9KfipdN1kBs8Zs1rGbG2jxCjA=,Pb+/BJqweCciP+HGW+6TO/B8qmI=
4,-4,PK9KfipdN1kBs8Zs1rGbG2jxCjA=,Pb+/BJqweCciP+HGW+6TO/B8qmI=
4,-5,PK9KfipdN1kBs8Zs1rGbG2jxCjA=,vmKtrt/Ulh9crV/b84MvJq+8xw8=
4,-6,PK9KfipdN1kBs8Zs1rGbG2jxCjA=,vmKtrt/Ulh9crV/b84MvJq+8xw8=
2,-3,PK9KfipdN1kBs8Zs1rGbG2jxCjA=,QwNrQAP2jorRDX3Eac0lD6M91/E=
2,-4,PK9KfipdN1kBs8Zs1rGbG2jxCjA=,QwNrQAP2jorRDX3Eac0lD6M91/E=
3,-6,PK9KfipdN1kBs8Zs1rGbG2jxCjA=,tM4HnkW4Spmjd+YC+LiMp0LaxSE=
2,-6,PK9KfipdN1kBs8Zs1rGbG2jxCjA=,tM4HnkW4Spmjd+YC+LiMp0LaxSE=
3,-4,PK9KfipdN1kBs8Zs1rGbG2jxCjA=,QwNrQAP2jorRDX3Eac0lD6M91/E=
5,-7,86JGkD1gnyc74zFL11e/zQkrNn8=,vmKtrt/Ulh9crV/b84MvJq+8xw8=
4,-7,86JGkD1gnyc74zFL11e/zQkrNn8=,vmKtrt/Ulh9crV/b84MvJq+8xw8=
3,-14,86JGkD1gnyc74zFL11e/zQkrNn8=,0Q0qlQKrptWEeOUbsZhtr7/PwD4=
2,-14,86JGkD1gnyc74zFL11e/zQkrNn8=,0Q0qlQKrptWEeOUbsZhtr7/PwD4=
5,-13,86JGkD1gnyc74zFL11e/zQkrNn8=,CGse535vTwGExIY8rfV6USNU13Y=
3,-12,86JGkD1gnyc74zFL11e/zQkrNn8=,a7K4Yi8NCAnFyF8zeP6cKZ1hmJ8=
2,-13,86JGkD1gnyc74zFL11e/zQkrNn8=,0Q0qlQKrptWEeOUbsZhtr7/PwD4=
3,-9,86JGkD1gnyc74zFL11e/zQkrNn8=,a7K4Yi8NCAnFyF8zeP6cKZ1hmJ8=
3,-13,86JGkD1gnyc74zFL11e/zQkrNn8=,0Q0qlQKrptWEeOUbsZhtr7/PwD4=
3,-10,86JGkD1gnyc74zFL11e/zQkrNn8=,a7K4Yi8NCAnFyF8zeP6cKZ1hmJ8=
3,-7,86JGkD1gnyc74zFL11e/zQkrNn8=,tM4HnkW4Spmjd+YC+LiMp0LaxSE=
3,-8,86JGkD1gnyc74zFL11e/zQkrNn8=,tM4HnkW4Spmjd+YC+LiMp0LaxSE=
4,-13,86JGkD1gnyc74zFL11e/zQkrNn8=,CGse535vTwGExIY8rfV6USNU13Y=
5,-8,86JGkD1gnyc74zFL11e/zQkrNn8=,vmKtrt/Ulh9crV/b84MvJq+8xw8=
3,-11,86JGkD1gnyc74zFL11e/zQkrNn8=,a7K4Yi8NCAnFyF8zeP6cKZ1hmJ8=
2,-7,86JGkD1gnyc74zFL11e/zQkrNn8=,tM4HnkW4Spmjd+YC+LiMp0LaxSE=
4,-8,86JGkD1gnyc74zFL11e/zQkrNn8=,vmKtrt/Ulh9crV/b84MvJq+8xw8=
2,-8,86JGkD1gnyc74zFL11e/zQkrNn8=,tM4HnkW4Spmjd+YC+LiMp0LaxSE=
5,-14,86JGkD1gnyc74zFL11e/zQkrNn8=,CGse535vTwGExIY8rfV6USNU13Y=
4,-12,86JGkD1gnyc74zFL11e/zQkrNn8=,bC8s3UV7eqw4sNkKylUTMQdjtp8=
5,-12,86JGkD1gnyc74zFL11e/zQkrNn8=,bC8s3UV7eqw4sNkKylUTMQdjtp8=
2,-12,86JGkD1gnyc74zFL11e/zQkrNn8=,a7K4Yi8NCAnFyF8zeP6cKZ1hmJ8=
4,-11,86JGkD1gnyc74zFL11e/zQkrNn8=,bC8s3UV7eqw4sNkKylUTMQdjtp8=
5,-11,86JGkD1gnyc74zFL11e/zQkrNn8=,bC8s3UV7eqw4sNkKylUTMQdjtp8=
4,-10,86JGkD1gnyc74zFL11e/zQkrNn8=,bC8s3UV7eqw4sNkKylUTMQdjtp8=
5,-10,86JGkD1gnyc74zFL11e/zQkrNn8=,bC8s3UV7eqw4sNkKylUTMQdjtp8=
4,-14,86JGkD1gnyc74zFL11e/zQkrNn8=,CGse535vTwGExIY8rfV6USNU13Y=
2,-9,86JGkD1gnyc74zFL11e/zQkrNn8=,a7K4Yi8NCAnFyF8zeP6cKZ1hmJ8=
5,-9,86JGkD1gnyc74zFL11e/zQkrNn8=,bC8s3UV7eqw4sNkKylUTMQdjtp8=
2,-10,86JGkD1gnyc74zFL11e/zQkrNn8=,a7K4Yi8NCAnFyF8zeP6cKZ1hmJ8=
4,-9,86JGkD1gnyc74zFL11e/zQkrNn8=,bC8s3UV7eqw4sNkKylUTMQdjtp8=
2,-11,86JGkD1gnyc74zFL11e/zQkrNn8=,a7K4Yi8NCAnFyF8zeP6cKZ1hmJ8=
9,-14,86JGkD1gnyc74zFL11e/zQkrNn8=,Z6qDXF/buMTqFRPhf96hv/g81RI=
8,-14,86JGkD1gnyc74zFL11e/zQkrNn8=,Z6qDXF/buMTqFRPhf96hv/g81RI=
8,-13,86JGkD1gnyc74zFL11e/zQkrNn8=,Z6qDXF/buMTqFRPhf96hv/g81RI=
9,-13,86JGkD1gnyc74zFL11e/zQkrNn8=,Z6qDXF/buMTqFRPhf96hv/g81RI=
9,-11,86JGkD1gnyc74zFL11e/zQkrNn8=,jXYADwihZfcnz70DCqgOsWfY07c=
7,-13,86JGkD1gnyc74zFL11e/zQkrNn8=,CGse535vTwGExIY8rfV6USNU13Y=
9,-12,86JGkD1gnyc74zFL11e/zQkrNn8=,jXYADwihZfcnz70DCqgOsWfY07c=
8,-12,86JGkD1gnyc74zFL11e/zQkrNn8=,jXYADwihZfcnz70DCqgOsWfY07c=
7,-12,86JGkD1gnyc74zFL11e/zQkrNn8=,bC8s3UV7eqw4sNkKylUTMQdjtp8=
7,-11,86JGkD1gnyc74zFL11e/zQkrNn8=,bC8s3UV7eqw4sNkKylUTMQdjtp8=
6,-11,86JGkD1gnyc74zFL11e/zQkrNn8=,bC8s3UV7eqw4sNkKylUTMQdjtp8=
6,-12,86JGkD1gnyc74zFL11e/zQkrNn8=,bC8s3UV7eqw4sNkKylUTMQdjtp8=
8,-11,86JGkD1gnyc74zFL11e/zQkrNn8=,jXYADwihZfcnz70DCqgOsWfY07c=
7,-14,86JGkD1gnyc74zFL11e/zQkrNn8=,CGse535vTwGExIY8rfV6USNU13Y=
6,-14,86JGkD1gnyc74zFL11e/zQkrNn8=,CGse535vTwGExIY8rfV6USNU13Y=
6,-13,86JGkD1gnyc74zFL11e/zQkrNn8=,CGse535vTwGExIY8rfV6USNU13Y=
7,-6,86JGkD1gnyc74zFL11e/zQkrNn8=,vmKtrt/Ulh9crV/b84MvJq+8xw8=
7,-7,86JGkD1gnyc74zFL11e/zQkrNn8=,vmKtrt/Ulh9crV/b84MvJq+8xw8=
7,-3,86JGkD1gnyc74zFL11e/zQkrNn8=,Pb+/BJqweCciP+HGW+6TO/B8qmI=
6,-3,86JGkD1gnyc74zFL11e/zQkrNn8=,Pb+/BJqweCciP+HGW+6TO/B8qmI=
7,-5,86JGkD1gnyc74zFL11e/zQkrNn8=,vmKtrt/Ulh9crV/b84MvJq+8xw8=
6,-6,86JGkD1gnyc74zFL11e/zQkrNn8=,vmKtrt/Ulh9crV/b84MvJq+8xw8=
7,-4,86JGkD1gnyc74zFL11e/zQkrNn8=,Pb+/BJqweCciP+HGW+6TO/B8qmI=
6,-5,86JGkD1gnyc74zFL11e/zQkrNn8=,vmKtrt/Ulh9crV/b84MvJq+8xw8=
6,-7,86JGkD1gnyc74zFL11e/zQkrNn8=,vmKtrt/Ulh9crV/b84MvJq+8xw8=
6,-4,86JGkD1gnyc74zFL11e/zQkrNn8=,Pb+/BJqweCciP+HGW+6TO/B8qmI=
13,-4,86JGkD1gnyc74zFL11e/zQkrNn8=,YVpeLcDWKZGY3Us5sbxoh+HC6Mo=
11,-3,86JGkD1gnyc74zFL11e/zQkrNn8=,/rPdSszj9UykETlaHU5AAryt3E4=
10,-3,86JGkD1gnyc74zFL11e/zQkrNn8=,/rPdSszj9UykETlaHU5AAryt3E4=
7,-9,86JGkD1gnyc74zFL11e/zQkrNn8=,bC8s3UV7eqw4sNkKylUTMQdjtp8=
13,-3,86JGkD1gnyc74zFL11e/zQkrNn8=,YVpeLcDWKZGY3Us5sbxoh+HC6Mo=
9,-7,86JGkD1gnyc74zFL11e/zQkrNn8=,CPY2HZOAuVrtS8xGH0fB0RG6N2I=
13,-6,86JGkD1gnyc74zFL11e/zQkrNn8=,kXmHh1ifMWqr8FDeke2uafA03TQ=
12,-5,86JGkD1gnyc74zFL11e/zQkrNn8=,kXmHh1ifMWqr8FDeke2uafA03TQ=
13,-5,86JGkD1gnyc74zFL11e/zQkrNn8=,kXmHh1ifMWqr8FDeke2uafA03TQ=
8,-6,86JGkD1gnyc74zFL11e/zQkrNn8=,CPY2HZOAuVrtS8xGH0fB0RG6N2I=
12,-6,86JGkD1gnyc74zFL11e/zQkrNn8=,kXmHh1ifMWqr8FDeke2uafA03TQ=
12,-4,86JGkD1gnyc74zFL11e/zQkrNn8=,YVpeLcDWKZGY3Us5sbxoh+HC6Mo=
8,-7,86JGkD1gnyc74zFL11e/zQkrNn8=,CPY2HZOAuVrtS8xGH0fB0RG6N2I=
8,-8,86JGkD1gnyc74zFL11e/zQkrNn8=,CPY2HZOAuVrtS8xGH0fB0RG6N2I=
12,-3,86JGkD1gnyc74zFL11e/zQkrNn8=,YVpeLcDWKZGY3Us5sbxoh+HC6Mo=
11,-4,86JGkD1gnyc74zFL11e/zQkrNn8=,/rPdSszj9UykETlaHU5AAryt3E4=
10,-4,86JGkD1gnyc74zFL11e/zQkrNn8=,/rPdSszj9UykETlaHU5AAryt3E4=
7,-8,86JGkD1gnyc74zFL11e/zQkrNn8=,vmKtrt/Ulh9crV/b84MvJq+8xw8=
10,-5,86JGkD1gnyc74zFL11e/zQkrNn8=,CPY2HZOAuVrtS8xGH0fB0RG6N2I=
9,-6,86JGkD1gnyc74zFL11e/zQkrNn8=,CPY2HZOAuVrtS8xGH0fB0RG6N2I=
8,-4,86JGkD1gnyc74zFL11e/zQkrNn8=,/rPdSszj9UykETlaHU5AAryt3E4=
9,-8,86JGkD1gnyc74zFL11e/zQkrNn8=,CPY2HZOAuVrtS8xGH0fB0RG6N2I=
8,-5,86JGkD1gnyc74zFL11e/zQkrNn8=,CPY2HZOAuVrtS8xGH0fB0RG6N2I=
9,-4,86JGkD1gnyc74zFL11e/zQkrNn8=,/rPdSszj9UykETlaHU5AAryt3E4=
11,-6,86JGkD1gnyc74zFL11e/zQkrNn8=,CPY2HZOAuVrtS8xGH0fB0RG6N2I=
8,-3,86JGkD1gnyc74zFL11e/zQkrNn8=,/rPdSszj9UykETlaHU5AAryt3E4=
10,-6,86JGkD1gnyc74zFL11e/zQkrNn8=,CPY2HZOAuVrtS8xGH0fB0RG6N2I=
6,-8,86JGkD1gnyc74zFL11e/zQkrNn8=,vmKtrt/Ulh9crV/b84MvJq+8xw8=
9,-3,86JGkD1gnyc74zFL11e/zQkrNn8=,/rPdSszj9UykETlaHU5AAryt3E4=
11,-5,86JGkD1gnyc74zFL11e/zQkrNn8=,CPY2HZOAuVrtS8xGH0fB0RG6N2I=
9,-5,86JGkD1gnyc74zFL11e/zQkrNn8=,CPY2HZOAuVrtS8xGH0fB0RG6N2I=
8,-10,86JGkD1gnyc74zFL11e/zQkrNn8=,jXYADwihZfcnz70DCqgOsWfY07c=
9,-9,86JGkD1gnyc74zFL11e/zQkrNn8=,jXYADwihZfcnz70DCqgOsWfY07c=
9,-10,9hnE9+epDiV+UvfrBpPd2kNODKk=,jXYADwihZfcnz70DCqgOsWfY07c=
8,-9,9hnE9+epDiV+UvfrBpPd2kNODKk=,jXYADwihZfcnz70DCqgOsWfY07c=
7,-10,9hnE9+epDiV+UvfrBpPd2kNODKk=,bC8s3UV7eqw4sNkKylUTMQdjtp8=
6,-10,9hnE9+epDiV+UvfrBpPd2kNODKk=,bC8s3UV7eqw4sNkKylUTMQdjtp8=
6,-9,9hnE9+epDiV+UvfrBpPd2kNODKk=,bC8s3UV7eqw4sNkKylUTMQdjtp8=
15,-5,9hnE9+epDiV+UvfrBpPd2kNODKk=,kXmHh1ifMWqr8FDeke2uafA03TQ=
14,-5,9hnE9+epDiV+UvfrBpPd2kNODKk=,kXmHh1ifMWqr8FDeke2uafA03TQ=
15,-6,9hnE9+epDiV+UvfrBpPd2kNODKk=,kXmHh1ifMWqr8FDeke2uafA03TQ=
14,-6,9hnE9+epDiV+UvfrBpPd2kNODKk=,kXmHh1ifMWqr8FDeke2uafA03TQ=
15,-3,9hnE9+epDiV+UvfrBpPd2kNODKk=,YVpeLcDWKZGY3Us5sbxoh+HC6Mo=
14,-3,9hnE9+epDiV+UvfrBpPd2kNODKk=,YVpeLcDWKZGY3Us5sbxoh+HC6Mo=
15,-4,9hnE9+epDiV+UvfrBpPd2kNODKk=,YVpeLcDWKZGY3Us5sbxoh+HC6Mo=
14,-4,9hnE9+epDiV+UvfrBpPd2kNODKk=,YVpeLcDWKZGY3Us5sbxoh+HC6Mo=
11,-15,9hnE9+epDiV+UvfrBpPd2kNODKk=,Z6qDXF/buMTqFRPhf96hv/g81RI=
12,-16,9hnE9+epDiV+UvfrBpPd2kNODKk=,FWgmHXV+FiqUz8Js6bIbMavKMNo=
13,-16,9hnE9+epDiV+UvfrBpPd2kNODKk=,FWgmHXV+FiqUz8Js6bIbMavKMNo=
12,-15,9hnE9+epDiV+UvfrBpPd2kNODKk=,FWgmHXV+FiqUz8Js6bIbMavKMNo=
13,-15,9hnE9+epDiV+UvfrBpPd2kNODKk=,FWgmHXV+FiqUz8Js6bIbMavKMNo=
10,-16,9hnE9+epDiV+UvfrBpPd2kNODKk=,Z6qDXF/buMTqFRPhf96hv/g81RI=
11,-16,9hnE9+epDiV+UvfrBpPd2kNODKk=,Z6qDXF/buMTqFRPhf96hv/g81RI=
10,-15,9hnE9+epDiV+UvfrBpPd2kNODKk=,Z6qDXF/buMTqFRPhf96hv/g81RI=
9,-16,9hnE9+epDiV+UvfrBpPd2kNODKk=,Z6qDXF/buMTqFRPhf96hv/g81RI=
9,-15,9hnE9+epDiV+UvfrBpPd2kNODKk=,Z6qDXF/buMTqFRPhf96hv/g81RI=
8,-16,9hnE9+epDiV+UvfrBpPd2kNODKk=,Z6qDXF/buMTqFRPhf96hv/g81RI=
8,-15,9hnE9+epDiV+UvfrBpPd2kNODKk=,Z6qDXF/buMTqFRPhf96hv/g81RI=
7,-15,9hnE9+epDiV+UvfrBpPd2kNODKk=,CGse535vTwGExIY8rfV6USNU13Y=
7,-16,9hnE9+epDiV+UvfrBpPd2kNODKk=,CGse535vTwGExIY8rfV6USNU13Y=
6,-15,9hnE9+epDiV+UvfrBpPd2kNODKk=,CGse535vTwGExIY8rfV6USNU13Y=
6,-16,9hnE9+epDiV+UvfrBpPd2kNODKk=,CGse535vTwGExIY8rfV6USNU13Y=
3,-15,9hnE9+epDiV+UvfrBpPd2kNODKk=,0Q0qlQKrptWEeOUbsZhtr7/PwD4=
3,-16,9hnE9+epDiV+UvfrBpPd2kNODKk=,0Q0qlQKrptWEeOUbsZhtr7/PwD4=
2,-16,9hnE9+epDiV+UvfrBpPd2kNODKk=,0Q0qlQKrptWEeOUbsZhtr7/PwD4=
5,-15,9hnE9+epDiV+UvfrBpPd2kNODKk=,CGse535vTwGExIY8rfV6USNU13Y=
5,-16,9hnE9+epDiV+UvfrBpPd2kNODKk=,CGse535vTwGExIY8rfV6USNU13Y=
4,-15,9hnE9+epDiV+UvfrBpPd2kNODKk=,CGse535vTwGExIY8rfV6USNU13Y=
2,-15,9hnE9+epDiV+UvfrBpPd2kNODKk=,0Q0qlQKrptWEeOUbsZhtr7/PwD4=
4,-16,9hnE9+epDiV+UvfrBpPd2kNODKk=,CGse535vTwGExIY8rfV6USNU13Y=
12,-7,9hnE9+epDiV+UvfrBpPd2kNODKk=,kXmHh1ifMWqr8FDeke2uafA03TQ=
14,-7,9hnE9+epDiV+UvfrBpPd2kNODKk=,kXmHh1ifMWqr8FDeke2uafA03TQ=
13,-7,9hnE9+epDiV+UvfrBpPd2kNODKk=,kXmHh1ifMWqr8FDeke2uafA03TQ=
15,-7,9hnE9+epDiV+UvfrBpPd2kNODKk=,kXmHh1ifMWqr8FDeke2uafA03TQ=
12,-8,9hnE9+epDiV+UvfrBpPd2kNODKk=,kXmHh1ifMWqr8FDeke2uafA03TQ=
14,-8,9hnE9+epDiV+UvfrBpPd2kNODKk=,kXmHh1ifMWqr8FDeke2uafA03TQ=
11,-9,9hnE9+epDiV+UvfrBpPd2kNODKk=,jXYADwihZfcnz70DCqgOsWfY07c=
13,-8,9hnE9+epDiV+UvfrBpPd2kNODKk=,kXmHh1ifMWqr8FDeke2uafA03TQ=
15,-8,9hnE9+epDiV+UvfrBpPd2kNODKk=,kXmHh1ifMWqr8FDeke2uafA03TQ=
10,-9,9hnE9+epDiV+UvfrBpPd2kNODKk=,jXYADwihZfcnz70DCqgOsWfY07c=
12,-10,9hnE9+epDiV+UvfrBpPd2kNODKk=,0ArDyntixZMc4UDse1e/cGGx954=
13,-10,9hnE9+epDiV+UvfrBpPd2kNODKk=,0ArDyntixZMc4UDse1e/cGGx954=
13,-12,9hnE9+epDiV+UvfrBpPd2kNODKk=,0ArDyntixZMc4UDse1e/cGGx954=
12,-12,9hnE9+epDiV+UvfrBpPd2kNODKk=,0ArDyntixZMc4UDse1e/cGGx954=
12,-11,9hnE9+epDiV+UvfrBpPd2kNODKk=,0ArDyntixZMc4UDse1e/cGGx954=
14,-10,9hnE9+epDiV+UvfrBpPd2kNODKk=,0ArDyntixZMc4UDse1e/cGGx954=
15,-12,9hnE9+epDiV+UvfrBpPd2kNODKk=,0ArDyntixZMc4UDse1e/cGGx954=
13,-11,9hnE9+epDiV+UvfrBpPd2kNODKk=,0ArDyntixZMc4UDse1e/cGGx954=
12,-14,9hnE9+epDiV+UvfrBpPd2kNODKk=,FWgmHXV+FiqUz8Js6bIbMavKMNo=
13,-14,9hnE9+epDiV+UvfrBpPd2kNODKk=,FWgmHXV+FiqUz8Js6bIbMavKMNo=
15,-11,9hnE9+epDiV+UvfrBpPd2kNODKk=,0ArDyntixZMc4UDse1e/cGGx954=
14,-14,9hnE9+epDiV+UvfrBpPd2kNODKk=,FWgmHXV+FiqUz8Js6bIbMavKMNo=
12,-13,9hnE9+epDiV+UvfrBpPd2kNODKk=,FWgmHXV+FiqUz8Js6bIbMavKMNo=
11,-10,9hnE9+epDiV+UvfrBpPd2kNODKk=,jXYADwihZfcnz70DCqgOsWfY07c=
12,-9,9hnE9+epDiV+UvfrBpPd2kNODKk=,0ArDyntixZMc4UDse1e/cGGx954=
14,-11,9hnE9+epDiV+UvfrBpPd2kNODKk=,0ArDyntixZMc4UDse1e/cGGx954=
15,-14,9hnE9+epDiV+UvfrBpPd2kNODKk=,FWgmHXV+FiqUz8Js6bIbMavKMNo=
13,-13,9hnE9+epDiV+UvfrBpPd2kNODKk=,FWgmHXV+FiqUz8Js6bIbMavKMNo=
13,-9,9hnE9+epDiV+UvfrBpPd2kNODKk=,0ArDyntixZMc4UDse1e/cGGx954=
14,-12,9hnE9+epDiV+UvfrBpPd2kNODKk=,0ArDyntixZMc4UDse1e/cGGx954=
14,-9,9hnE9+epDiV+UvfrBpPd2kNODKk=,0ArDyntixZMc4UDse1e/cGGx954=
10,-14,9hnE9+epDiV+UvfrBpPd2kNODKk=,Z6qDXF/buMTqFRPhf96hv/g81RI=
11,-14,9hnE9+epDiV+UvfrBpPd2kNODKk=,Z6qDXF/buMTqFRPhf96hv/g81RI=
11,-7,9hnE9+epDiV+UvfrBpPd2kNODKk=,CPY2HZOAuVrtS8xGH0fB0RG6N2I=
10,-13,9hnE9+epDiV+UvfrBpPd2kNODKk=,Z6qDXF/buMTqFRPhf96hv/g81RI=
11,-13,9hnE9+epDiV+UvfrBpPd2kNODKk=,Z6qDXF/buMTqFRPhf96hv/g81RI=
15,-10,9hnE9+epDiV+UvfrBpPd2kNODKk=,0ArDyntixZMc4UDse1e/cGGx954=
10,-7,9hnE9+epDiV+UvfrBpPd2kNODKk=,CPY2HZOAuVrtS8xGH0fB0RG6N2I=
15,-13,9hnE9+epDiV+UvfrBpPd2kNODKk=,FWgmHXV+FiqUz8Js6bIbMavKMNo=
14,-13,9hnE9+epDiV+UvfrBpPd2kNODKk=,FWgmHXV+FiqUz8Js6bIbMavKMNo=
11,-8,9hnE9+epDiV+UvfrBpPd2kNODKk=,CPY2HZOAuVrtS8xGH0fB0RG6N2I=
10,-8,9hnE9+epDiV+UvfrBpPd2kNODKk=,CPY2HZOAuVrtS8xGH0fB0RG6N2I=
10,-10,9hnE9+epDiV+UvfrBpPd2kNODKk=,jXYADwihZfcnz70DCqgOsWfY07c=
11,-12,9hnE9+epDiV+UvfrBpPd2kNODKk=,jXYADwihZfcnz70DCqgOsWfY07c=
11,-11,9hnE9+epDiV+UvfrBpPd2kNODKk=,jXYADwihZfcnz70DCqgOsWfY07c=
10,-12,9hnE9+epDiV+UvfrBpPd2kNODKk=,jXYADwihZfcnz70DCqgOsWfY07c=
10,-11,9hnE9+epDiV+UvfrBpPd2kNODKk=,jXYADwihZfcnz70DCqgOsWfY07c=
15,-9,9hnE9+epDiV+UvfrBpPd2kNODKk=,0ArDyntixZMc4UDse1e/cGGx954=
0,-14,9hnE9+epDiV+UvfrBpPd2kNODKk=,0Q0qlQKrptWEeOUbsZhtr7/PwD4=
0,-13,9hnE9+epDiV+UvfrBpPd2kNODKk=,0Q0qlQKrptWEeOUbsZhtr7/PwD4=
1,-14,9hnE9+epDiV+UvfrBpPd2kNODKk=,0Q0qlQKrptWEeOUbsZhtr7/PwD4=
1,-13,9hnE9+epDiV+UvfrBpPd2kNODKk=,0Q0qlQKrptWEeOUbsZhtr7/PwD4=
0,-8,9hnE9+epDiV+UvfrBpPd2kNODKk=,tM4HnkW4Spmjd+YC+LiMp0LaxSE=
1,-7,9hnE9+epDiV+UvfrBpPd2kNODKk=,tM4HnkW4Spmjd+YC+LiMp0LaxSE=
1,-12,9hnE9+epDiV+UvfrBpPd2kNODKk=,a7K4Yi8NCAnFyF8zeP6cKZ1hmJ8=
1,-11,9hnE9+epDiV+UvfrBpPd2kNODKk=,a7K4Yi8NCAnFyF8zeP6cKZ1hmJ8=
0,-12,9hnE9+epDiV+UvfrBpPd2kNODKk=,a7K4Yi8NCAnFyF8zeP6cKZ1hmJ8=
1,-8,9hnE9+epDiV+UvfrBpPd2kNODKk=,tM4HnkW4Spmjd+YC+LiMp0LaxSE=
0,-11,9hnE9+epDiV+UvfrBpPd2kNODKk=,a7K4Yi8NCAnFyF8zeP6cKZ1hmJ8=
1,-9,9hnE9+epDiV+UvfrBpPd2kNODKk=,a7K4Yi8NCAnFyF8zeP6cKZ1hmJ8=
0,-7,9hnE9+epDiV+UvfrBpPd2kNODKk=,tM4HnkW4Spmjd+YC+LiMp0LaxSE=
0,-9,9hnE9+epDiV+UvfrBpPd2kNODKk=,a7K4Yi8NCAnFyF8zeP6cKZ1hmJ8=
0,-10,9hnE9+epDiV+UvfrBpPd2kNODKk=,a7K4Yi8NCAnFyF8zeP6cKZ1hmJ8=
1,-10,9hnE9+epDiV+UvfrBpPd2kNODKk=,a7K4Yi8NCAnFyF8zeP6cKZ1hmJ8=
1,-3,9hnE9+epDiV+UvfrBpPd2kNODKk=,QwNrQAP2jorRDX3Eac0lD6M91/E=
1,-5,9hnE9+epDiV+UvfrBpPd2kNODKk=,tM4HnkW4Spmjd+YC+LiMp0LaxSE=
0,-5,9hnE9+epDiV+UvfrBpPd2kNODKk=,tM4HnkW4Spmjd+YC+LiMp0LaxSE=
1,-6,9hnE9+epDiV+UvfrBpPd2kNODKk=,tM4HnkW4Spmjd+YC+LiMp0LaxSE=
0,-15,9hnE9+epDiV+UvfrBpPd2kNODKk=,0Q0qlQKrptWEeOUbsZhtr7/PwD4=
0,-4,9hnE9+epDiV+UvfrBpPd2kNODKk=,QwNrQAP2jorRDX3Eac0lD6M91/E=
1,-16,9hnE9+epDiV+UvfrBpPd2kNODKk=,0Q0qlQKrptWEeOUbsZhtr7/PwD4=
1,-15,9hnE9+epDiV+UvfrBpPd2kNODKk=,0Q0qlQKrptWEeOUbsZhtr7/PwD4=
0,-6,9hnE9+epDiV+UvfrBpPd2kNODKk=,tM4HnkW4Spmjd+YC+LiMp0LaxSE=
0,-16,9hnE9+epDiV+UvfrBpPd2kNODKk=,0Q0qlQKrptWEeOUbsZhtr7/PwD4=
1,-4,9hnE9+epDiV+UvfrBpPd2kNODKk=,QwNrQAP2jorRDX3Eac0lD6M91/E=
0,-3,9hnE9+epDiV+UvfrBpPd2kNODKk=,QwNrQAP2jorRDX3Eac0lD6M91/E=
11,-1,9hnE9+epDiV+UvfrBpPd2kNODKk=,/rPdSszj9UykETlaHU5AAryt3E4=
15,-1,9hnE9+epDiV+UvfrBpPd2kNODKk=,YVpeLcDWKZGY3Us5sbxoh+HC6Mo=
14,-1,9hnE9+epDiV+UvfrBpPd2kNODKk=,YVpeLcDWKZGY3Us5sbxoh+HC6Mo=
15,-2,9hnE9+epDiV+UvfrBpPd2kNODKk=,YVpeLcDWKZGY3Us5sbxoh+HC6Mo=
14,-2,9hnE9+epDiV+UvfrBpPd2kNODKk=,YVpeLcDWKZGY3Us5sbxoh+HC6Mo=
12,-2,9hnE9+epDiV+UvfrBpPd2kNODKk=,YVpeLcDWKZGY3Us5sbxoh+HC6Mo=
13,-2,9hnE9+epDiV+UvfrBpPd2kNODKk=,YVpeLcDWKZGY3Us5sbxoh+HC6Mo=
12,-1,9hnE9+epDiV+UvfrBpPd2kNODKk=,YVpeLcDWKZGY3Us5sbxoh+HC6Mo=
13,-1,9hnE9+epDiV+UvfrBpPd2kNODKk=,YVpeLcDWKZGY3Us5sbxoh+HC6Mo=
10,-2,9hnE9+epDiV+UvfrBpPd2kNODKk=,/rPdSszj9UykETlaHU5AAryt3E4=
11,-2,9hnE9+epDiV+UvfrBpPd2kNODKk=,/rPdSszj9UykETlaHU5AAryt3E4=
10,-1,9hnE9+epDiV+UvfrBpPd2kNODKk=,/rPdSszj9UykETlaHU5AAryt3E4=
15,-15,9hnE9+epDiV+UvfrBpPd2kNODKk=,FWgmHXV+FiqUz8Js6bIbMavKMNo=
14,-15,9hnE9+epDiV+UvfrBpPd2kNODKk=,FWgmHXV+FiqUz8Js6bIbMavKMNo=
15,-16,9hnE9+epDiV+UvfrBpPd2kNODKk=,FWgmHXV+FiqUz8Js6bIbMavKMNo=
14,-16,9hnE9+epDiV+UvfrBpPd2kNODKk=,FWgmHXV+FiqUz8Js6bIbMavKMNo=
1,-1,9hnE9+epDiV+UvfrBpPd2kNODKk=,QwNrQAP2jorRDX3Eac0lD6M91/E=
1,-2,9hnE9+epDiV+UvfrBpPd2kNODKk=,QwNrQAP2jorRDX3Eac0lD6M91/E=
0,-1,9hnE9+epDiV+UvfrBpPd2kNODKk=,QwNrQAP2jorRDX3Eac0lD6M91/E=
7,-2,9hnE9+epDiV+UvfrBpPd2kNODKk=,Pb+/BJqweCciP+HGW+6TO/B8qmI=
5,-1,9hnE9+epDiV+UvfrBpPd2kNODKk=,Pb+/BJqweCciP+HGW+6TO/B8qmI=
9,-1,9hnE9+epDiV+UvfrBpPd2kNODKk=,/rPdSszj9UykETlaHU5AAryt3E4=
8,-1,9hnE9+epDiV+UvfrBpPd2kNODKk=,/rPdSszj9UykETlaHU5AAryt3E4=
9,-2,9hnE9+epDiV+UvfrBpPd2kNODKk=,/rPdSszj9UykETlaHU5AAryt3E4=
8,-2,9hnE9+epDiV+UvfrBpPd2kNODKk=,/rPdSszj9UykETlaHU5AAryt3E4=
5,-2,9hnE9+epDiV+UvfrBpPd2kNODKk=,Pb+/BJqweCciP+HGW+6TO/B8qmI=
7,-1,9hnE9+epDiV+UvfrBpPd2kNODKk=,Pb+/BJqweCciP+HGW+6TO/B8qmI=
4,-1,9hnE9+epDiV+UvfrBpPd2kNODKk=,Pb+/BJqweCciP+HGW+6TO/B8qmI=
4,-2,9hnE9+epDiV+UvfrBpPd2kNODKk=,Pb+/BJqweCciP+HGW+6TO/B8qmI=
3,-1,9hnE9+epDiV+UvfrBpPd2kNODKk=,QwNrQAP2jorRDX3Eac0lD6M91/E=
6,-2,9hnE9+epDiV+UvfrBpPd2kNODKk=,Pb+/BJqweCciP+HGW+6TO/B8qmI=
3,-2,9hnE9+epDiV+UvfrBpPd2kNODKk=,QwNrQAP2jorRDX3Eac0lD6M91/E=
6,-1,9hnE9+epDiV+UvfrBpPd2kNODKk=,Pb+/BJqweCciP+HGW+6TO/B8qmI=
0,-2,9hnE9+epDiV+UvfrBpPd2kNODKk=,QwNrQAP2jorRDX3Eac0lD6M91/E=
2,-1,9hnE9+epDiV+UvfrBpPd2kNODKk=,QwNrQAP2jorRDX3Eac0lD6M91/E=
2,-2,9hnE9+epDiV+UvfrBpPd2kNODKk=,QwNrQAP2jorRDX3Eac0lD6M91/E=
6,-22,wnhZbbWXK+3j72Z/pWLQ5VQZbCE=,IfoBbhDD8HEu5PjNLIohs2r4pGE=
9,-19,wnhZbbWXK+3j72Z/pWLQ5VQZbCE=,vvGw+ceipTX2lVaKM8i3Xu/6Y+Q=
6,-19,wnhZbbWXK+3j72Z/pWLQ5VQZbCE=,7WgPwhCqlG5upemwWpy6kvALbM8=
7,-20,wnhZbbWXK+3j72Z/pWLQ5VQZbCE=,7WgPwhCqlG5upemwWpy6kvALbM8=
6,-20,wnhZbbWXK+3j72Z/pWLQ5VQZbCE=,7WgPwhCqlG5upemwWpy6kvALbM8=
9,-20,wnhZbbWXK+3j72Z/pWLQ5VQZbCE=,vvGw+ceipTX2lVaKM8i3Xu/6Y+Q=
8,-20,wnhZbbWXK+3j72Z/pWLQ5VQZbCE=,vvGw+ceipTX2lVaKM8i3Xu/6Y+Q=
7,-21,wnhZbbWXK+3j72Z/pWLQ5VQZbCE=,IfoBbhDD8HEu5PjNLIohs2r4pGE=
6,-21,wnhZbbWXK+3j72Z/pWLQ5VQZbCE=,IfoBbhDD8HEu5PjNLIohs2r4pGE=
7,-22,wnhZbbWXK+3j72Z/pWLQ5VQZbCE=,IfoBbhDD8HEu5PjNLIohs2r4pGE=
7,-19,wnhZbbWXK+3j72Z/pWLQ5VQZbCE=,7WgPwhCqlG5upemwWpy6kvALbM8=
8,-19,wnhZbbWXK+3j72Z/pWLQ5VQZbCE=,vvGw+ceipTX2lVaKM8i3Xu/6Y+Q=
4,-22,wnhZbbWXK+3j72Z/pWLQ5VQZbCE=,IfoBbhDD8HEu5PjNLIohs2r4pGE=
5,-22,wnhZbbWXK+3j72Z/pWLQ5VQZbCE=,IfoBbhDD8HEu5PjNLIohs2r4pGE=
4,-21,wnhZbbWXK+3j72Z/pWLQ5VQZbCE=,IfoBbhDD8HEu5PjNLIohs2r4pGE=
4,-20,wnhZbbWXK+3j72Z/pWLQ5VQZbCE=,7WgPwhCqlG5upemwWpy6kvALbM8=
5,-21,wnhZbbWXK+3j72Z/pWLQ5VQZbCE=,IfoBbhDD8HEu5PjNLIohs2r4pGE=
3,-20,wnhZbbWXK+3j72Z/pWLQ5VQZbCE=,+G3fiknN0nnqynVInu77QiRg6m8=
2,-20,wnhZbbWXK+3j72Z/pWLQ5VQZbCE=,+G3fiknN0nnqynVInu77QiRg6m8=
5,-20,wnhZbbWXK+3j72Z/pWLQ5VQZbCE=,7WgPwhCqlG5upemwWpy6kvALbM8=
3,-19,wnhZbbWXK+3j72Z/pWLQ5VQZbCE=,+G3fiknN0nnqynVInu77QiRg6m8=
4,-19,wnhZbbWXK+3j72Z/pWLQ5VQZbCE=,7WgPwhCqlG5upemwWpy6kvALbM8=
2,-19,wnhZbbWXK+3j72Z/pWLQ5VQZbCE=,+G3fiknN0nnqynVInu77QiRg6m8=
5,-19,wnhZbbWXK+3j72Z/pWLQ5VQZbCE=,7WgPwhCqlG5upemwWpy6kvALbM8=
3,-22,wnhZbbWXK+3j72Z/pWLQ5VQZbCE=,f96VpAGS8ZFg3IjOzpqh8sPz+ds=
2,-22,wnhZbbWXK+3j72Z/pWLQ5VQZbCE=,f96VpAGS8ZFg3IjOzpqh8sPz+ds=
3,-21,wnhZbbWXK+3j72Z/pWLQ5VQZbCE=,f96VpAGS8ZFg3IjOzpqh8sPz+ds=
2,-21,wnhZbbWXK+3j72Z/pWLQ5VQZbCE=,f96VpAGS8ZFg3IjOzpqh8sPz+ds=
6,-18,wnhZbbWXK+3j72Z/pWLQ5VQZbCE=,7WgPwhCqlG5upemwWpy6kvALbM8=
9,-17,wnhZbbWXK+3j72Z/pWLQ5VQZbCE=,vvGw+ceipTX2lVaKM8i3Xu/6Y+Q=
6,-17,wnhZbbWXK+3j72Z/pWLQ5VQZbCE=,7WgPwhCqlG5upemwWpy6kvALbM8=
9,-18,wnhZbbWXK+3j72Z/pWLQ5VQZbCE=,vvGw+ceipTX2lVaKM8i3Xu/6Y+Q=
8,-17,wnhZbbWXK+3j72Z/pWLQ5VQZbCE=,vvGw+ceipTX2lVaKM8i3Xu/6Y+Q=
7,-18,wnhZbbWXK+3j72Z/pWLQ5VQZbCE=,7WgPwhCqlG5upemwWpy6kvALbM8=
7,-17,wnhZbbWXK+3j72Z/pWLQ5VQZbCE=,7WgPwhCqlG5upemwWpy6kvALbM8=
8,-18,wnhZbbWXK+3j72Z/pWLQ5VQZbCE=,vvGw+ceipTX2lVaKM8i3Xu/6Y+Q=
5,-18,wnhZbbWXK+3j72Z/pWLQ5VQZbCE=,7WgPwhCqlG5upemwWpy6kvALbM8=
5,-17,wnhZbbWXK+3j72Z/pWLQ5VQZbCE=,7WgPwhCqlG5upemwWpy6kvALbM8=
4,-18,wnhZbbWXK+3j72Z/pWLQ5VQZbCE=,7WgPwhCqlG5upemwWpy6kvALbM8=
2,-18,wnhZbbWXK+3j72Z/pWLQ5VQZbCE=,+G3fiknN0nnqynVInu77QiRg6m8=
3,-18,wnhZbbWXK+3j72Z/pWLQ5VQZbCE=,+G3fiknN0nnqynVInu77QiRg6m8=
3,-17,wnhZbbWXK+3j72Z/pWLQ5VQZbCE=,+G3fiknN0nnqynVInu77QiRg6m8=
4,-17,wnhZbbWXK+3j72Z/pWLQ5VQZbCE=,7WgPwhCqlG5upemwWpy6kvALbM8=
2,-17,wnhZbbWXK+3j72Z/pWLQ5VQZbCE=,+G3fiknN0nnqynVInu77QiRg6m8=
0,-22,wnhZbbWXK+3j72Z/pWLQ5VQZbCE=,f96VpAGS8ZFg3IjOzpqh8sPz+ds=
1,-22,wnhZbbWXK+3j72Z/pWLQ5VQZbCE=,f96VpAGS8ZFg3IjOzpqh8sPz+ds=
0,-19,wnhZbbWXK+3j72Z/pWLQ5VQZbCE=,+G3fiknN0nnqynVInu77QiRg6m8=
0,-21,wnhZbbWXK+3j72Z/pWLQ5VQZbCE=,f96VpAGS8ZFg3IjOzpqh8sPz+ds=
1,-20,wnhZbbWXK+3j72Z/pWLQ5VQZbCE=,+G3fiknN0nnqynVInu77QiRg6m8=
0,-20,wnhZbbWXK+3j72Z/pWLQ5VQZbCE=,+G3fiknN0nnqynVInu77QiRg6m8=
1,-21,wnhZbbWXK+3j72Z/pWLQ5VQZbCE=,f96VpAGS8ZFg3IjOzpqh8sPz+ds=
1,-19,wnhZbbWXK+3j72Z/pWLQ5VQZbCE=,+G3fiknN0nnqynVInu77QiRg6m8=
1,-24,wnhZbbWXK+3j72Z/pWLQ5VQZbCE=,f96VpAGS8ZFg3IjOzpqh8sPz+ds=
0,-24,wnhZbbWXK+3j72Z/pWLQ5VQZbCE=,f96VpAGS8ZFg3IjOzpqh8sPz+ds=
0,-23,wnhZbbWXK+3j72Z/pWLQ5VQZbCE=,f96VpAGS8ZFg3IjOzpqh8sPz+ds=
1,-23,wnhZbbWXK+3j72Z/pWLQ5VQZbCE=,f96VpAGS8ZFg3IjOzpqh8sPz+ds=
2,-24,wnhZbbWXK+3j72Z/pWLQ5VQZbCE=,f96VpAGS8ZFg3IjOzpqh8sPz+ds=
5,-23,wnhZbbWXK+3j72Z/pWLQ5VQZbCE=,IfoBbhDD8HEu5PjNLIohs2r4pGE=
3,-23,wnhZbbWXK+3j72Z/pWLQ5VQZbCE=,f96VpAGS8ZFg3IjOzpqh8sPz+ds=
4,-24,wnhZbbWXK+3j72Z/pWLQ5VQZbCE=,IfoBbhDD8HEu5PjNLIohs2r4pGE=
3,-24,wnhZbbWXK+3j72Z/pWLQ5VQZbCE=,f96VpAGS8ZFg3IjOzpqh8sPz+ds=
2,-23,wnhZbbWXK+3j72Z/pWLQ5VQZbCE=,f96VpAGS8ZFg3IjOzpqh8sPz+ds=
4,-23,wnhZbbWXK+3j72Z/pWLQ5VQZbCE=,IfoBbhDD8HEu5PjNLIohs2r4pGE=
5,-24,wnhZbbWXK+3j72Z/pWLQ5VQZbCE=,IfoBbhDD8HEu5PjNLIohs2r4pGE=
7,-23,wnhZbbWXK+3j72Z/pWLQ5VQZbCE=,IfoBbhDD8HEu5PjNLIohs2r4pGE=
6,-23,wnhZbbWXK+3j72Z/pWLQ5VQZbCE=,IfoBbhDD8HEu5PjNLIohs2r4pGE=
6,-24,wnhZbbWXK+3j72Z/pWLQ5VQZbCE=,IfoBbhDD8HEu5PjNLIohs2r4pGE=
7,-24,wnhZbbWXK+3j72Z/pWLQ5VQZbCE=,IfoBbhDD8HEu5PjNLIohs2r4pGE=
10,-18,wnhZbbWXK+3j72Z/pWLQ5VQZbCE=,vvGw+ceipTX2lVaKM8i3Xu/6Y+Q=
10,-17,wnhZbbWXK+3j72Z/pWLQ5VQZbCE=,vvGw+ceipTX2lVaKM8i3Xu/6Y+Q=
11,-18,wnhZbbWXK+3j72Z/pWLQ5VQZbCE=,vvGw+ceipTX2lVaKM8i3Xu/6Y+Q=
11,-17,wnhZbbWXK+3j72Z/pWLQ5VQZbCE=,vvGw+ceipTX2lVaKM8i3Xu/6Y+Q=
11,-20,wnhZbbWXK+3j72Z/pWLQ5VQZbCE=,vvGw+ceipTX2lVaKM8i3Xu/6Y+Q=
10,-20,wnhZbbWXK+3j72Z/pWLQ5VQZbCE=,vvGw+ceipTX2lVaKM8i3Xu/6Y+Q=
10,-19,wnhZbbWXK+3j72Z/pWLQ5VQZbCE=,vvGw+ceipTX2lVaKM8i3Xu/6Y+Q=
11,-19,wnhZbbWXK+3j72Z/pWLQ5VQZbCE=,vvGw+ceipTX2lVaKM8i3Xu/6Y+Q=
0,-18,wnhZbbWXK+3j72Z/pWLQ5VQZbCE=,+G3fiknN0nnqynVInu77QiRg6m8=
1,-18,wnhZbbWXK+3j72Z/pWLQ5VQZbCE=,+G3fiknN0nnqynVInu77QiRg6m8=
1,-17,wnhZbbWXK+3j72Z/pWLQ5VQZbCE=,+G3fiknN0nnqynVInu77QiRg6m8=
0,-17,wnhZbbWXK+3j72Z/pWLQ5VQZbCE=,+G3fiknN0nnqynVInu77QiRg6m8=
18,-6,jw468FvSFAsq06Qj358yL7tz0GY=,+XZ9DsXehxw1yLA6vITFJv9D+cw=
19,-5,jw468FvSFAsq06Qj358yL7tz0GY=,+XZ9DsXehxw1yLA6vITFJv9D+cw=
18,-5,jw468FvSFAsq06Qj358yL7tz0GY=,+XZ9DsXehxw1yLA6vITFJv9D+cw=
19,-6,jw468FvSFAsq06Qj358yL7tz0GY=,+XZ9DsXehxw1yLA6vITFJv9D+cw=
18,-16,jw468FvSFAsq06Qj358yL7tz0GY=,FSqhhEy77HQqpMeyNtZ2jZZK0e4=
19,-15,jw468FvSFAsq06Qj358yL7tz0GY=,FSqhhEy77HQqpMeyNtZ2jZZK0e4=
19,-16,jw468FvSFAsq06Qj358yL7tz0GY=,FSqhhEy77HQqpMeyNtZ2jZZK0e4=
18,-15,jw468FvSFAsq06Qj358yL7tz0GY=,FSqhhEy77HQqpMeyNtZ2jZZK0e4=
16,-6,jw468FvSFAsq06Qj358yL7tz0GY=,+XZ9DsXehxw1yLA6vITFJv9D+cw=
17,-5,jw468FvSFAsq06Qj358yL7tz0GY=,+XZ9DsXehxw1yLA6vITFJv9D+cw=
16,-5,jw468FvSFAsq06Qj358yL7tz0GY=,+XZ9DsXehxw1yLA6vITFJv9D+cw=
17,-6,jw468FvSFAsq06Qj358yL7tz0GY=,+XZ9DsXehxw1yLA6vITFJv9D+cw=
16,-16,jw468FvSFAsq06Qj358yL7tz0GY=,FSqhhEy77HQqpMeyNtZ2jZZK0e4=
17,-16,jw468FvSFAsq06Qj358yL7tz0GY=,FSqhhEy77HQqpMeyNtZ2jZZK0e4=
16,-15,jw468FvSFAsq06Qj358yL7tz0GY=,FSqhhEy77HQqpMeyNtZ2jZZK0e4=
17,-15,jw468FvSFAsq06Qj358yL7tz0GY=,FSqhhEy77HQqpMeyNtZ2jZZK0e4=
19,-11,jw468FvSFAsq06Qj358yL7tz0GY=,Y4cV+vjhvkqIMwoMCHxTyVYyyXc=
19,-8,jw468FvSFAsq06Qj358yL7tz0GY=,+XZ9DsXehxw1yLA6vITFJv9D+cw=
16,-7,jw468FvSFAsq06Qj358yL7tz0GY=,+XZ9DsXehxw1yLA6vITFJv9D+cw=
18,-11,jw468FvSFAsq06Qj358yL7tz0GY=,Y4cV+vjhvkqIMwoMCHxTyVYyyXc=
19,-12,jw468FvSFAsq06Qj358yL7tz0GY=,Y4cV+vjhvkqIMwoMCHxTyVYyyXc=
17,-7,jw468FvSFAsq06Qj358yL7tz0GY=,+XZ9DsXehxw1yLA6vITFJv9D+cw=
18,-12,jw468FvSFAsq06Qj358yL7tz0GY=,Y4cV+vjhvkqIMwoMCHxTyVYyyXc=
17,-12,jw468FvSFAsq06Qj358yL7tz0GY=,Y4cV+vjhvkqIMwoMCHxTyVYyyXc=
19,-9,jw468FvSFAsq06Qj358yL7tz0GY=,Y4cV+vjhvkqIMwoMCHxTyVYyyXc=
18,-14,jw468FvSFAsq06Qj358yL7tz0GY=,FSqhhEy77HQqpMeyNtZ2jZZK0e4=
19,-14,jw468FvSFAsq06Qj358yL7tz0GY=,FSqhhEy77HQqpMeyNtZ2jZZK0e4=
19,-13,jw468FvSFAsq06Qj358yL7tz0GY=,FSqhhEy77HQqpMeyNtZ2jZZK0e4=
18,-13,jw468FvSFAsq06Qj358yL7tz0GY=,FSqhhEy77HQqpMeyNtZ2jZZK0e4=
17,-14,jw468FvSFAsq06Qj358yL7tz0GY=,FSqhhEy77HQqpMeyNtZ2jZZK0e4=
16,-12,jw468FvSFAsq06Qj358yL7tz0GY=,Y4cV+vjhvkqIMwoMCHxTyVYyyXc=
19,-7,jw468FvSFAsq06Qj358yL7tz0GY=,+XZ9DsXehxw1yLA6vITFJv9D+cw=
16,-14,jw468FvSFAsq06Qj358yL7tz0GY=,FSqhhEy77HQqpMeyNtZ2jZZK0e4=
18,-7,jw468FvSFAsq06Qj358yL7tz0GY=,+XZ9DsXehxw1yLA6vITFJv9D+cw=
17,-11,jw468FvSFAsq06Qj358yL7tz0GY=,Y4cV+vjhvkqIMwoMCHxTyVYyyXc=
19,-10,jw468FvSFAsq06Qj358yL7tz0GY=,Y4cV+vjhvkqIMwoMCHxTyVYyyXc=
16,-13,jw468FvSFAsq06Qj358yL7tz0GY=,FSqhhEy77HQqpMeyNtZ2jZZK0e4=
17,-13,jw468FvSFAsq06Qj358yL7tz0GY=,FSqhhEy77HQqpMeyNtZ2jZZK0e4=
18,-10,jw468FvSFAsq06Qj358yL7tz0GY=,Y4cV+vjhvkqIMwoMCHxTyVYyyXc=
18,-8,jw468FvSFAsq06Qj358yL7tz0GY=,+XZ9DsXehxw1yLA6vITFJv9D+cw=
18,-9,jw468FvSFAsq06Qj358yL7tz0GY=,Y4cV+vjhvkqIMwoMCHxTyVYyyXc=
16,-8,jw468FvSFAsq06Qj358yL7tz0GY=,+XZ9DsXehxw1yLA6vITFJv9D+cw=
16,-11,jw468FvSFAsq06Qj358yL7tz0GY=,Y4cV+vjhvkqIMwoMCHxTyVYyyXc=
17,-8,jw468FvSFAsq06Qj358yL7tz0GY=,+XZ9DsXehxw1yLA6vITFJv9D+cw=
17,-10,jw468FvSFAsq06Qj358yL7tz0GY=,Y4cV+vjhvkqIMwoMCHxTyVYyyXc=
17,-9,jw468FvSFAsq06Qj358yL7tz0GY=,Y4cV+vjhvkqIMwoMCHxTyVYyyXc=
16,-10,jw468FvSFAsq06Qj358yL7tz0GY=,Y4cV+vjhvkqIMwoMCHxTyVYyyXc=
16,-9,jw468FvSFAsq06Qj358yL7tz0GY=,Y4cV+vjhvkqIMwoMCHxTyVYyyXc=
