2,6,wnhZbbWXK+3j72Z/pWLQ5VQZbCE=,/HWlyCnWPIYA7ZVeLE1AZrucHaY=
3,7,wnhZbbWXK+3j72Z/pWLQ5VQZbCE=,/HWlyCnWPIYA7ZVeLE1AZrucHaY=
2,7,wnhZbbWXK+3j72Z/pWLQ5VQZbCE=,/HWlyCnWPIYA7ZVeLE1AZrucHaY=
5,7,wnhZbbWXK+3j72Z/pWLQ5VQZbCE=,mrksRgdgyKFdA97gfAiRSi/Fkdw=
4,7,wnhZbbWXK+3j72Z/pWLQ5VQZbCE=,mrksRgdgyKFdA97gfAiRSi/Fkdw=
4,6,wnhZbbWXK+3j72Z/pWLQ5VQZbCE=,mrksRgdgyKFdA97gfAiRSi/Fkdw=
3,6,wnhZbbWXK+3j72Z/pWLQ5VQZbCE=,/HWlyCnWPIYA7ZVeLE1AZrucHaY=
5,6,wnhZbbWXK+3j72Z/pWLQ5VQZbCE=,mrksRgdgyKFdA97gfAiRSi/Fkdw=
0,6,wnhZbbWXK+3j72Z/pWLQ5VQZbCE=,/HWlyCnWPIYA7ZVeLE1AZrucHaY=
1,7,wnhZbbWXK+3j72Z/pWLQ5VQZbCE=,/HWlyCnWPIYA7ZVeLE1AZrucHaY=
1,6,wnhZbbWXK+3j72Z/pWLQ5VQZbCE=,/HWlyCnWPIYA7ZVeLE1AZrucHaY=
0,7,wnhZbbWXK+3j72Z/pWLQ5VQZbCE=,/HWlyCnWPIYA7ZVeLE1AZrucHaY=
7,3,wnhZbbWXK+3j72Z/pWLQ5VQZbCE=,bvQPzNdGxLzAotncPR3RiEpV4ns=
7,5,wnhZbbWXK+3j72Z/pWLQ5VQZbCE=,mrksRgdgyKFdA97gfAiRSi/Fkdw=
6,4,wnhZbbWXK+3j72Z/pWLQ5VQZbCE=,mrksRgdgyKFdA97gfAiRSi/Fkdw=
7,4,wnhZbbWXK+3j72Z/pWLQ5VQZbCE=,mrksRgdgyKFdA97gfAiRSi/Fkdw=
6,3,wnhZbbWXK+3j72Z/pWLQ5VQZbCE=,bvQPzNdGxLzAotncPR3RiEpV4ns=
7,1,wnhZbbWXK+3j72Z/pWLQ5VQZbCE=,bvQPzNdGxLzAotncPR3RiEpV4ns=
7,2,wnhZbbWXK+3j72Z/pWLQ5VQZbCE=,bvQPzNdGxLzAotncPR3RiEpV4ns=
6,5,wnhZbbWXK+3j72Z/pWLQ5VQZbCE=,mrksRgdgyKFdA97gfAiRSi/Fkdw=
6,0,wnhZbbWXK+3j72Z/pWLQ5VQZbCE=,bvQPzNdGxLzAotncPR3RiEpV4ns=
7,0,wnhZbbWXK+3j72Z/pWLQ5VQZbCE=,bvQPzNdGxLzAotncPR3RiEpV4ns=
6,1,wnhZbbWXK+3j72Z/pWLQ5VQZbCE=,bvQPzNdGxLzAotncPR3RiEpV4ns=
6,2,wnhZbbWXK+3j72Z/pWLQ5VQZbCE=,bvQPzNdGxLzAotncPR3RiEpV4ns=
7,7,wnhZbbWXK+3j72Z/pWLQ5VQZbCE=,mrksRgdgyKFdA97gfAiRSi/Fkdw=
6,7,wnhZbbWXK+3j72Z/pWLQ5VQZbCE=,mrksRgdgyKFdA97gfAiRSi/Fkdw=
7,6,wnhZbbWXK+3j72Z/pWLQ5VQZbCE=,mrksRgdgyKFdA97gfAiRSi/Fkdw=
6,6,wnhZbbWXK+3j72Z/pWLQ5VQZbCE=,mrksRgdgyKFdA97gfAiRSi/Fkdw=
0,2,wnhZbbWXK+3j72Z/pWLQ5VQZbCE=,GDf72ftej5Y2gCR1OQTUX10TTko=
3,4,wnhZbbWXK+3j72Z/pWLQ5VQZbCE=,/HWlyCnWPIYA7ZVeLE1AZrucHaY=
4,5,wnhZbbWXK+3j72Z/pWLQ5VQZbCE=,mrksRgdgyKFdA97gfAiRSi/Fkdw=
1,4,wnhZbbWXK+3j72Z/pWLQ5VQZbCE=,/HWlyCnWPIYA7ZVeLE1AZrucHaY=
0,4,wnhZbbWXK+3j72Z/pWLQ5VQZbCE=,/HWlyCnWPIYA7ZVeLE1AZrucHaY=
5,2,wnhZbbWXK+3j72Z/pWLQ5VQZbCE=,bvQPzNdGxLzAotncPR3RiEpV4ns=
3,5,wnhZbbWXK+3j72Z/pWLQ5VQZbCE=,/HWlyCnWPIYA7ZVeLE1AZrucHaY=
2,5,wnhZbbWXK+3j72Z/pWLQ5VQZbCE=,/HWlyCnWPIYA7ZVeLE1AZrucHaY=
1,5,wnhZbbWXK+3j72Z/pWLQ5VQZbCE=,/HWlyCnWPIYA7ZVeLE1AZrucHaY=
0,5,wnhZbbWXK+3j72Z/pWLQ5VQZbCE=,/HWlyCnWPIYA7ZVeLE1AZrucHaY=
2,4,wnhZbbWXK+3j72Z/pWLQ5VQZbCE=,/HWlyCnWPIYA7ZVeLE1AZrucHaY=
1,2,wnhZbbWXK+3j72Z/pWLQ5VQZbCE=,GDf72ftej5Y2gCR1OQTUX10TTko=
3,3,wnhZbbWXK+3j72Z/pWLQ5VQZbCE=,GDf72ftej5Y2gCR1OQTUX10TTko=
5,3,wnhZbbWXK+3j72Z/pWLQ5VQZbCE=,bvQPzNdGxLzAotncPR3RiEpV4ns=
4,4,wnhZbbWXK+3j72Z/pWLQ5VQZbCE=,mrksRgdgyKFdA97gfAiRSi/Fkdw=
4,2,wnhZbbWXK+3j72Z/pWLQ5VQZbCE=,bvQPzNdGxLzAotncPR3RiEpV4ns=
5,0,wnhZbbWXK+3j72Z/pWLQ5VQZbCE=,bvQPzNdGxLzAotncPR3RiEpV4ns=
5,5,wnhZbbWXK+3j72Z/pWLQ5VQZbCE=,mrksRgdgyKFdA97gfAiRSi/Fkdw=
4,1,wnhZbbWXK+3j72Z/pWLQ5VQZbCE=,bvQPzNdGxLzAotncPR3RiEpV4ns=
0,1,wnhZbbWXK+3j72Z/pWLQ5VQZbCE=,GDf72ftej5Y2gCR1OQTUX10TTko=
5,1,wnhZbbWXK+3j72Z/pWLQ5VQZbCE=,bvQPzNdGxLzAotncPR3RiEpV4ns=
4,3,wnhZbbWXK+3j72Z/pWLQ5VQZbCE=,bvQPzNdGxLzAotncPR3RiEpV4ns=
2,3,wnhZbbWXK+3j72Z/pWLQ5VQZbCE=,GDf72ftej5Y2gCR1OQTUX10TTko=
4,0,wnhZbbWXK+3j72Z/pWLQ5VQZbCE=,bvQPzNdGxLzAotncPR3RiEpV4ns=
5,4,wnhZbbWXK+3j72Z/pWLQ5VQZbCE=,mrksRgdgyKFdA97gfAiRSi/Fkdw=
0,3,wnhZbbWXK+3j72Z/pWLQ5VQZbCE=,GDf72ftej5Y2gCR1OQTUX10TTko=
3,0,wnhZbbWXK+3j72Z/pWLQ5VQZbCE=,GDf72ftej5Y2gCR1OQTUX10TTko=
0,0,wnhZbbWXK+3j72Z/pWLQ5VQZbCE=,GDf72ftej5Y2gCR1OQTUX10TTko=
3,2,wnhZbbWXK+3j72Z/pWLQ5VQZbCE=,GDf72ftej5Y2gCR1OQTUX10TTko=
1,3,wnhZbbWXK+3j72Z/pWLQ5VQZbCE=,GDf72ftej5Y2gCR1OQTUX10TTko=
2,1,wnhZbbWXK+3j72Z/pWLQ5VQZbCE=,GDf72ftej5Y2gCR1OQTUX10TTko=
1,1,wnhZbbWXK+3j72Z/pWLQ5VQZbCE=,GDf72ftej5Y2gCR1OQTUX10TTko=
2,2,wnhZbbWXK+3j72Z/pWLQ5VQZbCE=,GDf72ftej5Y2gCR1OQTUX10TTko=
1,0,wnhZbbWXK+3j72Z/pWLQ5VQZbCE=,GDf72ftej5Y2gCR1OQTUX10TTko=
3,1,wnhZbbWXK+3j72Z/pWLQ5VQZbCE=,GDf72ftej5Y2gCR1OQTUX10TTko=
2,0,wnhZbbWXK+3j72Z/pWLQ5VQZbCE=,GDf72ftej5Y2gCR1OQTUX10TTko=
