-5,-2,1P4Z8e25zLmkuTgherZj9o2xij0=,GtF+fsLhODPd80vXLZNY3PGtcyA=
-5,-5,1P4Z8e25zLmkuTgherZj9o2xij0=,bIGjDeolaoUs6XLaAzfuVZqZie8=
-4,-4,1P4Z8e25zLmkuTgherZj9o2xij0=,m2YggXGQaq/mwAoHGo8kBCD+eDE=
-4,-3,1P4Z8e25zLmkuTgherZj9o2xij0=,m2YggXGQaq/mwAoHGo8kBCD+eDE=
-4,-2,1P4Z8e25zLmkuTgherZj9o2xij0=,/lUCIwttW25jP6HptE796SgvAJo=
-4,-5,1P4Z8e25zLmkuTgherZj9o2xij0=,yQTdfoGb1E6lQIP67ScLICEeCMQ=
-3,-7,1P4Z8e25zLmkuTgherZj9o2xij0=,Po5s7bU8SUgSBjhVnoX6C7D9CWk=
-2,-7,1P4Z8e25zLmkuTgherZj9o2xij0=,qTVe54pbHxuvNFKT2PoQv/P+oy8=
-3,-6,1P4Z8e25zLmkuTgherZj9o2xij0=,yQTdfoGb1E6lQIP67ScLICEeCMQ=
-2,-6,1P4Z8e25zLmkuTgherZj9o2xij0=,6E+caatsRCl4HqUbR7IiSMrTsM8=
-3,-2,1P4Z8e25zLmkuTgherZj9o2xij0=,/lUCIwttW25jP6HptE796SgvAJo=
-3,-3,1P4Z8e25zLmkuTgherZj9o2xij0=,m2YggXGQaq/mwAoHGo8kBCD+eDE=
-2,-3,1P4Z8e25zLmkuTgherZj9o2xij0=,QOwiIy9tos9V4iRzVRAqHktXWjI=
-2,-4,1P4Z8e25zLmkuTgherZj9o2xij0=,QOwiIy9tos9V4iRzVRAqHktXWjI=
-3,-4,1P4Z8e25zLmkuTgherZj9o2xij0=,m2YggXGQaq/mwAoHGo8kBCD+eDE=
-2,-2,1P4Z8e25zLmkuTgherZj9o2xij0=,+layMq6gEyoqeT6a5Alt1IGpdn4=
-2,-5,1P4Z8e25zLmkuTgherZj9o2xij0=,6E+caatsRCl4HqUbR7IiSMrTsM8=
-3,-5,1P4Z8e25zLmkuTgherZj9o2xij0=,yQTdfoGb1E6lQIP67ScLICEeCMQ=
-3,-8,1P4Z8e25zLmkuTgherZj9o2xij0=,Po5s7bU8SUgSBjhVnoX6C7D9CWk=
-2,-9,1P4Z8e25zLmkuTgherZj9o2xij0=,4YOklB/arCuKR7YBIlBgct8pAZc=
-2,-8,1P4Z8e25zLmkuTgherZj9o2xij0=,qTVe54pbHxuvNFKT2PoQv/P+oy8=
-1,-9,h23EvKtPeXLUxSHoR6bEpny+UyE=,4YOklB/arCuKR7YBIlBgct8pAZc=
-1,-8,h23EvKtPeXLUxSHoR6bEpny+UyE=,qTVe54pbHxuvNFKT2PoQv/P+oy8=
-1,-7,h23EvKtPeXLUxSHoR6bEpny+UyE=,qTVe54pbHxuvNFKT2PoQv/P+oy8=
-1,-4,h23EvKtPeXLUxSHoR6bEpny+UyE=,QOwiIy9tos9V4iRzVRAqHktXWjI=
-3,-1,h23EvKtPeXLUxSHoR6bEpny+UyE=,/lUCIwttW25jP6HptE796SgvAJo=
-2,-1,h23EvKtPeXLUxSHoR6bEpny+UyE=,+layMq6gEyoqeT6a5Alt1IGpdn4=
-5,-1,h23EvKtPeXLUxSHoR6bEpny+UyE=,GtF+fsLhODPd80vXLZNY3PGtcyA=
-1,-2,h23EvKtPeXLUxSHoR6bEpny+UyE=,+layMq6gEyoqeT6a5Alt1IGpdn4=
-4,-1,h23EvKtPeXLUxSHoR6bEpny+UyE=,/lUCIwttW25jP6HptE796SgvAJo=
-7,-2,h23EvKtPeXLUxSHoR6bEpny+UyE=,zcqbNYZui5mDIXK6vTU15ta8GXY=
-6,-2,h23EvKtPeXLUxSHoR6bEpny+UyE=,GtF+fsLhODPd80vXLZNY3PGtcyA=
-6,-5,h23EvKtPeXLUxSHoR6bEpny+UyE=,bIGjDeolaoUs6XLaAzfuVZqZie8=
-6,-6,h23EvKtPeXLUxSHoR6bEpny+UyE=,bIGjDeolaoUs6XLaAzfuVZqZie8=
-5,-6,h23EvKtPeXLUxSHoR6bEpny+UyE=,bIGjDeolaoUs6XLaAzfuVZqZie8=
-4,-7,h23EvKtPeXLUxSHoR6bEpny+UyE=,Po5s7bU8SUgSBjhVnoX6C7D9CWk=
-1,-3,h23EvKtPeXLUxSHoR6bEpny+UyE=,QOwiIy9tos9V4iRzVRAqHktXWjI=
-4,-8,h23EvKtPeXLUxSHoR6bEpny+UyE=,Po5s7bU8SUgSBjhVnoX6C7D9CWk=
-7,-1,h23EvKtPeXLUxSHoR6bEpny+UyE=,zcqbNYZui5mDIXK6vTU15ta8GXY=
-6,-1,h23EvKtPeXLUxSHoR6bEpny+UyE=,GtF+fsLhODPd80vXLZNY3PGtcyA=
-8,-1,h23EvKtPeXLUxSHoR6bEpny+UyE=,zcqbNYZui5mDIXK6vTU15ta8GXY=
-1,-10,h23EvKtPeXLUxSHoR6bEpny+UyE=,4YOklB/arCuKR7YBIlBgct8pAZc=
-2,-10,h23EvKtPeXLUxSHoR6bEpny+UyE=,4YOklB/arCuKR7YBIlBgct8pAZc=
-8,-2,h23EvKtPeXLUxSHoR6bEpny+UyE=,zcqbNYZui5mDIXK6vTU15ta8GXY=
-4,-6,h23EvKtPeXLUxSHoR6bEpny+UyE=,yQTdfoGb1E6lQIP67ScLICEeCMQ=
-1,-1,h23EvKtPeXLUxSHoR6bEpny+UyE=,+layMq6gEyoqeT6a5Alt1IGpdn4=
-1,-5,h23EvKtPeXLUxSHoR6bEpny+UyE=,6E+caatsRCl4HqUbR7IiSMrTsM8=
-1,-6,h23EvKtPeXLUxSHoR6bEpny+UyE=,6E+caatsRCl4HqUbR7IiSMrTsM8=
