-4,2,h23EvKtPeXLUxSHoR6bEpny+UyE=,knbQe4qhwN4xKB2ki0nznID5Ids=
-5,1,h23EvKtPeXLUxSHoR6bEpny+UyE=,XKNfWJxJOtiNA0aAdHkzrAicpMA=
-2,2,h23EvKtPeXLUxSHoR6bEpny+UyE=,dhYp+DTmJAnP8Mk37OO1bLKt5ho=
-1,2,h23EvKtPeXLUxSHoR6bEpny+UyE=,dhYp+DTmJAnP8Mk37OO1bLKt5ho=
-4,1,h23EvKtPeXLUxSHoR6bEpny+UyE=,z73JxpKJH35mU7jdStgICFZQmSQ=
-3,2,h23EvKtPeXLUxSHoR6bEpny+UyE=,knbQe4qhwN4xKB2ki0nznID5Ids=
-1,1,h23EvKtPeXLUxSHoR6bEpny+UyE=,l9V+vOeTDb173oqoGmEv1ZJlOQM=
-2,1,h23EvKtPeXLUxSHoR6bEpny+UyE=,l9V+vOeTDb173oqoGmEv1ZJlOQM=
-3,1,h23EvKtPeXLUxSHoR6bEpny+UyE=,z73JxpKJH35mU7jdStgICFZQmSQ=
-2,3,h23EvKtPeXLUxSHoR6bEpny+UyE=,dhYp+DTmJAnP8Mk37OO1bLKt5ho=
-2,0,h23EvKtPeXLUxSHoR6bEpny+UyE=,l9V+vOeTDb173oqoGmEv1ZJlOQM=
-3,3,h23EvKtPeXLUxSHoR6bEpny+UyE=,knbQe4qhwN4xKB2ki0nznID5Ids=
-1,3,h23EvKtPeXLUxSHoR6bEpny+UyE=,dhYp+DTmJAnP8Mk37OO1bLKt5ho=
-4,3,h23EvKtPeXLUxSHoR6bEpny+UyE=,knbQe4qhwN4xKB2ki0nznID5Ids=
-6,1,h23EvKtPeXLUxSHoR6bEpny+UyE=,XKNfWJxJOtiNA0aAdHkzrAicpMA=
-6,0,h23EvKtPeXLUxSHoR6bEpny+UyE=,XKNfWJxJOtiNA0aAdHkzrAicpMA=
-3,0,h23EvKtPeXLUxSHoR6bEpny+UyE=,z73JxpKJH35mU7jdStgICFZQmSQ=
-5,0,h23EvKtPeXLUxSHoR6bEpny+UyE=,XKNfWJxJOtiNA0aAdHkzrAicpMA=
-1,0,h23EvKtPeXLUxSHoR6bEpny+UyE=,l9V+vOeTDb173oqoGmEv1ZJlOQM=
-4,0,h23EvKtPeXLUxSHoR6bEpny+UyE=,z73JxpKJH35mU7jdStgICFZQmSQ=
