1,-7,736/vskggTigcXy4qZ9Y/IvTDaU=,0Q0qlQKrptWEeOUbsZhtr7/PwD4=
2,-7,736/vskggTigcXy4qZ9Y/IvTDaU=,CGse535vTwGExIY8rfV6USNU13Y=
2,-6,736/vskggTigcXy4qZ9Y/IvTDaU=,bC8s3UV7eqw4sNkKylUTMQdjtp8=
2,-2,736/vskggTigcXy4qZ9Y/IvTDaU=,Pb+/BJqweCciP+HGW+6TO/B8qmI=
1,-2,736/vskggTigcXy4qZ9Y/IvTDaU=,QwNrQAP2jorRDX3Eac0lD6M91/E=
2,-3,736/vskggTigcXy4qZ9Y/IvTDaU=,vmKtrt/Ulh9crV/b84MvJq+8xw8=
1,-3,736/vskggTigcXy4qZ9Y/IvTDaU=,tM4HnkW4Spmjd+YC+LiMp0LaxSE=
1,-6,736/vskggTigcXy4qZ9Y/IvTDaU=,a7K4Yi8NCAnFyF8zeP6cKZ1hmJ8=
2,-4,736/vskggTigcXy4qZ9Y/IvTDaU=,vmKtrt/Ulh9crV/b84MvJq+8xw8=
1,-4,736/vskggTigcXy4qZ9Y/IvTDaU=,tM4HnkW4Spmjd+YC+LiMp0LaxSE=
2,-5,736/vskggTigcXy4qZ9Y/IvTDaU=,bC8s3UV7eqw4sNkKylUTMQdjtp8=
1,-5,736/vskggTigcXy4qZ9Y/IvTDaU=,a7K4Yi8NCAnFyF8zeP6cKZ1hmJ8=
7,-3,mBhmZZnR7WS1Lr9GpZCOiRPVKN8=,kXmHh1ifMWqr8FDeke2uafA03TQ=
7,-2,mBhmZZnR7WS1Lr9GpZCOiRPVKN8=,YVpeLcDWKZGY3Us5sbxoh+HC6Mo=
8,-3,mBhmZZnR7WS1Lr9GpZCOiRPVKN8=,+XZ9DsXehxw1yLA6vITFJv9D+cw=
6,-3,mBhmZZnR7WS1Lr9GpZCOiRPVKN8=,kXmHh1ifMWqr8FDeke2uafA03TQ=
4,-1,mBhmZZnR7WS1Lr9GpZCOiRPVKN8=,/rPdSszj9UykETlaHU5AAryt3E4=
3,-3,mBhmZZnR7WS1Lr9GpZCOiRPVKN8=,vmKtrt/Ulh9crV/b84MvJq+8xw8=
4,-2,mBhmZZnR7WS1Lr9GpZCOiRPVKN8=,/rPdSszj9UykETlaHU5AAryt3E4=
3,-2,mBhmZZnR7WS1Lr9GpZCOiRPVKN8=,Pb+/BJqweCciP+HGW+6TO/B8qmI=
3,-1,mBhmZZnR7WS1Lr9GpZCOiRPVKN8=,Pb+/BJqweCciP+HGW+6TO/B8qmI=
8,-7,mBhmZZnR7WS1Lr9GpZCOiRPVKN8=,FSqhhEy77HQqpMeyNtZ2jZZK0e4=
6,-2,mBhmZZnR7WS1Lr9GpZCOiRPVKN8=,YVpeLcDWKZGY3Us5sbxoh+HC6Mo=
8,-6,mBhmZZnR7WS1Lr9GpZCOiRPVKN8=,Y4cV+vjhvkqIMwoMCHxTyVYyyXc=
5,-2,mBhmZZnR7WS1Lr9GpZCOiRPVKN8=,/rPdSszj9UykETlaHU5AAryt3E4=
4,-3,mBhmZZnR7WS1Lr9GpZCOiRPVKN8=,CPY2HZOAuVrtS8xGH0fB0RG6N2I=
7,-7,mBhmZZnR7WS1Lr9GpZCOiRPVKN8=,FWgmHXV+FiqUz8Js6bIbMavKMNo=
7,-4,mBhmZZnR7WS1Lr9GpZCOiRPVKN8=,kXmHh1ifMWqr8FDeke2uafA03TQ=
5,-3,mBhmZZnR7WS1Lr9GpZCOiRPVKN8=,CPY2HZOAuVrtS8xGH0fB0RG6N2I=
5,-1,mBhmZZnR7WS1Lr9GpZCOiRPVKN8=,/rPdSszj9UykETlaHU5AAryt3E4=
6,-1,mBhmZZnR7WS1Lr9GpZCOiRPVKN8=,YVpeLcDWKZGY3Us5sbxoh+HC6Mo=
8,-4,mBhmZZnR7WS1Lr9GpZCOiRPVKN8=,+XZ9DsXehxw1yLA6vITFJv9D+cw=
7,-6,mBhmZZnR7WS1Lr9GpZCOiRPVKN8=,0ArDyntixZMc4UDse1e/cGGx954=
7,-5,mBhmZZnR7WS1Lr9GpZCOiRPVKN8=,0ArDyntixZMc4UDse1e/cGGx954=
2,-1,mBhmZZnR7WS1Lr9GpZCOiRPVKN8=,Pb+/BJqweCciP+HGW+6TO/B8qmI=
8,-5,mBhmZZnR7WS1Lr9GpZCOiRPVKN8=,Y4cV+vjhvkqIMwoMCHxTyVYyyXc=
6,-7,mBhmZZnR7WS1Lr9GpZCOiRPVKN8=,FWgmHXV+FiqUz8Js6bIbMavKMNo=
5,-7,mBhmZZnR7WS1Lr9GpZCOiRPVKN8=,Z6qDXF/buMTqFRPhf96hv/g81RI=
1,-1,mBhmZZnR7WS1Lr9GpZCOiRPVKN8=,QwNrQAP2jorRDX3Eac0lD6M91/E=
4,-7,mBhmZZnR7WS1Lr9GpZCOiRPVKN8=,Z6qDXF/buMTqFRPhf96hv/g81RI=
6,-4,mBhmZZnR7WS1Lr9GpZCOiRPVKN8=,kXmHh1ifMWqr8FDeke2uafA03TQ=
6,-5,mBhmZZnR7WS1Lr9GpZCOiRPVKN8=,0ArDyntixZMc4UDse1e/cGGx954=
5,-4,mBhmZZnR7WS1Lr9GpZCOiRPVKN8=,CPY2HZOAuVrtS8xGH0fB0RG6N2I=
6,-6,mBhmZZnR7WS1Lr9GpZCOiRPVKN8=,0ArDyntixZMc4UDse1e/cGGx954=
5,-5,mBhmZZnR7WS1Lr9GpZCOiRPVKN8=,jXYADwihZfcnz70DCqgOsWfY07c=
5,-6,mBhmZZnR7WS1Lr9GpZCOiRPVKN8=,jXYADwihZfcnz70DCqgOsWfY07c=
4,-4,mBhmZZnR7WS1Lr9GpZCOiRPVKN8=,CPY2HZOAuVrtS8xGH0fB0RG6N2I=
3,-4,mBhmZZnR7WS1Lr9GpZCOiRPVKN8=,vmKtrt/Ulh9crV/b84MvJq+8xw8=
4,-5,mBhmZZnR7WS1Lr9GpZCOiRPVKN8=,jXYADwihZfcnz70DCqgOsWfY07c=
4,-6,mBhmZZnR7WS1Lr9GpZCOiRPVKN8=,jXYADwihZfcnz70DCqgOsWfY07c=
3,-6,mBhmZZnR7WS1Lr9GpZCOiRPVKN8=,bC8s3UV7eqw4sNkKylUTMQdjtp8=
3,-7,mBhmZZnR7WS1Lr9GpZCOiRPVKN8=,CGse535vTwGExIY8rfV6USNU13Y=
3,-5,mBhmZZnR7WS1Lr9GpZCOiRPVKN8=,bC8s3UV7eqw4sNkKylUTMQdjtp8=
0,-2,mBhmZZnR7WS1Lr9GpZCOiRPVKN8=,QwNrQAP2jorRDX3Eac0lD6M91/E=
0,-3,mBhmZZnR7WS1Lr9GpZCOiRPVKN8=,tM4HnkW4Spmjd+YC+LiMp0LaxSE=
0,-9,mBhmZZnR7WS1Lr9GpZCOiRPVKN8=,+G3fiknN0nnqynVInu77QiRg6m8=
0,-7,mBhmZZnR7WS1Lr9GpZCOiRPVKN8=,0Q0qlQKrptWEeOUbsZhtr7/PwD4=
0,-8,mBhmZZnR7WS1Lr9GpZCOiRPVKN8=,0Q0qlQKrptWEeOUbsZhtr7/PwD4=
2,-9,mBhmZZnR7WS1Lr9GpZCOiRPVKN8=,7WgPwhCqlG5upemwWpy6kvALbM8=
1,-10,mBhmZZnR7WS1Lr9GpZCOiRPVKN8=,+G3fiknN0nnqynVInu77QiRg6m8=
2,-10,mBhmZZnR7WS1Lr9GpZCOiRPVKN8=,7WgPwhCqlG5upemwWpy6kvALbM8=
1,-11,mBhmZZnR7WS1Lr9GpZCOiRPVKN8=,f96VpAGS8ZFg3IjOzpqh8sPz+ds=
2,-11,mBhmZZnR7WS1Lr9GpZCOiRPVKN8=,IfoBbhDD8HEu5PjNLIohs2r4pGE=
1,-12,mBhmZZnR7WS1Lr9GpZCOiRPVKN8=,f96VpAGS8ZFg3IjOzpqh8sPz+ds=
2,-12,mBhmZZnR7WS1Lr9GpZCOiRPVKN8=,IfoBbhDD8HEu5PjNLIohs2r4pGE=
0,-12,mBhmZZnR7WS1Lr9GpZCOiRPVKN8=,f96VpAGS8ZFg3IjOzpqh8sPz+ds=
0,-11,mBhmZZnR7WS1Lr9GpZCOiRPVKN8=,f96VpAGS8ZFg3IjOzpqh8sPz+ds=
0,-10,mBhmZZnR7WS1Lr9GpZCOiRPVKN8=,+G3fiknN0nnqynVInu77QiRg6m8=
1,-9,mBhmZZnR7WS1Lr9GpZCOiRPVKN8=,+G3fiknN0nnqynVInu77QiRg6m8=
0,-4,mBhmZZnR7WS1Lr9GpZCOiRPVKN8=,tM4HnkW4Spmjd+YC+LiMp0LaxSE=
1,-8,mBhmZZnR7WS1Lr9GpZCOiRPVKN8=,0Q0qlQKrptWEeOUbsZhtr7/PwD4=
2,-8,mBhmZZnR7WS1Lr9GpZCOiRPVKN8=,CGse535vTwGExIY8rfV6USNU13Y=
8,-8,mBhmZZnR7WS1Lr9GpZCOiRPVKN8=,FSqhhEy77HQqpMeyNtZ2jZZK0e4=
7,-8,mBhmZZnR7WS1Lr9GpZCOiRPVKN8=,FWgmHXV+FiqUz8Js6bIbMavKMNo=
9,-8,mBhmZZnR7WS1Lr9GpZCOiRPVKN8=,FSqhhEy77HQqpMeyNtZ2jZZK0e4=
9,-7,mBhmZZnR7WS1Lr9GpZCOiRPVKN8=,FSqhhEy77HQqpMeyNtZ2jZZK0e4=
9,-6,mBhmZZnR7WS1Lr9GpZCOiRPVKN8=,Y4cV+vjhvkqIMwoMCHxTyVYyyXc=
9,-4,mBhmZZnR7WS1Lr9GpZCOiRPVKN8=,+XZ9DsXehxw1yLA6vITFJv9D+cw=
9,-5,mBhmZZnR7WS1Lr9GpZCOiRPVKN8=,Y4cV+vjhvkqIMwoMCHxTyVYyyXc=
9,-3,mBhmZZnR7WS1Lr9GpZCOiRPVKN8=,+XZ9DsXehxw1yLA6vITFJv9D+cw=
7,-1,mBhmZZnR7WS1Lr9GpZCOiRPVKN8=,YVpeLcDWKZGY3Us5sbxoh+HC6Mo=
0,-1,mBhmZZnR7WS1Lr9GpZCOiRPVKN8=,QwNrQAP2jorRDX3Eac0lD6M91/E=
3,-12,mBhmZZnR7WS1Lr9GpZCOiRPVKN8=,IfoBbhDD8HEu5PjNLIohs2r4pGE=
6,-8,mBhmZZnR7WS1Lr9GpZCOiRPVKN8=,FWgmHXV+FiqUz8Js6bIbMavKMNo=
5,-10,mBhmZZnR7WS1Lr9GpZCOiRPVKN8=,vvGw+ceipTX2lVaKM8i3Xu/6Y+Q=
5,-8,mBhmZZnR7WS1Lr9GpZCOiRPVKN8=,Z6qDXF/buMTqFRPhf96hv/g81RI=
5,-9,mBhmZZnR7WS1Lr9GpZCOiRPVKN8=,vvGw+ceipTX2lVaKM8i3Xu/6Y+Q=
3,-11,mBhmZZnR7WS1Lr9GpZCOiRPVKN8=,IfoBbhDD8HEu5PjNLIohs2r4pGE=
3,-10,mBhmZZnR7WS1Lr9GpZCOiRPVKN8=,7WgPwhCqlG5upemwWpy6kvALbM8=
4,-10,mBhmZZnR7WS1Lr9GpZCOiRPVKN8=,vvGw+ceipTX2lVaKM8i3Xu/6Y+Q=
4,-8,mBhmZZnR7WS1Lr9GpZCOiRPVKN8=,Z6qDXF/buMTqFRPhf96hv/g81RI=
3,-9,mBhmZZnR7WS1Lr9GpZCOiRPVKN8=,7WgPwhCqlG5upemwWpy6kvALbM8=
4,-9,mBhmZZnR7WS1Lr9GpZCOiRPVKN8=,vvGw+ceipTX2lVaKM8i3Xu/6Y+Q=
3,-8,mBhmZZnR7WS1Lr9GpZCOiRPVKN8=,CGse535vTwGExIY8rfV6USNU13Y=
0,-5,mBhmZZnR7WS1Lr9GpZCOiRPVKN8=,a7K4Yi8NCAnFyF8zeP6cKZ1hmJ8=
0,-6,mBhmZZnR7WS1Lr9GpZCOiRPVKN8=,a7K4Yi8NCAnFyF8zeP6cKZ1hmJ8=
