0,0,fhXN0Nib9YyuGio8LbeAyEarZLo=,GDf72ftej5Y2gCR1OQTUX10TTko=
1,0,fhXN0Nib9YyuGio8LbeAyEarZLo=,GDf72ftej5Y2gCR1OQTUX10TTko=
0,3,fhXN0Nib9YyuGio8LbeAyEarZLo=,/HWlyCnWPIYA7ZVeLE1AZrucHaY=
0,2,fhXN0Nib9YyuGio8LbeAyEarZLo=,/HWlyCnWPIYA7ZVeLE1AZrucHaY=
2,0,fhXN0Nib9YyuGio8LbeAyEarZLo=,bvQPzNdGxLzAotncPR3RiEpV4ns=
3,0,fhXN0Nib9YyuGio8LbeAyEarZLo=,bvQPzNdGxLzAotncPR3RiEpV4ns=
0,1,fhXN0Nib9YyuGio8LbeAyEarZLo=,GDf72ftej5Y2gCR1OQTUX10TTko=
1,3,fhXN0Nib9YyuGio8LbeAyEarZLo=,/HWlyCnWPIYA7ZVeLE1AZrucHaY=
2,3,fhXN0Nib9YyuGio8LbeAyEarZLo=,mrksRgdgyKFdA97gfAiRSi/Fkdw=
1,2,fhXN0Nib9YyuGio8LbeAyEarZLo=,/HWlyCnWPIYA7ZVeLE1AZrucHaY=
2,1,fhXN0Nib9YyuGio8LbeAyEarZLo=,bvQPzNdGxLzAotncPR3RiEpV4ns=
3,3,fhXN0Nib9YyuGio8LbeAyEarZLo=,mrksRgdgyKFdA97gfAiRSi/Fkdw=
2,2,fhXN0Nib9YyuGio8LbeAyEarZLo=,mrksRgdgyKFdA97gfAiRSi/Fkdw=
3,1,fhXN0Nib9YyuGio8LbeAyEarZLo=,bvQPzNdGxLzAotncPR3RiEpV4ns=
3,2,fhXN0Nib9YyuGio8LbeAyEarZLo=,mrksRgdgyKFdA97gfAiRSi/Fkdw=
1,1,fhXN0Nib9YyuGio8LbeAyEarZLo=,GDf72ftej5Y2gCR1OQTUX10TTko=
