-1,-5,h23EvKtPeXLUxSHoR6bEpny+UyE=,K/vwxpK108CdZ1w5rGz4uWXTWYE=
-2,-4,h23EvKtPeXLUxSHoR6bEpny+UyE=,GIHtd1McynguTyYYsCzvXIwVxx8=
-1,-4,h23EvKtPeXLUxSHoR6bEpny+UyE=,2SQKiRuRS68lHngnohc9sul0aq8=
-3,-3,h23EvKtPeXLUxSHoR6bEpny+UyE=,r1JTbsL5COnt0UrPMonVieQs+50=
-2,-3,h23EvKtPeXLUxSHoR6bEpny+UyE=,/U5r+zNnvJK5xqe210f3xHSybD8=
-1,-3,h23EvKtPeXLUxSHoR6bEpny+UyE=,2SQKiRuRS68lHngnohc9sul0aq8=
-2,-2,h23EvKtPeXLUxSHoR6bEpny+UyE=,ar5ZTWefhPE5V+dfvAxkUa+hWxw=
-1,-2,h23EvKtPeXLUxSHoR6bEpny+UyE=,2SQKiRuRS68lHngnohc9sul0aq8=
-4,-1,pcs0cDpHFPhIRnCmkFhoPxdpgEc=,O6e/v+MN6nU5m4H8YdqVNYc4L4c=
-3,-1,pcs0cDpHFPhIRnCmkFhoPxdpgEc=,gfieqEl/YYOByjNNlBGFsWgwKCM=
-2,-1,pcs0cDpHFPhIRnCmkFhoPxdpgEc=,Zg27uOtHpHO20q5eHMg8DLJ8e0I=
-1,-1,pcs0cDpHFPhIRnCmkFhoPxdpgEc=,8z0A12XYWcJ1d9+6gKF9qySbuMw=
