0,-6,h23EvKtPeXLUxSHoR6bEpny+UyE=,tQdnSIJm/YWgl9kfQDt/DVEs6Ag=
1,-6,h23EvKtPeXLUxSHoR6bEpny+UyE=,tQdnSIJm/YWgl9kfQDt/DVEs6Ag=
0,-5,h23EvKtPeXLUxSHoR6bEpny+UyE=,tQdnSIJm/YWgl9kfQDt/DVEs6Ag=
1,-5,h23EvKtPeXLUxSHoR6bEpny+UyE=,tQdnSIJm/YWgl9kfQDt/DVEs6Ag=
2,-5,h23EvKtPeXLUxSHoR6bEpny+UyE=,tQdnSIJm/YWgl9kfQDt/DVEs6Ag=
0,-4,h23EvKtPeXLUxSHoR6bEpny+UyE=,cOcWEtv4E8nShVx9WK2wwyrPhHY=
1,-4,h23EvKtPeXLUxSHoR6bEpny+UyE=,2UGOF3fMbNYGHJBLuGqMnsRTkJ0=
2,-4,h23EvKtPeXLUxSHoR6bEpny+UyE=,tQdnSIJm/YWgl9kfQDt/DVEs6Ag=
3,-4,h23EvKtPeXLUxSHoR6bEpny+UyE=,tQdnSIJm/YWgl9kfQDt/DVEs6Ag=
4,-4,h23EvKtPeXLUxSHoR6bEpny+UyE=,tQdnSIJm/YWgl9kfQDt/DVEs6Ag=
0,-3,h23EvKtPeXLUxSHoR6bEpny+UyE=,oMH2/SIhnQz1NIJWoLa2Zq5CE4g=
1,-3,h23EvKtPeXLUxSHoR6bEpny+UyE=,JF0H747wzBRTqGyDTMqz1Ya9lqk=
2,-3,h23EvKtPeXLUxSHoR6bEpny+UyE=,tQdnSIJm/YWgl9kfQDt/DVEs6Ag=
3,-3,h23EvKtPeXLUxSHoR6bEpny+UyE=,tQdnSIJm/YWgl9kfQDt/DVEs6Ag=
4,-3,h23EvKtPeXLUxSHoR6bEpny+UyE=,tQdnSIJm/YWgl9kfQDt/DVEs6Ag=
0,-2,h23EvKtPeXLUxSHoR6bEpny+UyE=,oMH2/SIhnQz1NIJWoLa2Zq5CE4g=
1,-2,h23EvKtPeXLUxSHoR6bEpny+UyE=,JF0H747wzBRTqGyDTMqz1Ya9lqk=
2,-2,h23EvKtPeXLUxSHoR6bEpny+UyE=,tQdnSIJm/YWgl9kfQDt/DVEs6Ag=
3,-2,h23EvKtPeXLUxSHoR6bEpny+UyE=,tQdnSIJm/YWgl9kfQDt/DVEs6Ag=
4,-2,pcs0cDpHFPhIRnCmkFhoPxdpgEc=,tQdnSIJm/YWgl9kfQDt/DVEs6Ag=
0,-1,pcs0cDpHFPhIRnCmkFhoPxdpgEc=,tYThyybPOv/c2uYSiYP2orDNx6s=
1,-1,pcs0cDpHFPhIRnCmkFhoPxdpgEc=,TRzow3zFnMHvXhU1f7NaYgZNmXI=
2,-1,pcs0cDpHFPhIRnCmkFhoPxdpgEc=,tQdnSIJm/YWgl9kfQDt/DVEs6Ag=
3,-1,pcs0cDpHFPhIRnCmkFhoPxdpgEc=,tQdnSIJm/YWgl9kfQDt/DVEs6Ag=
