0,-3,pcs0cDpHFPhIRnCmkFhoPxdpgEc=,O6e/v+MN6nU5m4H8YdqVNYc4L4c=
1,-3,pcs0cDpHFPhIRnCmkFhoPxdpgEc=,Mk5DoTzzoPTE9Ov1nP2soFZiKdI=
0,-2,pcs0cDpHFPhIRnCmkFhoPxdpgEc=,O6e/v+MN6nU5m4H8YdqVNYc4L4c=
1,-2,pcs0cDpHFPhIRnCmkFhoPxdpgEc=,O6e/v+MN6nU5m4H8YdqVNYc4L4c=
2,-2,pcs0cDpHFPhIRnCmkFhoPxdpgEc=,f0pND8QQdqoEYlTe+v/ZDcsblvU=
0,-1,pcs0cDpHFPhIRnCmkFhoPxdpgEc=,0VnB0TLHBEaYB42d3sB99kZdR6I=
1,-1,pcs0cDpHFPhIRnCmkFhoPxdpgEc=,0VnB0TLHBEaYB42d3sB99kZdR6I=
2,-1,pcs0cDpHFPhIRnCmkFhoPxdpgEc=,5teiUpSmrnEtBq5rnGzOhVPW76Q=
